task_id,skill_id,edubench_scenario,subject,education_level,difficulty,context,user_prompt,expected_output,rubric,education_stage
lesson-builder__cn01_01,lesson-builder,Teaching Material Generation,Information Technology,Primary/secondary; grade unspecified,medium,An information-technology teacher is planning representations of programming concepts. The grade is unspecified except where stated in the question.,"I want to teach the concept of 'loops,' but students always confuse it with 'conditionals.' How can I design representations so students can clearly see the core features of loops?
Provide a concrete response to this case and a brief rationale. Include a feasible way to check the proposed learning or teaching action. State material assumptions. Hypothetical examples are allowed; do not claim unseen classroom outcomes. Equivalent defensible approaches are welcome.","Answer only this case. Accept equivalent correct approaches and examples.
Correctness: A loop repeats a body under a count or condition; a conditional chooses a branch on a given evaluation.
Illustrative application (equivalent approaches accepted; only explicit question requirements are mandatory): Contrast a three-repeat trace with one if statement using matched actions and ask students to predict a new trace.
Reject endorsement of: Calling a single branch selection a loop or claiming loops never contain conditions.","[{""id"": ""C1"", ""criterion"": ""Case check 1"", ""points"": 20.0, ""description"": ""Content check (equivalent correct explanations/examples accepted; the anchor example is not mandatory): A loop repeats a body under a count or condition; a conditional chooses a branch on a given evaluation."", ""critical"": true}, {""id"": ""C2"", ""criterion"": ""Case check 2"", ""points"": 20.0, ""description"": ""Provides a feasible, correct response to the actual user request. The following is an illustrative teaching approach, not a mandatory example, material, numeric value or fixed sequence unless explicitly requested in the question: Contrast a three-repeat trace with one if statement using matched actions and ask students to predict a new trace. Accept other approaches that meet the same stated objective; do not deduct merely for not reproducing this illustration."", ""critical"": false}, {""id"": ""C3"", ""criterion"": ""Case check 3"", ""points"": 20.0, ""description"": ""The response gives an observable way to check the explanation or next teaching action for this specific case; a check for an unrelated topic does not meet this requirement."", ""critical"": false}, {""id"": ""C4"", ""criterion"": ""Case check 4"", ""points"": 20.0, ""description"": ""The response addresses this case using the supplied facts and labels material assumptions or hypothetical examples when it introduces them. Do not require invented assumptions or a boilerplate disclaimer when none is needed; irrelevant or empty responses fail."", ""critical"": false}, {""id"": ""C5"", ""criterion"": ""Case check 5"", ""points"": 20.0, ""description"": ""Critical-error check: the response substantively addresses this case and does not endorse the following error; an irrelevant, empty or purely evasive response fails this criterion: Calling a single branch selection a loop or claiming loops never contain conditions."", ""critical"": true}]",mixed_k12
lesson-builder__cn01_02,lesson-builder,Teaching Material Generation,Information Technology,Primary/secondary; grade unspecified,medium,An information-technology teacher is planning representations of programming concepts. The grade is unspecified except where stated in the question.,"I want to teach using three methods: hands-on manipulation, animation demonstration, and code display. Will using multiple representations like this make students more confused?
Provide a concrete response to this case and a brief rationale. Include a feasible way to check the proposed learning or teaching action. State material assumptions. Hypothetical examples are allowed; do not claim unseen classroom outcomes. Equivalent defensible approaches are welcome.","Answer only this case. Accept equivalent correct approaches and examples.
Correctness: Representations need explicit correspondence, not simultaneous decorative duplication.
Illustrative application (equivalent approaches accepted; only explicit question requirements are mandatory): Sequence manipulation, a simple animation and code; align the same state changes and check a student's translation between two forms.
Reject endorsement of: Assuming adding modalities always improves learning.","[{""id"": ""C1"", ""criterion"": ""Case check 1"", ""points"": 20.0, ""description"": ""Content check (equivalent correct explanations/examples accepted; the anchor example is not mandatory): Representations need explicit correspondence, not simultaneous decorative duplication."", ""critical"": true}, {""id"": ""C2"", ""criterion"": ""Case check 2"", ""points"": 20.0, ""description"": ""Provides a feasible, correct response to the actual user request. The following is an illustrative teaching approach, not a mandatory example, material, numeric value or fixed sequence unless explicitly requested in the question: Sequence manipulation, a simple animation and code; align the same state changes and check a student's translation between two forms. Accept other approaches that meet the same stated objective; do not deduct merely for not reproducing this illustration."", ""critical"": false}, {""id"": ""C3"", ""criterion"": ""Case check 3"", ""points"": 20.0, ""description"": ""The response gives an observable way to check the explanation or next teaching action for this specific case; a check for an unrelated topic does not meet this requirement."", ""critical"": false}, {""id"": ""C4"", ""criterion"": ""Case check 4"", ""points"": 20.0, ""description"": ""The response addresses this case using the supplied facts and labels material assumptions or hypothetical examples when it introduces them. Do not require invented assumptions or a boilerplate disclaimer when none is needed; irrelevant or empty responses fail."", ""critical"": false}, {""id"": ""C5"", ""criterion"": ""Case check 5"", ""points"": 20.0, ""description"": ""Critical-error check: the response substantively addresses this case and does not endorse the following error; an irrelevant, empty or purely evasive response fails this criterion: Assuming adding modalities always improves learning."", ""critical"": true}]",mixed_k12
lesson-builder__cn01_03,lesson-builder,Teaching Material Generation,Information Technology,Primary/secondary; grade unspecified,medium,An information-technology teacher is planning representations of programming concepts. The grade is unspecified except where stated in the question.,"I used a detailed animation demonstration, but students still didn't understand after watching it. Is this due to students' cognitive limitations, or is there a problem with my representation design?
Provide a concrete response to this case and a brief rationale. Include a feasible way to check the proposed learning or teaching action. State material assumptions. Hypothetical examples are allowed; do not claim unseen classroom outcomes. Equivalent defensible approaches are welcome.","Answer only this case. Accept equivalent correct approaches and examples.
Correctness: Failure to learn from one animation cannot establish a child's cognitive limitation.
Illustrative application (equivalent approaches accepted; only explicit question requirements are mandatory): Check prior knowledge with a simple prediction, remove irrelevant motion, pause at state changes and compare explanations.
Reject endorsement of: Diagnosing a fixed inability from one lesson.","[{""id"": ""C1"", ""criterion"": ""Case check 1"", ""points"": 20.0, ""description"": ""Content check (equivalent correct explanations/examples accepted; the anchor example is not mandatory): Failure to learn from one animation cannot establish a child's cognitive limitation."", ""critical"": true}, {""id"": ""C2"", ""criterion"": ""Case check 2"", ""points"": 20.0, ""description"": ""Provides a feasible, correct response to the actual user request. The following is an illustrative teaching approach, not a mandatory example, material, numeric value or fixed sequence unless explicitly requested in the question: Check prior knowledge with a simple prediction, remove irrelevant motion, pause at state changes and compare explanations. Accept other approaches that meet the same stated objective; do not deduct merely for not reproducing this illustration."", ""critical"": false}, {""id"": ""C3"", ""criterion"": ""Case check 3"", ""points"": 20.0, ""description"": ""The response gives an observable way to check the explanation or next teaching action for this specific case; a check for an unrelated topic does not meet this requirement."", ""critical"": false}, {""id"": ""C4"", ""criterion"": ""Case check 4"", ""points"": 20.0, ""description"": ""The response addresses this case using the supplied facts and labels material assumptions or hypothetical examples when it introduces them. Do not require invented assumptions or a boilerplate disclaimer when none is needed; irrelevant or empty responses fail."", ""critical"": false}, {""id"": ""C5"", ""criterion"": ""Case check 5"", ""points"": 20.0, ""description"": ""Critical-error check: the response substantively addresses this case and does not endorse the following error; an irrelevant, empty or purely evasive response fails this criterion: Diagnosing a fixed inability from one lesson."", ""critical"": true}]",mixed_k12
lesson-builder__cn01_04,lesson-builder,Teaching Material Generation,Information Technology,Grade 5 (primary),medium,An information-technology teacher is planning representations of programming concepts. The grade is unspecified except where stated in the question.,"Fifth-grade students still do not understand the abstract concept of 'assignment.' Are there more concrete ways to represent it?
Provide a concrete response to this case and a brief rationale. Include a feasible way to check the proposed learning or teaching action. State material assumptions. Hypothetical examples are allowed; do not claim unseen classroom outcomes. Equivalent defensible approaches are welcome.","Answer only this case. Accept equivalent correct approaches and examples.
Correctness: Assignment updates a stored value; it is not mathematical equality.
Illustrative application (equivalent approaches accepted; only explicit question requirements are mandatory): Use labelled value cards and trace x=2 then x=x+1 to obtain 3; bridge from objects to code.
Reject endorsement of: Treating x=x+1 as an inconsistent equation in a programming trace.","[{""id"": ""C1"", ""criterion"": ""Case check 1"", ""points"": 20.0, ""description"": ""Content check (equivalent correct explanations/examples accepted; the anchor example is not mandatory): Assignment updates a stored value; it is not mathematical equality."", ""critical"": true}, {""id"": ""C2"", ""criterion"": ""Case check 2"", ""points"": 20.0, ""description"": ""Provides a feasible, correct response to the actual user request. The following is an illustrative teaching approach, not a mandatory example, material, numeric value or fixed sequence unless explicitly requested in the question: Use labelled value cards and trace x=2 then x=x+1 to obtain 3; bridge from objects to code. Accept other approaches that meet the same stated objective; do not deduct merely for not reproducing this illustration."", ""critical"": false}, {""id"": ""C3"", ""criterion"": ""Case check 3"", ""points"": 20.0, ""description"": ""The response gives an observable way to check the explanation or next teaching action for this specific case; a check for an unrelated topic does not meet this requirement."", ""critical"": false}, {""id"": ""C4"", ""criterion"": ""Case check 4"", ""points"": 20.0, ""description"": ""The response addresses this case using the supplied facts and labels material assumptions or hypothetical examples when it introduces them. Do not require invented assumptions or a boilerplate disclaimer when none is needed; irrelevant or empty responses fail."", ""critical"": false}, {""id"": ""C5"", ""criterion"": ""Case check 5"", ""points"": 20.0, ""description"": ""Critical-error check: the response substantively addresses this case and does not endorse the following error; an irrelevant, empty or purely evasive response fails this criterion: Treating x=x+1 as an inconsistent equation in a programming trace."", ""critical"": true}]",elementary
lesson-builder__cn01_05,lesson-builder,Teaching Material Generation,Information Technology,Primary/secondary; grade unspecified,medium,An information-technology teacher is planning representations of programming concepts. The grade is unspecified except where stated in the question.,"My design idea is good, but I cannot draw and I do not know how to use animation software. Are there ready-made templates?
Provide a concrete response to this case and a brief rationale. Include a feasible way to check the proposed learning or teaching action. State material assumptions. Hypothetical examples are allowed; do not claim unseen classroom outcomes. Equivalent defensible approaches are welcome.","Answer only this case. Accept equivalent correct approaches and examples.
Correctness: Low-skill templates can be drawn with boxes, arrows and numbered steps.
Illustrative application (equivalent approaches accepted; only explicit question requirements are mandatory): Supply a reusable text/table template and a filled example requiring no animation software.
Reject endorsement of: Inventing a downloadable template or requiring specialist drawing tools.","[{""id"": ""C1"", ""criterion"": ""Case check 1"", ""points"": 20.0, ""description"": ""Content check (equivalent correct explanations/examples accepted; the anchor example is not mandatory): Low-skill templates can be drawn with boxes, arrows and numbered steps."", ""critical"": true}, {""id"": ""C2"", ""criterion"": ""Case check 2"", ""points"": 20.0, ""description"": ""Provides a feasible, correct response to the actual user request. The following is an illustrative teaching approach, not a mandatory example, material, numeric value or fixed sequence unless explicitly requested in the question: Supply a reusable text/table template and a filled example requiring no animation software. Accept other approaches that meet the same stated objective; do not deduct merely for not reproducing this illustration."", ""critical"": false}, {""id"": ""C3"", ""criterion"": ""Case check 3"", ""points"": 20.0, ""description"": ""The response gives an observable way to check the explanation or next teaching action for this specific case; a check for an unrelated topic does not meet this requirement."", ""critical"": false}, {""id"": ""C4"", ""criterion"": ""Case check 4"", ""points"": 20.0, ""description"": ""The response addresses this case using the supplied facts and labels material assumptions or hypothetical examples when it introduces them. Do not require invented assumptions or a boilerplate disclaimer when none is needed; irrelevant or empty responses fail."", ""critical"": false}, {""id"": ""C5"", ""criterion"": ""Case check 5"", ""points"": 20.0, ""description"": ""Critical-error check: the response substantively addresses this case and does not endorse the following error; an irrelevant, empty or purely evasive response fails this criterion: Inventing a downloadable template or requiring specialist drawing tools."", ""critical"": true}]",mixed_k12
lesson-builder__cn01_06,lesson-builder,Teaching Material Generation,Information Technology,Primary/secondary; grade unspecified,medium,An information-technology teacher is planning representations of programming concepts. The grade is unspecified except where stated in the question.,"After students have mastered basic representations, how can I gradually move to more complex representations?
Provide a concrete response to this case and a brief rationale. Include a feasible way to check the proposed learning or teaching action. State material assumptions. Hypothetical examples are allowed; do not claim unseen classroom outcomes. Equivalent defensible approaches are welcome.","Answer only this case. Accept equivalent correct approaches and examples.
Correctness: Progression should preserve a concept while increasing one source of complexity at a time.
Illustrative application (equivalent approaches accepted; only explicit question requirements are mandatory): Show a concrete-to-trace-to-symbol progression with a readiness check and fallback.
Reject endorsement of: Advancing by age alone without checking understanding.","[{""id"": ""C1"", ""criterion"": ""Case check 1"", ""points"": 20.0, ""description"": ""Content check (equivalent correct explanations/examples accepted; the anchor example is not mandatory): Progression should preserve a concept while increasing one source of complexity at a time."", ""critical"": true}, {""id"": ""C2"", ""criterion"": ""Case check 2"", ""points"": 20.0, ""description"": ""Provides a feasible, correct response to the actual user request. The following is an illustrative teaching approach, not a mandatory example, material, numeric value or fixed sequence unless explicitly requested in the question: Show a concrete-to-trace-to-symbol progression with a readiness check and fallback. Accept other approaches that meet the same stated objective; do not deduct merely for not reproducing this illustration."", ""critical"": false}, {""id"": ""C3"", ""criterion"": ""Case check 3"", ""points"": 20.0, ""description"": ""The response gives an observable way to check the explanation or next teaching action for this specific case; a check for an unrelated topic does not meet this requirement."", ""critical"": false}, {""id"": ""C4"", ""criterion"": ""Case check 4"", ""points"": 20.0, ""description"": ""The response addresses this case using the supplied facts and labels material assumptions or hypothetical examples when it introduces them. Do not require invented assumptions or a boilerplate disclaimer when none is needed; irrelevant or empty responses fail."", ""critical"": false}, {""id"": ""C5"", ""criterion"": ""Case check 5"", ""points"": 20.0, ""description"": ""Critical-error check: the response substantively addresses this case and does not endorse the following error; an irrelevant, empty or purely evasive response fails this criterion: Advancing by age alone without checking understanding."", ""critical"": true}]",mixed_k12
lesson-builder__cn01_07,lesson-builder,Teaching Material Generation,Information Technology,Primary/secondary; grade unspecified,medium,An information-technology teacher is planning representations of programming concepts. The grade is unspecified except where stated in the question.,"I use the 'mailbox' analogy for variables, but this analogy breaks down when teaching 'arrays.' How can I design a representation that won't be easily invalidated?
Provide a concrete response to this case and a brief rationale. Include a feasible way to check the proposed learning or teaching action. State material assumptions. Hypothetical examples are allowed; do not claim unseen classroom outcomes. Equivalent defensible approaches are welcome.","Answer only this case. Accept equivalent correct approaches and examples.
Correctness: Every analogy has a boundary; arrays add indexed elements rather than an unlimited single mailbox.
Illustrative application (equivalent approaches accepted; only explicit question requirements are mandatory): Map numbered compartments to indices and values, state where the analogy fails and verify a read/update example.
Reject endorsement of: Promising an analogy that never breaks down.","[{""id"": ""C1"", ""criterion"": ""Case check 1"", ""points"": 20.0, ""description"": ""Content check (equivalent correct explanations/examples accepted; the anchor example is not mandatory): Every analogy has a boundary; arrays add indexed elements rather than an unlimited single mailbox."", ""critical"": true}, {""id"": ""C2"", ""criterion"": ""Case check 2"", ""points"": 20.0, ""description"": ""Provides a feasible, correct response to the actual user request. The following is an illustrative teaching approach, not a mandatory example, material, numeric value or fixed sequence unless explicitly requested in the question: Map numbered compartments to indices and values, state where the analogy fails and verify a read/update example. Accept other approaches that meet the same stated objective; do not deduct merely for not reproducing this illustration."", ""critical"": false}, {""id"": ""C3"", ""criterion"": ""Case check 3"", ""points"": 20.0, ""description"": ""The response gives an observable way to check the explanation or next teaching action for this specific case; a check for an unrelated topic does not meet this requirement."", ""critical"": false}, {""id"": ""C4"", ""criterion"": ""Case check 4"", ""points"": 20.0, ""description"": ""The response addresses this case using the supplied facts and labels material assumptions or hypothetical examples when it introduces them. Do not require invented assumptions or a boilerplate disclaimer when none is needed; irrelevant or empty responses fail."", ""critical"": false}, {""id"": ""C5"", ""criterion"": ""Case check 5"", ""points"": 20.0, ""description"": ""Critical-error check: the response substantively addresses this case and does not endorse the following error; an irrelevant, empty or purely evasive response fails this criterion: Promising an analogy that never breaks down."", ""critical"": true}]",mixed_k12
lesson-builder__cn01_08,lesson-builder,Teaching Material Generation,Information Technology,Primary/secondary; grade unspecified,medium,An information-technology teacher is planning representations of programming concepts. The grade is unspecified except where stated in the question.,"There are students with different learning styles in my class. How can I design representations to accommodate different learning styles?
Provide a concrete response to this case and a brief rationale. Include a feasible way to check the proposed learning or teaching action. State material assumptions. Hypothetical examples are allowed; do not claim unseen classroom outcomes. Equivalent defensible approaches are welcome.
Distinguish learner preferences and accessibility needs from the claim that teaching must match fixed learning-style types.","Answer only this case. Accept equivalent correct approaches and examples.
Correctness: Preferences and access needs do not imply fixed visual/auditory/kinesthetic learner types.
Illustrative application (equivalent approaches accepted; only explicit question requirements are mandatory): Offer linked representations chosen for content and accessibility, then check understanding rather than sorting students into permanent types.
Reject endorsement of: Claiming matching teaching to a fixed learning-style label guarantees better learning.","[{""id"": ""C1"", ""criterion"": ""Case check 1"", ""points"": 20.0, ""description"": ""Content check (equivalent correct explanations/examples accepted; the anchor example is not mandatory): Preferences and access needs do not imply fixed visual/auditory/kinesthetic learner types."", ""critical"": true}, {""id"": ""C2"", ""criterion"": ""Case check 2"", ""points"": 20.0, ""description"": ""Provides a feasible, correct response to the actual user request. The following is an illustrative teaching approach, not a mandatory example, material, numeric value or fixed sequence unless explicitly requested in the question: Offer linked representations chosen for content and accessibility, then check understanding rather than sorting students into permanent types. Accept other approaches that meet the same stated objective; do not deduct merely for not reproducing this illustration."", ""critical"": false}, {""id"": ""C3"", ""criterion"": ""Case check 3"", ""points"": 20.0, ""description"": ""The response gives an observable way to check the explanation or next teaching action for this specific case; a check for an unrelated topic does not meet this requirement."", ""critical"": false}, {""id"": ""C4"", ""criterion"": ""Case check 4"", ""points"": 20.0, ""description"": ""The response addresses this case using the supplied facts and labels material assumptions or hypothetical examples when it introduces them. Do not require invented assumptions or a boilerplate disclaimer when none is needed; irrelevant or empty responses fail."", ""critical"": false}, {""id"": ""C5"", ""criterion"": ""Case check 5"", ""points"": 20.0, ""description"": ""Critical-error check: the response substantively addresses this case and does not endorse the following error; an irrelevant, empty or purely evasive response fails this criterion: Claiming matching teaching to a fixed learning-style label guarantees better learning."", ""critical"": true}]",mixed_k12
lesson-builder__cn01_09,lesson-builder,Teaching Material Generation,Information Technology,Primary/secondary; grade unspecified,medium,An information-technology teacher is planning representations of programming concepts. The grade is unspecified except where stated in the question.,"I designed a new representation, but I am not sure whether it really helps students understand. How can I quickly evaluate the effectiveness of a representation?
Provide a concrete response to this case and a brief rationale. Include a feasible way to check the proposed learning or teaching action. State material assumptions. Hypothetical examples are allowed; do not claim unseen classroom outcomes. Equivalent defensible approaches are welcome.","Answer only this case. Accept equivalent correct approaches and examples.
Correctness: A representation should improve interpretation or transfer, not just enjoyment.
Illustrative application (equivalent approaches accepted; only explicit question requirements are mandatory): Compare an initial prediction and a new application with a short explanation; identify a revision from the errors.
Reject endorsement of: Treating liking an animation as proof of conceptual understanding.","[{""id"": ""C1"", ""criterion"": ""Case check 1"", ""points"": 20.0, ""description"": ""Content check (equivalent correct explanations/examples accepted; the anchor example is not mandatory): A representation should improve interpretation or transfer, not just enjoyment."", ""critical"": true}, {""id"": ""C2"", ""criterion"": ""Case check 2"", ""points"": 20.0, ""description"": ""Provides a feasible, correct response to the actual user request. The following is an illustrative teaching approach, not a mandatory example, material, numeric value or fixed sequence unless explicitly requested in the question: Compare an initial prediction and a new application with a short explanation; identify a revision from the errors. Accept other approaches that meet the same stated objective; do not deduct merely for not reproducing this illustration."", ""critical"": false}, {""id"": ""C3"", ""criterion"": ""Case check 3"", ""points"": 20.0, ""description"": ""The response gives an observable way to check the explanation or next teaching action for this specific case; a check for an unrelated topic does not meet this requirement."", ""critical"": false}, {""id"": ""C4"", ""criterion"": ""Case check 4"", ""points"": 20.0, ""description"": ""The response addresses this case using the supplied facts and labels material assumptions or hypothetical examples when it introduces them. Do not require invented assumptions or a boilerplate disclaimer when none is needed; irrelevant or empty responses fail."", ""critical"": false}, {""id"": ""C5"", ""criterion"": ""Case check 5"", ""points"": 20.0, ""description"": ""Critical-error check: the response substantively addresses this case and does not endorse the following error; an irrelevant, empty or purely evasive response fails this criterion: Treating liking an animation as proof of conceptual understanding."", ""critical"": true}]",mixed_k12
lesson-builder__cn01_10,lesson-builder,Teaching Material Generation,Information Technology,Grade 6 (primary),medium,An information-technology teacher is planning representations of programming concepts. The grade is unspecified except where stated in the question.,"I want to design a complete representation plan for the concept of 'recursion.' This concept is highly abstract. How should I design it so sixth-grade students can understand it?
Provide a concrete response to this case and a brief rationale. Include a feasible way to check the proposed learning or teaching action. State material assumptions. Hypothetical examples are allowed; do not claim unseen classroom outcomes. Equivalent defensible approaches are welcome.","Answer only this case. Accept equivalent correct approaches and examples.
Correctness: For a terminating introductory recursive algorithm, identify a base case and a well-founded progress measure toward it; recursive calls need not literally reduce a numeric argument.
Illustrative application (equivalent approaches accepted; only explicit question requirements are mandatory): Use a short count-down example with n=3, a visible call-and-return trace and a check for a missing base case.
Reject endorsement of: Infinite self-calls without a stopping condition or asserting all recursion is efficient.","[{""id"": ""C1"", ""criterion"": ""Case check 1"", ""points"": 20.0, ""description"": ""Content check (equivalent correct explanations/examples accepted; the anchor example is not mandatory): For a terminating introductory recursive algorithm, identify a base case and a well-founded progress measure toward it; recursive calls need not literally reduce a numeric argument."", ""critical"": true}, {""id"": ""C2"", ""criterion"": ""Case check 2"", ""points"": 20.0, ""description"": ""Provides a feasible, correct response to the actual user request. The following is an illustrative teaching approach, not a mandatory example, material, numeric value or fixed sequence unless explicitly requested in the question: Use a short count-down example with n=3, a visible call-and-return trace and a check for a missing base case. Accept other approaches that meet the same stated objective; do not deduct merely for not reproducing this illustration."", ""critical"": false}, {""id"": ""C3"", ""criterion"": ""Case check 3"", ""points"": 20.0, ""description"": ""The response gives an observable way to check the explanation or next teaching action for this specific case; a check for an unrelated topic does not meet this requirement."", ""critical"": false}, {""id"": ""C4"", ""criterion"": ""Case check 4"", ""points"": 20.0, ""description"": ""The response addresses this case using the supplied facts and labels material assumptions or hypothetical examples when it introduces them. Do not require invented assumptions or a boilerplate disclaimer when none is needed; irrelevant or empty responses fail."", ""critical"": false}, {""id"": ""C5"", ""criterion"": ""Case check 5"", ""points"": 20.0, ""description"": ""Critical-error check: the response substantively addresses this case and does not endorse the following error; an irrelevant, empty or purely evasive response fails this criterion: Infinite self-calls without a stopping condition or asserting all recursion is efficient."", ""critical"": true}]",elementary
lesson-builder__cn02_01,lesson-builder,Teaching Material Generation,Mathematics,Primary School,medium,"A primary-school teacher is designing a mathematics or information-technology lesson opening. Local landmark references are scenario premises, not verified architectural descriptions.","I'm going to teach the make-a-ten method. This concept is very abstract. I want to use AI to generate a scenario, but I don't know how to turn the abstract 'make a ten' into a concrete image students can understand. What suggestions do you have?
Provide a concrete response to this case and a brief rationale. Include a feasible way to check the proposed learning or teaching action. State material assumptions. Hypothetical examples are allowed; do not claim unseen classroom outcomes. Equivalent defensible approaches are welcome.","Answer only this case. Accept equivalent correct approaches and examples.
Correctness: Making ten decomposes one addend while preserving the sum; 8+5=8+2+3=13.
Illustrative application (equivalent approaches accepted; only explicit question requirements are mandatory): Design a simple ten-frame story with visible quantities, a pause for prediction and an answer check.
Reject endorsement of: AI artwork with mismatched counts or an unrelated entertaining story.","[{""id"": ""C1"", ""criterion"": ""Case check 1"", ""points"": 20.0, ""description"": ""Content check (equivalent correct explanations/examples accepted; the anchor example is not mandatory): Making ten decomposes one addend while preserving the sum; 8+5=8+2+3=13."", ""critical"": true}, {""id"": ""C2"", ""criterion"": ""Case check 2"", ""points"": 20.0, ""description"": ""Provides a feasible, correct response to the actual user request. The following is an illustrative teaching approach, not a mandatory example, material, numeric value or fixed sequence unless explicitly requested in the question: Design a simple ten-frame story with visible quantities, a pause for prediction and an answer check. Accept other approaches that meet the same stated objective; do not deduct merely for not reproducing this illustration."", ""critical"": false}, {""id"": ""C3"", ""criterion"": ""Case check 3"", ""points"": 20.0, ""description"": ""The response gives an observable way to check the explanation or next teaching action for this specific case; a check for an unrelated topic does not meet this requirement."", ""critical"": false}, {""id"": ""C4"", ""criterion"": ""Case check 4"", ""points"": 20.0, ""description"": ""The response addresses this case using the supplied facts and labels material assumptions or hypothetical examples when it introduces them. Do not require invented assumptions or a boilerplate disclaimer when none is needed; irrelevant or empty responses fail."", ""critical"": false}, {""id"": ""C5"", ""criterion"": ""Case check 5"", ""points"": 20.0, ""description"": ""Critical-error check: the response substantively addresses this case and does not endorse the following error; an irrelevant, empty or purely evasive response fails this criterion: AI artwork with mismatched counts or an unrelated entertaining story."", ""critical"": true}]",elementary
lesson-builder__cn02_02,lesson-builder,Teaching Material Generation,Mathematics,Primary School,medium,"A primary-school teacher is designing a mathematics or information-technology lesson opening. Local landmark references are scenario premises, not verified architectural descriptions.","I only have 1-2 days to prepare, and I need to design a situational lead-in for an open class. I want to use AI to quickly generate materials, but I'm worried the quality won't be good. How can I generate high-quality situational materials within the limited time?
Provide a concrete response to this case and a brief rationale. Include a feasible way to check the proposed learning or teaching action. State material assumptions. Hypothetical examples are allowed; do not claim unseen classroom outcomes. Equivalent defensible approaches are welcome.","Answer only this case. Accept equivalent correct approaches and examples.
Correctness: Short preparation favors one clear objective and a reusable simple asset.
Illustrative application (equivalent approaches accepted; only explicit question requirements are mandatory): Give a one-to-two-day workflow for generating, checking and rehearsing one lead-in with a paper backup.
Reject endorsement of: Publishing unchecked AI content or promising tool output is automatically accurate.","[{""id"": ""C1"", ""criterion"": ""Case check 1"", ""points"": 20.0, ""description"": ""Content check (equivalent correct explanations/examples accepted; the anchor example is not mandatory): Short preparation favors one clear objective and a reusable simple asset."", ""critical"": true}, {""id"": ""C2"", ""criterion"": ""Case check 2"", ""points"": 20.0, ""description"": ""Provides a feasible, correct response to the actual user request. The following is an illustrative teaching approach, not a mandatory example, material, numeric value or fixed sequence unless explicitly requested in the question: Give a one-to-two-day workflow for generating, checking and rehearsing one lead-in with a paper backup. Accept other approaches that meet the same stated objective; do not deduct merely for not reproducing this illustration."", ""critical"": false}, {""id"": ""C3"", ""criterion"": ""Case check 3"", ""points"": 20.0, ""description"": ""The response gives an observable way to check the explanation or next teaching action for this specific case; a check for an unrelated topic does not meet this requirement."", ""critical"": false}, {""id"": ""C4"", ""criterion"": ""Case check 4"", ""points"": 20.0, ""description"": ""The response addresses this case using the supplied facts and labels material assumptions or hypothetical examples when it introduces them. Do not require invented assumptions or a boilerplate disclaimer when none is needed; irrelevant or empty responses fail."", ""critical"": false}, {""id"": ""C5"", ""criterion"": ""Case check 5"", ""points"": 20.0, ""description"": ""Critical-error check: the response substantively addresses this case and does not endorse the following error; an irrelevant, empty or purely evasive response fails this criterion: Publishing unchecked AI content or promising tool output is automatically accurate."", ""critical"": true}]",elementary
lesson-builder__cn02_03,lesson-builder,Teaching Material Generation,Mathematics,Primary School,medium,"A primary-school teacher is designing a mathematics or information-technology lesson opening. Local landmark references are scenario premises, not verified architectural descriptions.","My school is near 'Cross Street,' and students are very familiar with this place. I want to design a math scenario set against 'Cross Street,' but how can I make this local material effectively lead into the math concept I want to teach?
Provide a concrete response to this case and a brief rationale. Include a feasible way to check the proposed learning or teaching action. State material assumptions. Hypothetical examples are allowed; do not claim unseen classroom outcomes. Equivalent defensible approaches are welcome.","Answer only this case. Accept equivalent correct approaches and examples.
Correctness: A familiar location is a context, not a mathematical connection by itself.
Illustrative application (equivalent approaches accepted; only explicit question requirements are mandatory): State an assumed target concept and connect clearly labelled synthetic local data to a mathematical question.
Reject endorsement of: Inventing real local prices or relying on landmark recognition to demonstrate mathematics.","[{""id"": ""C1"", ""criterion"": ""Case check 1"", ""points"": 20.0, ""description"": ""Content check (equivalent correct explanations/examples accepted; the anchor example is not mandatory): A familiar location is a context, not a mathematical connection by itself."", ""critical"": true}, {""id"": ""C2"", ""criterion"": ""Case check 2"", ""points"": 20.0, ""description"": ""Provides a feasible, correct response to the actual user request. The following is an illustrative teaching approach, not a mandatory example, material, numeric value or fixed sequence unless explicitly requested in the question: State an assumed target concept and connect clearly labelled synthetic local data to a mathematical question. Accept other approaches that meet the same stated objective; do not deduct merely for not reproducing this illustration."", ""critical"": false}, {""id"": ""C3"", ""criterion"": ""Case check 3"", ""points"": 20.0, ""description"": ""The response gives an observable way to check the explanation or next teaching action for this specific case; a check for an unrelated topic does not meet this requirement."", ""critical"": false}, {""id"": ""C4"", ""criterion"": ""Case check 4"", ""points"": 20.0, ""description"": ""The response addresses this case using the supplied facts and labels material assumptions or hypothetical examples when it introduces them. Do not require invented assumptions or a boilerplate disclaimer when none is needed; irrelevant or empty responses fail."", ""critical"": false}, {""id"": ""C5"", ""criterion"": ""Case check 5"", ""points"": 20.0, ""description"": ""Critical-error check: the response substantively addresses this case and does not endorse the following error; an irrelevant, empty or purely evasive response fails this criterion: Inventing real local prices or relying on landmark recognition to demonstrate mathematics."", ""critical"": true}]",elementary
lesson-builder__cn02_04,lesson-builder,Teaching Material Generation,Mathematics,Primary School,medium,"A primary-school teacher is designing a mathematics or information-technology lesson opening. Local landmark references are scenario premises, not verified architectural descriptions.","In an open class, what should I do if the multimedia fails or the AI video won't play? Do I need to prepare a backup plan? How can I use AI without over-relying on technology?
Provide a concrete response to this case and a brief rationale. Include a feasible way to check the proposed learning or teaching action. State material assumptions. Hypothetical examples are allowed; do not claim unseen classroom outcomes. Equivalent defensible approaches are welcome.","Answer only this case. Accept equivalent correct approaches and examples.
Correctness: The learning task should still work when playback fails.
Illustrative application (equivalent approaches accepted; only explicit question requirements are mandatory): Provide a paper/object version using the same quantities and questions and a brief rehearsal check.
Reject endorsement of: Treating a video as the only possible route to learning.","[{""id"": ""C1"", ""criterion"": ""Case check 1"", ""points"": 20.0, ""description"": ""Content check (equivalent correct explanations/examples accepted; the anchor example is not mandatory): The learning task should still work when playback fails."", ""critical"": true}, {""id"": ""C2"", ""criterion"": ""Case check 2"", ""points"": 20.0, ""description"": ""Provides a feasible, correct response to the actual user request. The following is an illustrative teaching approach, not a mandatory example, material, numeric value or fixed sequence unless explicitly requested in the question: Provide a paper/object version using the same quantities and questions and a brief rehearsal check. Accept other approaches that meet the same stated objective; do not deduct merely for not reproducing this illustration."", ""critical"": false}, {""id"": ""C3"", ""criterion"": ""Case check 3"", ""points"": 20.0, ""description"": ""The response gives an observable way to check the explanation or next teaching action for this specific case; a check for an unrelated topic does not meet this requirement."", ""critical"": false}, {""id"": ""C4"", ""criterion"": ""Case check 4"", ""points"": 20.0, ""description"": ""The response addresses this case using the supplied facts and labels material assumptions or hypothetical examples when it introduces them. Do not require invented assumptions or a boilerplate disclaimer when none is needed; irrelevant or empty responses fail."", ""critical"": false}, {""id"": ""C5"", ""criterion"": ""Case check 5"", ""points"": 20.0, ""description"": ""Critical-error check: the response substantively addresses this case and does not endorse the following error; an irrelevant, empty or purely evasive response fails this criterion: Treating a video as the only possible route to learning."", ""critical"": true}]",elementary
lesson-builder__cn02_05,lesson-builder,Teaching Material Generation,Mathematics,Primary School,medium,"A primary-school teacher is designing a mathematics or information-technology lesson opening. Local landmark references are scenario premises, not verified architectural descriptions.","The AI animation I generated is very flashy, and the students were very excited when watching it. But the problem is that they seem to have been attracted by the animation and instead did not pay attention to the math knowledge point I wanted to teach. How can I make the scenario both interesting and effective in leading to the knowledge?
Provide a concrete response to this case and a brief rationale. Include a feasible way to check the proposed learning or teaching action. State material assumptions. Hypothetical examples are allowed; do not claim unseen classroom outcomes. Equivalent defensible approaches are welcome.","Answer only this case. Accept equivalent correct approaches and examples.
Correctness: Interesting details should focus attention on the mathematical relation.
Illustrative application (equivalent approaches accepted; only explicit question requirements are mandatory): Remove decorative motion, mark the relevant objects and pause for a prediction linked to the target.
Reject endorsement of: Equating excitement with learning.","[{""id"": ""C1"", ""criterion"": ""Case check 1"", ""points"": 20.0, ""description"": ""Content check (equivalent correct explanations/examples accepted; the anchor example is not mandatory): Interesting details should focus attention on the mathematical relation."", ""critical"": true}, {""id"": ""C2"", ""criterion"": ""Case check 2"", ""points"": 20.0, ""description"": ""Provides a feasible, correct response to the actual user request. The following is an illustrative teaching approach, not a mandatory example, material, numeric value or fixed sequence unless explicitly requested in the question: Remove decorative motion, mark the relevant objects and pause for a prediction linked to the target. Accept other approaches that meet the same stated objective; do not deduct merely for not reproducing this illustration."", ""critical"": false}, {""id"": ""C3"", ""criterion"": ""Case check 3"", ""points"": 20.0, ""description"": ""The response gives an observable way to check the explanation or next teaching action for this specific case; a check for an unrelated topic does not meet this requirement."", ""critical"": false}, {""id"": ""C4"", ""criterion"": ""Case check 4"", ""points"": 20.0, ""description"": ""The response addresses this case using the supplied facts and labels material assumptions or hypothetical examples when it introduces them. Do not require invented assumptions or a boilerplate disclaimer when none is needed; irrelevant or empty responses fail."", ""critical"": false}, {""id"": ""C5"", ""criterion"": ""Case check 5"", ""points"": 20.0, ""description"": ""Critical-error check: the response substantively addresses this case and does not endorse the following error; an irrelevant, empty or purely evasive response fails this criterion: Equating excitement with learning."", ""critical"": true}]",elementary
lesson-builder__cn02_06,lesson-builder,Teaching Material Generation,Mathematics,Primary School,medium,"A primary-school teacher is designing a mathematics or information-technology lesson opening. Local landmark references are scenario premises, not verified architectural descriptions.","I teach both mathematics and information technology. Are there differences in scenario design between the two subjects? Can I use the same methods for both?
Provide a concrete response to this case and a brief rationale. Include a feasible way to check the proposed learning or teaching action. State material assumptions. Hypothetical examples are allowed; do not claim unseen classroom outcomes. Equivalent defensible approaches are welcome.","Answer only this case. Accept equivalent correct approaches and examples.
Correctness: The design principle transfers but the subject-specific action differs.
Illustrative application (equivalent approaches accepted; only explicit question requirements are mandatory): Compare a mathematics quantity/relation task with an information-technology state/algorithm task and specify one check for each.
Reject endorsement of: Reusing identical questions regardless of learning goal.","[{""id"": ""C1"", ""criterion"": ""Case check 1"", ""points"": 20.0, ""description"": ""Content check (equivalent correct explanations/examples accepted; the anchor example is not mandatory): The design principle transfers but the subject-specific action differs."", ""critical"": true}, {""id"": ""C2"", ""criterion"": ""Case check 2"", ""points"": 20.0, ""description"": ""Provides a feasible, correct response to the actual user request. The following is an illustrative teaching approach, not a mandatory example, material, numeric value or fixed sequence unless explicitly requested in the question: Compare a mathematics quantity/relation task with an information-technology state/algorithm task and specify one check for each. Accept other approaches that meet the same stated objective; do not deduct merely for not reproducing this illustration."", ""critical"": false}, {""id"": ""C3"", ""criterion"": ""Case check 3"", ""points"": 20.0, ""description"": ""The response gives an observable way to check the explanation or next teaching action for this specific case; a check for an unrelated topic does not meet this requirement."", ""critical"": false}, {""id"": ""C4"", ""criterion"": ""Case check 4"", ""points"": 20.0, ""description"": ""The response addresses this case using the supplied facts and labels material assumptions or hypothetical examples when it introduces them. Do not require invented assumptions or a boilerplate disclaimer when none is needed; irrelevant or empty responses fail."", ""critical"": false}, {""id"": ""C5"", ""criterion"": ""Case check 5"", ""points"": 20.0, ""description"": ""Critical-error check: the response substantively addresses this case and does not endorse the following error; an irrelevant, empty or purely evasive response fails this criterion: Reusing identical questions regardless of learning goal."", ""critical"": true}]",elementary
lesson-builder__cn02_07,lesson-builder,Teaching Material Generation,Mathematics,Primary School,medium,"A primary-school teacher is designing a mathematics or information-technology lesson opening. Local landmark references are scenario premises, not verified architectural descriptions.","Nowadays, lesson evaluations for open classes especially value whether AI technology was used. I'm afraid that if I don't use AI, the evaluating teachers won't be satisfied. But I also don't want to 'use AI for the sake of AI.' How can I organically integrate AI and teaching?
Provide a concrete response to this case and a brief rationale. Include a feasible way to check the proposed learning or teaching action. State material assumptions. Hypothetical examples are allowed; do not claim unseen classroom outcomes. Equivalent defensible approaches are welcome.","Answer only this case. Accept equivalent correct approaches and examples.
Correctness: AI use needs a demonstrable contribution to the learning objective.
Illustrative application (equivalent approaches accepted; only explicit question requirements are mandatory): Give an example where AI reduces preparation or enables a useful representation and a non-AI equivalent.
Reject endorsement of: Claiming AI presence alone establishes lesson quality.","[{""id"": ""C1"", ""criterion"": ""Case check 1"", ""points"": 20.0, ""description"": ""Content check (equivalent correct explanations/examples accepted; the anchor example is not mandatory): AI use needs a demonstrable contribution to the learning objective."", ""critical"": true}, {""id"": ""C2"", ""criterion"": ""Case check 2"", ""points"": 20.0, ""description"": ""Provides a feasible, correct response to the actual user request. The following is an illustrative teaching approach, not a mandatory example, material, numeric value or fixed sequence unless explicitly requested in the question: Give an example where AI reduces preparation or enables a useful representation and a non-AI equivalent. Accept other approaches that meet the same stated objective; do not deduct merely for not reproducing this illustration."", ""critical"": false}, {""id"": ""C3"", ""criterion"": ""Case check 3"", ""points"": 20.0, ""description"": ""The response gives an observable way to check the explanation or next teaching action for this specific case; a check for an unrelated topic does not meet this requirement."", ""critical"": false}, {""id"": ""C4"", ""criterion"": ""Case check 4"", ""points"": 20.0, ""description"": ""The response addresses this case using the supplied facts and labels material assumptions or hypothetical examples when it introduces them. Do not require invented assumptions or a boilerplate disclaimer when none is needed; irrelevant or empty responses fail."", ""critical"": false}, {""id"": ""C5"", ""criterion"": ""Case check 5"", ""points"": 20.0, ""description"": ""Critical-error check: the response substantively addresses this case and does not endorse the following error; an irrelevant, empty or purely evasive response fails this criterion: Claiming AI presence alone establishes lesson quality."", ""critical"": true}]",elementary
lesson-builder__cn02_08,lesson-builder,Teaching Material Generation,Mathematics,Primary School,medium,"A primary-school teacher is designing a mathematics or information-technology lesson opening. Local landmark references are scenario premises, not verified architectural descriptions.","Students in my class come from different backgrounds and have different levels of familiarity with local culture and landmarks. How can I design a scenario that uses local features but does not make some students feel unfamiliar?
Provide a concrete response to this case and a brief rationale. Include a feasible way to check the proposed learning or teaching action. State material assumptions. Hypothetical examples are allowed; do not claim unseen classroom outcomes. Equivalent defensible approaches are welcome.","Answer only this case. Accept equivalent correct approaches and examples.
Correctness: Local context must be understandable to students who do not know the landmark.
Illustrative application (equivalent approaches accepted; only explicit question requirements are mandatory): Supply a simple picture or explanation and an equivalent familiar choice without testing cultural familiarity.
Reject endorsement of: Treating unfamiliarity with a landmark as low mathematical ability.","[{""id"": ""C1"", ""criterion"": ""Case check 1"", ""points"": 20.0, ""description"": ""Content check (equivalent correct explanations/examples accepted; the anchor example is not mandatory): Local context must be understandable to students who do not know the landmark."", ""critical"": true}, {""id"": ""C2"", ""criterion"": ""Case check 2"", ""points"": 20.0, ""description"": ""Provides a feasible, correct response to the actual user request. The following is an illustrative teaching approach, not a mandatory example, material, numeric value or fixed sequence unless explicitly requested in the question: Supply a simple picture or explanation and an equivalent familiar choice without testing cultural familiarity. Accept other approaches that meet the same stated objective; do not deduct merely for not reproducing this illustration."", ""critical"": false}, {""id"": ""C3"", ""criterion"": ""Case check 3"", ""points"": 20.0, ""description"": ""The response gives an observable way to check the explanation or next teaching action for this specific case; a check for an unrelated topic does not meet this requirement."", ""critical"": false}, {""id"": ""C4"", ""criterion"": ""Case check 4"", ""points"": 20.0, ""description"": ""The response addresses this case using the supplied facts and labels material assumptions or hypothetical examples when it introduces them. Do not require invented assumptions or a boilerplate disclaimer when none is needed; irrelevant or empty responses fail."", ""critical"": false}, {""id"": ""C5"", ""criterion"": ""Case check 5"", ""points"": 20.0, ""description"": ""Critical-error check: the response substantively addresses this case and does not endorse the following error; an irrelevant, empty or purely evasive response fails this criterion: Treating unfamiliarity with a landmark as low mathematical ability."", ""critical"": true}]",elementary
lesson-builder__cn02_09,lesson-builder,Teaching Material Generation,Mathematics,Primary School,medium,"A primary-school teacher is designing a mathematics or information-technology lesson opening. Local landmark references are scenario premises, not verified architectural descriptions.","AI generated a very good video material for me. But I don't know how to effectively integrate this video into the complete instructional design. Where in the lead-in segment should the video be placed? How much viewing time should I give students? How should I ask questions and interact?
Provide a concrete response to this case and a brief rationale. Include a feasible way to check the proposed learning or teaching action. State material assumptions. Hypothetical examples are allowed; do not claim unseen classroom outcomes. Equivalent defensible approaches are welcome.","Answer only this case. Accept equivalent correct approaches and examples.
Correctness: The video belongs inside an observe-predict-discuss sequence rather than replacing instruction.
Illustrative application (equivalent approaches accepted; only explicit question requirements are mandatory): Specify a short viewing segment, pause question and follow-up application with an adjustable duration.
Reject endorsement of: Filling the lead-in with uninterrupted viewing and no learning check.","[{""id"": ""C1"", ""criterion"": ""Case check 1"", ""points"": 20.0, ""description"": ""Content check (equivalent correct explanations/examples accepted; the anchor example is not mandatory): The video belongs inside an observe-predict-discuss sequence rather than replacing instruction."", ""critical"": true}, {""id"": ""C2"", ""criterion"": ""Case check 2"", ""points"": 20.0, ""description"": ""Provides a feasible, correct response to the actual user request. The following is an illustrative teaching approach, not a mandatory example, material, numeric value or fixed sequence unless explicitly requested in the question: Specify a short viewing segment, pause question and follow-up application with an adjustable duration. Accept other approaches that meet the same stated objective; do not deduct merely for not reproducing this illustration."", ""critical"": false}, {""id"": ""C3"", ""criterion"": ""Case check 3"", ""points"": 20.0, ""description"": ""The response gives an observable way to check the explanation or next teaching action for this specific case; a check for an unrelated topic does not meet this requirement."", ""critical"": false}, {""id"": ""C4"", ""criterion"": ""Case check 4"", ""points"": 20.0, ""description"": ""The response addresses this case using the supplied facts and labels material assumptions or hypothetical examples when it introduces them. Do not require invented assumptions or a boilerplate disclaimer when none is needed; irrelevant or empty responses fail."", ""critical"": false}, {""id"": ""C5"", ""criterion"": ""Case check 5"", ""points"": 20.0, ""description"": ""Critical-error check: the response substantively addresses this case and does not endorse the following error; an irrelevant, empty or purely evasive response fails this criterion: Filling the lead-in with uninterrupted viewing and no learning check."", ""critical"": true}]",elementary
lesson-builder__cn02_10,lesson-builder,Teaching Material Generation,Mathematics,Primary School,medium,"A primary-school teacher is designing a mathematics or information-technology lesson opening. Local landmark references are scenario premises, not verified architectural descriptions.","I need to design a situational lead-in for an open class on the geometry concept 'axis of symmetry.' I have the local 'Drum Tower' building as material. Can you give me a complete plan covering generating the video with AI, designing observation points, designing questions, and integrating them into the lesson plan?
Provide a concrete response to this case and a brief rationale. Include a feasible way to check the proposed learning or teaching action. State material assumptions. Hypothetical examples are allowed; do not claim unseen classroom outcomes. Equivalent defensible approaches are welcome.","Answer only this case. Accept equivalent correct approaches and examples.
Correctness: A symmetry axis divides a plane figure into mirror images; real buildings need not be perfectly symmetric.
Illustrative application (equivalent approaches accepted; only explicit question requirements are mandatory): Use a labelled simplified Drum Tower image, verify the generated geometry and connect a fold/reflection check to the definition.
Reject endorsement of: Claiming unverified architectural symmetry or showing an asymmetric image as an exact example.","[{""id"": ""C1"", ""criterion"": ""Case check 1"", ""points"": 20.0, ""description"": ""Content check (equivalent correct explanations/examples accepted; the anchor example is not mandatory): A symmetry axis divides a plane figure into mirror images; real buildings need not be perfectly symmetric."", ""critical"": true}, {""id"": ""C2"", ""criterion"": ""Case check 2"", ""points"": 20.0, ""description"": ""Provides a feasible, correct response to the actual user request. The following is an illustrative teaching approach, not a mandatory example, material, numeric value or fixed sequence unless explicitly requested in the question: Use a labelled simplified Drum Tower image, verify the generated geometry and connect a fold/reflection check to the definition. Accept other approaches that meet the same stated objective; do not deduct merely for not reproducing this illustration."", ""critical"": false}, {""id"": ""C3"", ""criterion"": ""Case check 3"", ""points"": 20.0, ""description"": ""The response gives an observable way to check the explanation or next teaching action for this specific case; a check for an unrelated topic does not meet this requirement."", ""critical"": false}, {""id"": ""C4"", ""criterion"": ""Case check 4"", ""points"": 20.0, ""description"": ""The response addresses this case using the supplied facts and labels material assumptions or hypothetical examples when it introduces them. Do not require invented assumptions or a boilerplate disclaimer when none is needed; irrelevant or empty responses fail."", ""critical"": false}, {""id"": ""C5"", ""criterion"": ""Case check 5"", ""points"": 20.0, ""description"": ""Critical-error check: the response substantively addresses this case and does not endorse the following error; an irrelevant, empty or purely evasive response fails this criterion: Claiming unverified architectural symmetry or showing an asymmetric image as an exact example."", ""critical"": true}]",elementary
lesson-builder__cn05_01,lesson-builder,Teaching Material Generation,Computer Science,Vocational High School,hard,A vocational-school Python teacher teaches 120-minute double lessons to pupils with varied prior knowledge. No official examination syllabus is supplied.,"I designed an activity: have students use an electronic voting system to choose 'which mode should be selected when opening a file.' But I keep feeling this activity is a bit strange—students might just choose randomly and not learn anything. Is this activity appropriate?
Provide a concrete response to this case and a brief rationale. Include a feasible way to check the proposed learning or teaching action. State material assumptions. Hypothetical examples are allowed; do not claim unseen classroom outcomes. Equivalent defensible approaches are welcome.","Answer only this case. Accept equivalent correct approaches and examples.
Correctness: A vote alone cannot distinguish guessing from understanding of file modes.
Illustrative application (equivalent approaches accepted; only explicit question requirements are mandatory): Specify a file-content example, ask for a reason or prediction and follow with a small verified read/write task.
Reject endorsement of: Treating correct votes alone as mastery.","[{""id"": ""C1"", ""criterion"": ""Case check 1"", ""points"": 20.0, ""description"": ""Content check (equivalent correct explanations/examples accepted; the anchor example is not mandatory): A vote alone cannot distinguish guessing from understanding of file modes."", ""critical"": true}, {""id"": ""C2"", ""criterion"": ""Case check 2"", ""points"": 20.0, ""description"": ""Provides a feasible, correct response to the actual user request. The following is an illustrative teaching approach, not a mandatory example, material, numeric value or fixed sequence unless explicitly requested in the question: Specify a file-content example, ask for a reason or prediction and follow with a small verified read/write task. Accept other approaches that meet the same stated objective; do not deduct merely for not reproducing this illustration."", ""critical"": false}, {""id"": ""C3"", ""criterion"": ""Case check 3"", ""points"": 20.0, ""description"": ""The response gives an observable way to check the explanation or next teaching action for this specific case; a check for an unrelated topic does not meet this requirement."", ""critical"": false}, {""id"": ""C4"", ""criterion"": ""Case check 4"", ""points"": 20.0, ""description"": ""The response addresses this case using the supplied facts and labels material assumptions or hypothetical examples when it introduces them. Do not require invented assumptions or a boilerplate disclaimer when none is needed; irrelevant or empty responses fail."", ""critical"": false}, {""id"": ""C5"", ""criterion"": ""Case check 5"", ""points"": 20.0, ""description"": ""Critical-error check: the response substantively addresses this case and does not endorse the following error; an irrelevant, empty or purely evasive response fails this criterion: Treating correct votes alone as mastery."", ""critical"": true}]",vocational
lesson-builder__cn05_02,lesson-builder,Teaching Material Generation,Computer Science,Vocational High School,hard,A vocational-school Python teacher teaches 120-minute double lessons to pupils with varied prior knowledge. No official examination syllabus is supplied.,"The lesson plan Doubao generated for me is like this: step 1 explain the OS module, step 2 have small groups discuss features, step 3 do a game voting judgment, step 4 summarize. After reading it I feel something is off, but I can't say what's wrong. Please help me look at it.
Provide a concrete response to this case and a brief rationale. Include a feasible way to check the proposed learning or teaching action. State material assumptions. Hypothetical examples are allowed; do not claim unseen classroom outcomes. Equivalent defensible approaches are welcome.","Answer only this case. Accept equivalent correct approaches and examples.
Correctness: The four-step outline does not specify an observable learning target or practical evidence for the Python os-module topic; file reading/writing is not automatically the intended target.
Illustrative application (equivalent approaches accepted; only explicit question requirements are mandatory): Critique the alignment of each step and replace a vague discussion/game with a checked output prediction and practice.
Reject endorsement of: Claiming the whole unseen detailed plan is good or bad with certainty.","[{""id"": ""C1"", ""criterion"": ""Case check 1"", ""points"": 20.0, ""description"": ""Content check (equivalent correct explanations/examples accepted; the anchor example is not mandatory): The four-step outline does not specify an observable learning target or practical evidence for the Python os-module topic; file reading/writing is not automatically the intended target."", ""critical"": true}, {""id"": ""C2"", ""criterion"": ""Case check 2"", ""points"": 20.0, ""description"": ""Provides a feasible, correct response to the actual user request. The following is an illustrative teaching approach, not a mandatory example, material, numeric value or fixed sequence unless explicitly requested in the question: Critique the alignment of each step and replace a vague discussion/game with a checked output prediction and practice. Accept other approaches that meet the same stated objective; do not deduct merely for not reproducing this illustration."", ""critical"": false}, {""id"": ""C3"", ""criterion"": ""Case check 3"", ""points"": 20.0, ""description"": ""The response gives an observable way to check the explanation or next teaching action for this specific case; a check for an unrelated topic does not meet this requirement."", ""critical"": false}, {""id"": ""C4"", ""criterion"": ""Case check 4"", ""points"": 20.0, ""description"": ""The response addresses this case using the supplied facts and labels material assumptions or hypothetical examples when it introduces them. Do not require invented assumptions or a boilerplate disclaimer when none is needed; irrelevant or empty responses fail."", ""critical"": false}, {""id"": ""C5"", ""criterion"": ""Case check 5"", ""points"": 20.0, ""description"": ""Critical-error check: the response substantively addresses this case and does not endorse the following error; an irrelevant, empty or purely evasive response fails this criterion: Claiming the whole unseen detailed plan is good or bad with certainty."", ""critical"": true}]",vocational
lesson-builder__cn05_03,lesson-builder,Teaching Material Generation,Computer Science,Vocational High School,hard,A vocational-school Python teacher teaches 120-minute double lessons to pupils with varied prior knowledge. No official examination syllabus is supplied.,"This is a 120-minute Python double-period class. I want to design a segment where students independently read the official documentation and raise questions. But most students in this class have weak foundations, and many cannot even read code. Is this activity suitable for my students? How can I adjust it so that these students with weak foundations can also participate?
Provide a concrete response to this case and a brief rationale. Include a feasible way to check the proposed learning or teaching action. State material assumptions. Hypothetical examples are allowed; do not claim unseen classroom outcomes. Equivalent defensible approaches are welcome.","Answer only this case. Accept equivalent correct approaches and examples.
Correctness: Unscaffolded documentation reading can overload novice programmers.
Illustrative application (equivalent approaches accepted; only explicit question requirements are mandatory): Use a short selected excerpt, a worked example and one supported question within the stated 120 minutes.
Reject endorsement of: Assigning the whole documentation as an unsupported exploration task.","[{""id"": ""C1"", ""criterion"": ""Case check 1"", ""points"": 20.0, ""description"": ""Content check (equivalent correct explanations/examples accepted; the anchor example is not mandatory): Unscaffolded documentation reading can overload novice programmers."", ""critical"": true}, {""id"": ""C2"", ""criterion"": ""Case check 2"", ""points"": 20.0, ""description"": ""Provides a feasible, correct response to the actual user request. The following is an illustrative teaching approach, not a mandatory example, material, numeric value or fixed sequence unless explicitly requested in the question: Use a short selected excerpt, a worked example and one supported question within the stated 120 minutes. Accept other approaches that meet the same stated objective; do not deduct merely for not reproducing this illustration."", ""critical"": false}, {""id"": ""C3"", ""criterion"": ""Case check 3"", ""points"": 20.0, ""description"": ""The response gives an observable way to check the explanation or next teaching action for this specific case; a check for an unrelated topic does not meet this requirement."", ""critical"": false}, {""id"": ""C4"", ""criterion"": ""Case check 4"", ""points"": 20.0, ""description"": ""The response addresses this case using the supplied facts and labels material assumptions or hypothetical examples when it introduces them. Do not require invented assumptions or a boilerplate disclaimer when none is needed; irrelevant or empty responses fail."", ""critical"": false}, {""id"": ""C5"", ""criterion"": ""Case check 5"", ""points"": 20.0, ""description"": ""Critical-error check: the response substantively addresses this case and does not endorse the following error; an irrelevant, empty or purely evasive response fails this criterion: Assigning the whole documentation as an unsupported exploration task."", ""critical"": true}]",vocational
lesson-builder__cn05_04,lesson-builder,Teaching Material Generation,Computer Science,Vocational High School,hard,A vocational-school Python teacher teaches 120-minute double lessons to pupils with varied prior knowledge. No official examination syllabus is supplied.,"My class has a special situation: a few students who transferred from regular high school have a good foundation, and there are also some secondary vocational students whose foundations are very weak. With the same lesson plan, their receptiveness is completely different. How should I design activities to accommodate both groups of students?
Provide a concrete response to this case and a brief rationale. Include a feasible way to check the proposed learning or teaching action. State material assumptions. Hypothetical examples are allowed; do not claim unseen classroom outcomes. Equivalent defensible approaches are welcome.","Answer only this case. Accept equivalent correct approaches and examples.
Correctness: Different starting points need a shared core and adjustable support.
Illustrative application (equivalent approaches accepted; only explicit question requirements are mandatory): Use a brief diagnostic, one common program task with scaffold/extension options and a common success check.
Reject endorsement of: Fixed ability labels or entirely unrelated objectives for different students.","[{""id"": ""C1"", ""criterion"": ""Case check 1"", ""points"": 20.0, ""description"": ""Content check (equivalent correct explanations/examples accepted; the anchor example is not mandatory): Different starting points need a shared core and adjustable support."", ""critical"": true}, {""id"": ""C2"", ""criterion"": ""Case check 2"", ""points"": 20.0, ""description"": ""Provides a feasible, correct response to the actual user request. The following is an illustrative teaching approach, not a mandatory example, material, numeric value or fixed sequence unless explicitly requested in the question: Use a brief diagnostic, one common program task with scaffold/extension options and a common success check. Accept other approaches that meet the same stated objective; do not deduct merely for not reproducing this illustration."", ""critical"": false}, {""id"": ""C3"", ""criterion"": ""Case check 3"", ""points"": 20.0, ""description"": ""The response gives an observable way to check the explanation or next teaching action for this specific case; a check for an unrelated topic does not meet this requirement."", ""critical"": false}, {""id"": ""C4"", ""criterion"": ""Case check 4"", ""points"": 20.0, ""description"": ""The response addresses this case using the supplied facts and labels material assumptions or hypothetical examples when it introduces them. Do not require invented assumptions or a boilerplate disclaimer when none is needed; irrelevant or empty responses fail."", ""critical"": false}, {""id"": ""C5"", ""criterion"": ""Case check 5"", ""points"": 20.0, ""description"": ""Critical-error check: the response substantively addresses this case and does not endorse the following error; an irrelevant, empty or purely evasive response fails this criterion: Fixed ability labels or entirely unrelated objectives for different students."", ""critical"": true}]",vocational
lesson-builder__cn05_05,lesson-builder,Teaching Material Generation,Computer Science,Vocational High School,hard,A vocational-school Python teacher teaches 120-minute double lessons to pupils with varied prior knowledge. No official examination syllabus is supplied.,"I only have 120 minutes. I need to clearly explain selection structures, give 5 examples, let students practice, and also complete error analysis on mistakes. My current lesson plan has too many activities, and I feel there isn't enough time. Which activities should I keep, and which should I delete?
Provide a concrete response to this case and a brief rationale. Include a feasible way to check the proposed learning or teaching action. State material assumptions. Hypothetical examples are allowed; do not claim unseen classroom outcomes. Equivalent defensible approaches are welcome.","Answer only this case. Accept equivalent correct approaches and examples.
Correctness: Time allocation should prioritize the stated objective and evidence of learning.
Illustrative application (equivalent approaches accepted; only explicit question requirements are mandatory): Give a 120-minute budget, select representative examples and preserve independent practice and error feedback.
Reject endorsement of: A schedule exceeding 120 minutes or deleting all assessment.","[{""id"": ""C1"", ""criterion"": ""Case check 1"", ""points"": 20.0, ""description"": ""Content check (equivalent correct explanations/examples accepted; the anchor example is not mandatory): Time allocation should prioritize the stated objective and evidence of learning."", ""critical"": true}, {""id"": ""C2"", ""criterion"": ""Case check 2"", ""points"": 20.0, ""description"": ""Provides a feasible, correct response to the actual user request. The following is an illustrative teaching approach, not a mandatory example, material, numeric value or fixed sequence unless explicitly requested in the question: Give a 120-minute budget, select representative examples and preserve independent practice and error feedback. Accept other approaches that meet the same stated objective; do not deduct merely for not reproducing this illustration."", ""critical"": false}, {""id"": ""C3"", ""criterion"": ""Case check 3"", ""points"": 20.0, ""description"": ""The response gives an observable way to check the explanation or next teaching action for this specific case; a check for an unrelated topic does not meet this requirement."", ""critical"": false}, {""id"": ""C4"", ""criterion"": ""Case check 4"", ""points"": 20.0, ""description"": ""The response addresses this case using the supplied facts and labels material assumptions or hypothetical examples when it introduces them. Do not require invented assumptions or a boilerplate disclaimer when none is needed; irrelevant or empty responses fail."", ""critical"": false}, {""id"": ""C5"", ""criterion"": ""Case check 5"", ""points"": 20.0, ""description"": ""Critical-error check: the response substantively addresses this case and does not endorse the following error; an irrelevant, empty or purely evasive response fails this criterion: A schedule exceeding 120 minutes or deleting all assessment."", ""critical"": true}]",vocational
lesson-builder__cn05_06,lesson-builder,Teaching Material Generation,Computer Science,Vocational High School,hard,A vocational-school Python teacher teaches 120-minute double lessons to pupils with varied prior knowledge. No official examination syllabus is supplied.,"When I was teaching Python exception handling, AI suggested adding content on 'custom exception classes.' But I checked, and the secondary vocational Python exam syllabus doesn't seem to include this. Should I add this part?
Provide a concrete response to this case and a brief rationale. Include a feasible way to check the proposed learning or teaching action. State material assumptions. Hypothetical examples are allowed; do not claim unseen classroom outcomes. Equivalent defensible approaches are welcome.","Answer only this case. Accept equivalent correct approaches and examples.
Correctness: The provided syllabus claim is a teacher report, not independently verified official policy.
Illustrative application (equivalent approaches accepted; only explicit question requirements are mandatory): Prioritize the stated core, make custom exceptions optional if prerequisites/time permit and ask to verify the actual syllabus.
Reject endorsement of: Inventing a syllabus requirement or claiming custom classes are always necessary.","[{""id"": ""C1"", ""criterion"": ""Case check 1"", ""points"": 20.0, ""description"": ""Content check (equivalent correct explanations/examples accepted; the anchor example is not mandatory): The provided syllabus claim is a teacher report, not independently verified official policy."", ""critical"": true}, {""id"": ""C2"", ""criterion"": ""Case check 2"", ""points"": 20.0, ""description"": ""Provides a feasible, correct response to the actual user request. The following is an illustrative teaching approach, not a mandatory example, material, numeric value or fixed sequence unless explicitly requested in the question: Prioritize the stated core, make custom exceptions optional if prerequisites/time permit and ask to verify the actual syllabus. Accept other approaches that meet the same stated objective; do not deduct merely for not reproducing this illustration."", ""critical"": false}, {""id"": ""C3"", ""criterion"": ""Case check 3"", ""points"": 20.0, ""description"": ""The response gives an observable way to check the explanation or next teaching action for this specific case; a check for an unrelated topic does not meet this requirement."", ""critical"": false}, {""id"": ""C4"", ""criterion"": ""Case check 4"", ""points"": 20.0, ""description"": ""The response addresses this case using the supplied facts and labels material assumptions or hypothetical examples when it introduces them. Do not require invented assumptions or a boilerplate disclaimer when none is needed; irrelevant or empty responses fail."", ""critical"": false}, {""id"": ""C5"", ""criterion"": ""Case check 5"", ""points"": 20.0, ""description"": ""Critical-error check: the response substantively addresses this case and does not endorse the following error; an irrelevant, empty or purely evasive response fails this criterion: Inventing a syllabus requirement or claiming custom classes are always necessary."", ""critical"": true}]",vocational
lesson-builder__cn05_07,lesson-builder,Teaching Material Generation,Computer Science,Vocational High School,hard,A vocational-school Python teacher teaches 120-minute double lessons to pupils with varied prior knowledge. No official examination syllabus is supplied.,"I want to design a 'student independent exploration' segment where they try things and learn from mistakes on their own. But the problem with this class is that as soon as they are given freedom, they start playing on their phones and chatting, and I can't control them at all. How can I give students autonomous space without the class losing control?
Provide a concrete response to this case and a brief rationale. Include a feasible way to check the proposed learning or teaching action. State material assumptions. Hypothetical examples are allowed; do not claim unseen classroom outcomes. Equivalent defensible approaches are welcome.","Answer only this case. Accept equivalent correct approaches and examples.
Correctness: Autonomy can be bounded by clear products and checkpoints.
Illustrative application (equivalent approaches accepted; only explicit question requirements are mandatory): Provide a short exploration with visible deliverable, timebox, help route and a regrouping check.
Reject endorsement of: Treating freedom as absence of structure or assuming misconduct has one cause.","[{""id"": ""C1"", ""criterion"": ""Case check 1"", ""points"": 20.0, ""description"": ""Content check (equivalent correct explanations/examples accepted; the anchor example is not mandatory): Autonomy can be bounded by clear products and checkpoints."", ""critical"": true}, {""id"": ""C2"", ""criterion"": ""Case check 2"", ""points"": 20.0, ""description"": ""Provides a feasible, correct response to the actual user request. The following is an illustrative teaching approach, not a mandatory example, material, numeric value or fixed sequence unless explicitly requested in the question: Provide a short exploration with visible deliverable, timebox, help route and a regrouping check. Accept other approaches that meet the same stated objective; do not deduct merely for not reproducing this illustration."", ""critical"": false}, {""id"": ""C3"", ""criterion"": ""Case check 3"", ""points"": 20.0, ""description"": ""The response gives an observable way to check the explanation or next teaching action for this specific case; a check for an unrelated topic does not meet this requirement."", ""critical"": false}, {""id"": ""C4"", ""criterion"": ""Case check 4"", ""points"": 20.0, ""description"": ""The response addresses this case using the supplied facts and labels material assumptions or hypothetical examples when it introduces them. Do not require invented assumptions or a boilerplate disclaimer when none is needed; irrelevant or empty responses fail."", ""critical"": false}, {""id"": ""C5"", ""criterion"": ""Case check 5"", ""points"": 20.0, ""description"": ""Critical-error check: the response substantively addresses this case and does not endorse the following error; an irrelevant, empty or purely evasive response fails this criterion: Treating freedom as absence of structure or assuming misconduct has one cause."", ""critical"": true}]",vocational
lesson-builder__cn05_08,lesson-builder,Teaching Material Generation,Computer Science,Vocational High School,hard,A vocational-school Python teacher teaches 120-minute double lessons to pupils with varied prior knowledge. No official examination syllabus is supplied.,"There is a student on the autism spectrum in my class, and he has difficulty adapting to the pace of the class. My current lesson plan design is too complicated for him. How can I help him learn something without giving him special treatment?
Provide a concrete response to this case and a brief rationale. Include a feasible way to check the proposed learning or teaching action. State material assumptions. Hypothetical examples are allowed; do not claim unseen classroom outcomes. Equivalent defensible approaches are welcome.","Answer only this case. Accept equivalent correct approaches and examples.
Correctness: Support should respond to observed access needs without diagnosing or stigmatizing the student.
Illustrative application (equivalent approaches accepted; only explicit question requirements are mandatory): Simplify instructions, offer a predictable sequence and check privately which support helps while retaining a meaningful goal.
Reject endorsement of: Assuming all autistic pupils need identical support or denying accommodations to avoid special treatment.","[{""id"": ""C1"", ""criterion"": ""Case check 1"", ""points"": 20.0, ""description"": ""Content check (equivalent correct explanations/examples accepted; the anchor example is not mandatory): Support should respond to observed access needs without diagnosing or stigmatizing the student."", ""critical"": true}, {""id"": ""C2"", ""criterion"": ""Case check 2"", ""points"": 20.0, ""description"": ""Provides a feasible, correct response to the actual user request. The following is an illustrative teaching approach, not a mandatory example, material, numeric value or fixed sequence unless explicitly requested in the question: Simplify instructions, offer a predictable sequence and check privately which support helps while retaining a meaningful goal. Accept other approaches that meet the same stated objective; do not deduct merely for not reproducing this illustration."", ""critical"": false}, {""id"": ""C3"", ""criterion"": ""Case check 3"", ""points"": 20.0, ""description"": ""The response gives an observable way to check the explanation or next teaching action for this specific case; a check for an unrelated topic does not meet this requirement."", ""critical"": false}, {""id"": ""C4"", ""criterion"": ""Case check 4"", ""points"": 20.0, ""description"": ""The response addresses this case using the supplied facts and labels material assumptions or hypothetical examples when it introduces them. Do not require invented assumptions or a boilerplate disclaimer when none is needed; irrelevant or empty responses fail."", ""critical"": false}, {""id"": ""C5"", ""criterion"": ""Case check 5"", ""points"": 20.0, ""description"": ""Critical-error check: the response substantively addresses this case and does not endorse the following error; an irrelevant, empty or purely evasive response fails this criterion: Assuming all autistic pupils need identical support or denying accommodations to avoid special treatment."", ""critical"": true}]",vocational
lesson-builder__cn05_09,lesson-builder,Teaching Material Generation,Computer Science,Vocational High School,hard,A vocational-school Python teacher teaches 120-minute double lessons to pupils with varied prior knowledge. No official examination syllabus is supplied.,"I really like the idea of differentiated instruction, but if I have to design separate task cards for students at different levels, explain separately, and grade different assignments, that is too much work for me. I only have half a day this week to prepare the lesson. Is there a way to achieve differentiation without my workload exploding?
Provide a concrete response to this case and a brief rationale. Include a feasible way to check the proposed learning or teaching action. State material assumptions. Hypothetical examples are allowed; do not claim unseen classroom outcomes. Equivalent defensible approaches are welcome.","Answer only this case. Accept equivalent correct approaches and examples.
Correctness: Differentiation can reuse a common task with optional scaffolds.
Illustrative application (equivalent approaches accepted; only explicit question requirements are mandatory): Provide one core task, a hint ladder and an extension using a shared marking criterion within the half-day preparation limit.
Reject endorsement of: Requiring separate full curricula or promising zero preparation.","[{""id"": ""C1"", ""criterion"": ""Case check 1"", ""points"": 20.0, ""description"": ""Content check (equivalent correct explanations/examples accepted; the anchor example is not mandatory): Differentiation can reuse a common task with optional scaffolds."", ""critical"": true}, {""id"": ""C2"", ""criterion"": ""Case check 2"", ""points"": 20.0, ""description"": ""Provides a feasible, correct response to the actual user request. The following is an illustrative teaching approach, not a mandatory example, material, numeric value or fixed sequence unless explicitly requested in the question: Provide one core task, a hint ladder and an extension using a shared marking criterion within the half-day preparation limit. Accept other approaches that meet the same stated objective; do not deduct merely for not reproducing this illustration."", ""critical"": false}, {""id"": ""C3"", ""criterion"": ""Case check 3"", ""points"": 20.0, ""description"": ""The response gives an observable way to check the explanation or next teaching action for this specific case; a check for an unrelated topic does not meet this requirement."", ""critical"": false}, {""id"": ""C4"", ""criterion"": ""Case check 4"", ""points"": 20.0, ""description"": ""The response addresses this case using the supplied facts and labels material assumptions or hypothetical examples when it introduces them. Do not require invented assumptions or a boilerplate disclaimer when none is needed; irrelevant or empty responses fail."", ""critical"": false}, {""id"": ""C5"", ""criterion"": ""Case check 5"", ""points"": 20.0, ""description"": ""Critical-error check: the response substantively addresses this case and does not endorse the following error; an irrelevant, empty or purely evasive response fails this criterion: Requiring separate full curricula or promising zero preparation."", ""critical"": true}]",vocational
lesson-builder__cn05_10,lesson-builder,Teaching Material Generation,Computer Science,Vocational High School,hard,A vocational-school Python teacher teaches 120-minute double lessons to pupils with varied prior knowledge. No official examination syllabus is supplied.,"I found a 'file operations' lesson plan online. It has these activities: (1) explain file operation functions, (2) use a voting system to do multiple-choice practice, (3) discuss in small groups 'why we should close files,' (4) do a practical file reading and writing project. My class is a 120-minute double-period class, third-year students, with uneven foundations. How is this lesson plan overall? Is each activity appropriate?
Provide a concrete response to this case and a brief rationale. Include a feasible way to check the proposed learning or teaching action. State material assumptions. Hypothetical examples are allowed; do not claim unseen classroom outcomes. Equivalent defensible approaches are welcome.","Answer only this case. Accept equivalent correct approaches and examples.
Correctness: File-operation learning needs accurate operations and evidence beyond discussion.
Illustrative application (equivalent approaches accepted; only explicit question requirements are mandatory): Review all four supplied activities, give a feasible 120-minute sequence and check a small read/write result.
Reject endorsement of: Assuming group talk alone demonstrates working file code.","[{""id"": ""C1"", ""criterion"": ""Case check 1"", ""points"": 20.0, ""description"": ""Content check (equivalent correct explanations/examples accepted; the anchor example is not mandatory): File-operation learning needs accurate operations and evidence beyond discussion."", ""critical"": true}, {""id"": ""C2"", ""criterion"": ""Case check 2"", ""points"": 20.0, ""description"": ""Provides a feasible, correct response to the actual user request. The following is an illustrative teaching approach, not a mandatory example, material, numeric value or fixed sequence unless explicitly requested in the question: Review all four supplied activities, give a feasible 120-minute sequence and check a small read/write result. Accept other approaches that meet the same stated objective; do not deduct merely for not reproducing this illustration."", ""critical"": false}, {""id"": ""C3"", ""criterion"": ""Case check 3"", ""points"": 20.0, ""description"": ""The response gives an observable way to check the explanation or next teaching action for this specific case; a check for an unrelated topic does not meet this requirement."", ""critical"": false}, {""id"": ""C4"", ""criterion"": ""Case check 4"", ""points"": 20.0, ""description"": ""The response addresses this case using the supplied facts and labels material assumptions or hypothetical examples when it introduces them. Do not require invented assumptions or a boilerplate disclaimer when none is needed; irrelevant or empty responses fail."", ""critical"": false}, {""id"": ""C5"", ""criterion"": ""Case check 5"", ""points"": 20.0, ""description"": ""Critical-error check: the response substantively addresses this case and does not endorse the following error; an irrelevant, empty or purely evasive response fails this criterion: Assuming group talk alone demonstrates working file code."", ""critical"": true}]",vocational
differentiation-adapter__cn07_01,differentiation-adapter,Personalized Content Creation,General Pedagogy,Vocational Education,medium,A vocational-school teacher is adapting data-analysis teaching to ordinary computers and varied starting points. No official curriculum text or complete adapted plan is supplied.,"I have taken over a new class, and the students' foundations are uneven. How can I quickly and accurately understand their real learning situation, rather than just relying on the impression from the first lesson?
Provide a concrete response to this case and a brief rationale. Include a feasible way to check the proposed learning or teaching action. State material assumptions. Hypothetical examples are allowed; do not claim unseen classroom outcomes. Equivalent defensible approaches are welcome.","Answer only this case. Accept equivalent correct approaches and examples.
Correctness: A first impression is insufficient to determine prior attainment.
Illustrative application (equivalent approaches accepted; only explicit question requirements are mandatory): Combine a short aligned task, a student explanation and existing work; use results for provisional supports.
Reject endorsement of: Claiming one quiz accurately diagnoses every student's ability.","[{""id"": ""C1"", ""criterion"": ""Case check 1"", ""points"": 20.0, ""description"": ""Content check (equivalent correct explanations/examples accepted; the anchor example is not mandatory): A first impression is insufficient to determine prior attainment."", ""critical"": true}, {""id"": ""C2"", ""criterion"": ""Case check 2"", ""points"": 20.0, ""description"": ""Provides a feasible, correct response to the actual user request. The following is an illustrative teaching approach, not a mandatory example, material, numeric value or fixed sequence unless explicitly requested in the question: Combine a short aligned task, a student explanation and existing work; use results for provisional supports. Accept other approaches that meet the same stated objective; do not deduct merely for not reproducing this illustration."", ""critical"": false}, {""id"": ""C3"", ""criterion"": ""Case check 3"", ""points"": 20.0, ""description"": ""The response gives an observable way to check the explanation or next teaching action for this specific case; a check for an unrelated topic does not meet this requirement."", ""critical"": false}, {""id"": ""C4"", ""criterion"": ""Case check 4"", ""points"": 20.0, ""description"": ""The response addresses this case using the supplied facts and labels material assumptions or hypothetical examples when it introduces them. Do not require invented assumptions or a boilerplate disclaimer when none is needed; irrelevant or empty responses fail."", ""critical"": false}, {""id"": ""C5"", ""criterion"": ""Case check 5"", ""points"": 20.0, ""description"": ""Critical-error check: the response substantively addresses this case and does not endorse the following error; an irrelevant, empty or purely evasive response fails this criterion: Claiming one quiz accurately diagnoses every student's ability."", ""critical"": true}]",vocational
differentiation-adapter__cn07_02,differentiation-adapter,Personalized Content Creation,General Pedagogy,Vocational Education,medium,A vocational-school teacher is adapting data-analysis teaching to ordinary computers and varied starting points. No official curriculum text or complete adapted plan is supplied.,"The textbook has a lot of content, but my students have a weak foundation. How can I judge which content is 'core that must be kept' and which is 'extension that can be adjusted'?
Provide a concrete response to this case and a brief rationale. Include a feasible way to check the proposed learning or teaching action. State material assumptions. Hypothetical examples are allowed; do not claim unseen classroom outcomes. Equivalent defensible approaches are welcome.","Answer only this case. Accept equivalent correct approaches and examples.
Correctness: Core content is identified by objectives, prerequisites and supplied standards.
Illustrative application (equivalent approaches accepted; only explicit question requirements are mandatory): Map content to required outcomes and classify extensions conditionally where standards are not supplied.
Reject endorsement of: Inventing mandatory curriculum clauses or deleting difficult essentials.","[{""id"": ""C1"", ""criterion"": ""Case check 1"", ""points"": 20.0, ""description"": ""Content check (equivalent correct explanations/examples accepted; the anchor example is not mandatory): Core content is identified by objectives, prerequisites and supplied standards."", ""critical"": true}, {""id"": ""C2"", ""criterion"": ""Case check 2"", ""points"": 20.0, ""description"": ""Provides a feasible, correct response to the actual user request. The following is an illustrative teaching approach, not a mandatory example, material, numeric value or fixed sequence unless explicitly requested in the question: Map content to required outcomes and classify extensions conditionally where standards are not supplied. Accept other approaches that meet the same stated objective; do not deduct merely for not reproducing this illustration."", ""critical"": false}, {""id"": ""C3"", ""criterion"": ""Case check 3"", ""points"": 20.0, ""description"": ""The response gives an observable way to check the explanation or next teaching action for this specific case; a check for an unrelated topic does not meet this requirement."", ""critical"": false}, {""id"": ""C4"", ""criterion"": ""Case check 4"", ""points"": 20.0, ""description"": ""The response addresses this case using the supplied facts and labels material assumptions or hypothetical examples when it introduces them. Do not require invented assumptions or a boilerplate disclaimer when none is needed; irrelevant or empty responses fail."", ""critical"": false}, {""id"": ""C5"", ""criterion"": ""Case check 5"", ""points"": 20.0, ""description"": ""Critical-error check: the response substantively addresses this case and does not endorse the following error; an irrelevant, empty or purely evasive response fails this criterion: Inventing mandatory curriculum clauses or deleting difficult essentials."", ""critical"": true}]",vocational
differentiation-adapter__cn07_03,differentiation-adapter,Personalized Content Creation,General Pedagogy,Vocational Education,medium,A vocational-school teacher is adapting data-analysis teaching to ordinary computers and varied starting points. No official curriculum text or complete adapted plan is supplied.,"My region is a large agricultural county, but the textbook cases are all about industrial data processing. How can I replace the textbook cases with local agricultural product-related data so that they are close to students' lives without losing the teaching value of the textbook?
Provide a concrete response to this case and a brief rationale. Include a feasible way to check the proposed learning or teaching action. State material assumptions. Hypothetical examples are allowed; do not claim unseen classroom outcomes. Equivalent defensible approaches are welcome.","Answer only this case. Accept equivalent correct approaches and examples.
Correctness: Changing context should preserve the mathematical or computing operation.
Illustrative application (equivalent approaches accepted; only explicit question requirements are mandatory): Use labelled synthetic agricultural data, retain the original skill and compare the answer/evidence demands.
Reject endorsement of: Replacing the learning objective with local trivia.","[{""id"": ""C1"", ""criterion"": ""Case check 1"", ""points"": 20.0, ""description"": ""Content check (equivalent correct explanations/examples accepted; the anchor example is not mandatory): Changing context should preserve the mathematical or computing operation."", ""critical"": true}, {""id"": ""C2"", ""criterion"": ""Case check 2"", ""points"": 20.0, ""description"": ""Provides a feasible, correct response to the actual user request. The following is an illustrative teaching approach, not a mandatory example, material, numeric value or fixed sequence unless explicitly requested in the question: Use labelled synthetic agricultural data, retain the original skill and compare the answer/evidence demands. Accept other approaches that meet the same stated objective; do not deduct merely for not reproducing this illustration."", ""critical"": false}, {""id"": ""C3"", ""criterion"": ""Case check 3"", ""points"": 20.0, ""description"": ""The response gives an observable way to check the explanation or next teaching action for this specific case; a check for an unrelated topic does not meet this requirement."", ""critical"": false}, {""id"": ""C4"", ""criterion"": ""Case check 4"", ""points"": 20.0, ""description"": ""The response addresses this case using the supplied facts and labels material assumptions or hypothetical examples when it introduces them. Do not require invented assumptions or a boilerplate disclaimer when none is needed; irrelevant or empty responses fail."", ""critical"": false}, {""id"": ""C5"", ""criterion"": ""Case check 5"", ""points"": 20.0, ""description"": ""Critical-error check: the response substantively addresses this case and does not endorse the following error; an irrelevant, empty or purely evasive response fails this criterion: Replacing the learning objective with local trivia."", ""critical"": true}]",vocational
differentiation-adapter__cn07_04,differentiation-adapter,Personalized Content Creation,General Pedagogy,Vocational Education,medium,A vocational-school teacher is adapting data-analysis teaching to ordinary computers and varied starting points. No official curriculum text or complete adapted plan is supplied.,"The textbook requires students to use high-end equipment for data analysis, but our school only has ordinary computers. How can I change the teaching methods to adapt to existing conditions?
Provide a concrete response to this case and a brief rationale. Include a feasible way to check the proposed learning or teaching action. State material assumptions. Hypothetical examples are allowed; do not claim unseen classroom outcomes. Equivalent defensible approaches are welcome.","Answer only this case. Accept equivalent correct approaches and examples.
Correctness: Resource adaptation can change tools while preserving the learning evidence.
Illustrative application (equivalent approaches accepted; only explicit question requirements are mandatory): Offer a small dataset and ordinary-computer or paper workflow with an equivalent output check.
Reject endorsement of: Claiming unavailable high-end equipment is essential without explaining why.","[{""id"": ""C1"", ""criterion"": ""Case check 1"", ""points"": 20.0, ""description"": ""Content check (equivalent correct explanations/examples accepted; the anchor example is not mandatory): Resource adaptation can change tools while preserving the learning evidence."", ""critical"": true}, {""id"": ""C2"", ""criterion"": ""Case check 2"", ""points"": 20.0, ""description"": ""Provides a feasible, correct response to the actual user request. The following is an illustrative teaching approach, not a mandatory example, material, numeric value or fixed sequence unless explicitly requested in the question: Offer a small dataset and ordinary-computer or paper workflow with an equivalent output check. Accept other approaches that meet the same stated objective; do not deduct merely for not reproducing this illustration."", ""critical"": false}, {""id"": ""C3"", ""criterion"": ""Case check 3"", ""points"": 20.0, ""description"": ""The response gives an observable way to check the explanation or next teaching action for this specific case; a check for an unrelated topic does not meet this requirement."", ""critical"": false}, {""id"": ""C4"", ""criterion"": ""Case check 4"", ""points"": 20.0, ""description"": ""The response addresses this case using the supplied facts and labels material assumptions or hypothetical examples when it introduces them. Do not require invented assumptions or a boilerplate disclaimer when none is needed; irrelevant or empty responses fail."", ""critical"": false}, {""id"": ""C5"", ""criterion"": ""Case check 5"", ""points"": 20.0, ""description"": ""Critical-error check: the response substantively addresses this case and does not endorse the following error; an irrelevant, empty or purely evasive response fails this criterion: Claiming unavailable high-end equipment is essential without explaining why."", ""critical"": true}]",vocational
differentiation-adapter__cn07_05,differentiation-adapter,Personalized Content Creation,General Pedagogy,Vocational Education,medium,A vocational-school teacher is adapting data-analysis teaching to ordinary computers and varied starting points. No official curriculum text or complete adapted plan is supplied.,"The textbook content involves areas I am not very good at. How can I adjust the teaching focus to play to my strengths and avoid my weaknesses without weakening students' learning outcomes?
Provide a concrete response to this case and a brief rationale. Include a feasible way to check the proposed learning or teaching action. State material assumptions. Hypothetical examples are allowed; do not claim unseen classroom outcomes. Equivalent defensible approaches are welcome.","Answer only this case. Accept equivalent correct approaches and examples.
Correctness: Teacher confidence does not justify removing required outcomes.
Illustrative application (equivalent approaches accepted; only explicit question requirements are mandatory): Identify the knowledge gap, seek a checked example or colleague support and retain the core target.
Reject endorsement of: Teaching only the teacher's strengths regardless of curriculum goals.","[{""id"": ""C1"", ""criterion"": ""Case check 1"", ""points"": 20.0, ""description"": ""Content check (equivalent correct explanations/examples accepted; the anchor example is not mandatory): Teacher confidence does not justify removing required outcomes."", ""critical"": true}, {""id"": ""C2"", ""criterion"": ""Case check 2"", ""points"": 20.0, ""description"": ""Provides a feasible, correct response to the actual user request. The following is an illustrative teaching approach, not a mandatory example, material, numeric value or fixed sequence unless explicitly requested in the question: Identify the knowledge gap, seek a checked example or colleague support and retain the core target. Accept other approaches that meet the same stated objective; do not deduct merely for not reproducing this illustration."", ""critical"": false}, {""id"": ""C3"", ""criterion"": ""Case check 3"", ""points"": 20.0, ""description"": ""The response gives an observable way to check the explanation or next teaching action for this specific case; a check for an unrelated topic does not meet this requirement."", ""critical"": false}, {""id"": ""C4"", ""criterion"": ""Case check 4"", ""points"": 20.0, ""description"": ""The response addresses this case using the supplied facts and labels material assumptions or hypothetical examples when it introduces them. Do not require invented assumptions or a boilerplate disclaimer when none is needed; irrelevant or empty responses fail."", ""critical"": false}, {""id"": ""C5"", ""criterion"": ""Case check 5"", ""points"": 20.0, ""description"": ""Critical-error check: the response substantively addresses this case and does not endorse the following error; an irrelevant, empty or purely evasive response fails this criterion: Teaching only the teacher's strengths regardless of curriculum goals."", ""critical"": true}]",vocational
differentiation-adapter__cn07_06,differentiation-adapter,Personalized Content Creation,General Pedagogy,Vocational Education,medium,A vocational-school teacher is adapting data-analysis teaching to ordinary computers and varied starting points. No official curriculum text or complete adapted plan is supplied.,"I am not sure whether the textbook's explanation depth is too deep or too shallow for the students in this class. Is there a way to diagnose this quickly?
Provide a concrete response to this case and a brief rationale. Include a feasible way to check the proposed learning or teaching action. State material assumptions. Hypothetical examples are allowed; do not claim unseen classroom outcomes. Equivalent defensible approaches are welcome.","Answer only this case. Accept equivalent correct approaches and examples.
Correctness: A short diagnostic can check prerequisites and transfer before changing depth.
Illustrative application (equivalent approaches accepted; only explicit question requirements are mandatory): Include a basic item and an application with reasons, then a support/extension decision rule.
Reject endorsement of: Treating speed or one wrong answer as a permanent level label.","[{""id"": ""C1"", ""criterion"": ""Case check 1"", ""points"": 20.0, ""description"": ""Content check (equivalent correct explanations/examples accepted; the anchor example is not mandatory): A short diagnostic can check prerequisites and transfer before changing depth."", ""critical"": true}, {""id"": ""C2"", ""criterion"": ""Case check 2"", ""points"": 20.0, ""description"": ""Provides a feasible, correct response to the actual user request. The following is an illustrative teaching approach, not a mandatory example, material, numeric value or fixed sequence unless explicitly requested in the question: Include a basic item and an application with reasons, then a support/extension decision rule. Accept other approaches that meet the same stated objective; do not deduct merely for not reproducing this illustration."", ""critical"": false}, {""id"": ""C3"", ""criterion"": ""Case check 3"", ""points"": 20.0, ""description"": ""The response gives an observable way to check the explanation or next teaching action for this specific case; a check for an unrelated topic does not meet this requirement."", ""critical"": false}, {""id"": ""C4"", ""criterion"": ""Case check 4"", ""points"": 20.0, ""description"": ""The response addresses this case using the supplied facts and labels material assumptions or hypothetical examples when it introduces them. Do not require invented assumptions or a boilerplate disclaimer when none is needed; irrelevant or empty responses fail."", ""critical"": false}, {""id"": ""C5"", ""criterion"": ""Case check 5"", ""points"": 20.0, ""description"": ""Critical-error check: the response substantively addresses this case and does not endorse the following error; an irrelevant, empty or purely evasive response fails this criterion: Treating speed or one wrong answer as a permanent level label."", ""critical"": true}]",vocational
differentiation-adapter__cn07_07,differentiation-adapter,Personalized Content Creation,General Pedagogy,Vocational Education,medium,A vocational-school teacher is adapting data-analysis teaching to ordinary computers and varied starting points. No official curriculum text or complete adapted plan is supplied.,"The students in my class are interested in topics such as games and sports, but the textbook cases are all business and finance related. How can I use cases that interest students to teach the textbook content?
Provide a concrete response to this case and a brief rationale. Include a feasible way to check the proposed learning or teaching action. State material assumptions. Hypothetical examples are allowed; do not claim unseen classroom outcomes. Equivalent defensible approaches are welcome.","Answer only this case. Accept equivalent correct approaches and examples.
Correctness: An interest-based context must require the same intellectual work.
Illustrative application (equivalent approaches accepted; only explicit question requirements are mandatory): Convert one sports/game example into the original data task and give a matching answer check.
Reject endorsement of: Entertainment disconnected from the concept.","[{""id"": ""C1"", ""criterion"": ""Case check 1"", ""points"": 20.0, ""description"": ""Content check (equivalent correct explanations/examples accepted; the anchor example is not mandatory): An interest-based context must require the same intellectual work."", ""critical"": true}, {""id"": ""C2"", ""criterion"": ""Case check 2"", ""points"": 20.0, ""description"": ""Provides a feasible, correct response to the actual user request. The following is an illustrative teaching approach, not a mandatory example, material, numeric value or fixed sequence unless explicitly requested in the question: Convert one sports/game example into the original data task and give a matching answer check. Accept other approaches that meet the same stated objective; do not deduct merely for not reproducing this illustration."", ""critical"": false}, {""id"": ""C3"", ""criterion"": ""Case check 3"", ""points"": 20.0, ""description"": ""The response gives an observable way to check the explanation or next teaching action for this specific case; a check for an unrelated topic does not meet this requirement."", ""critical"": false}, {""id"": ""C4"", ""criterion"": ""Case check 4"", ""points"": 20.0, ""description"": ""The response addresses this case using the supplied facts and labels material assumptions or hypothetical examples when it introduces them. Do not require invented assumptions or a boilerplate disclaimer when none is needed; irrelevant or empty responses fail."", ""critical"": false}, {""id"": ""C5"", ""criterion"": ""Case check 5"", ""points"": 20.0, ""description"": ""Critical-error check: the response substantively addresses this case and does not endorse the following error; an irrelevant, empty or purely evasive response fails this criterion: Entertainment disconnected from the concept."", ""critical"": true}]",vocational
differentiation-adapter__cn07_08,differentiation-adapter,Personalized Content Creation,General Pedagogy,Vocational Education,medium,A vocational-school teacher is adapting data-analysis teaching to ordinary computers and varied starting points. No official curriculum text or complete adapted plan is supplied.,"I only have a limited teaching period, and the textbook has too much content. How should I adjust to ensure that students master the core content?
Provide a concrete response to this case and a brief rationale. Include a feasible way to check the proposed learning or teaching action. State material assumptions. Hypothetical examples are allowed; do not claim unseen classroom outcomes. Equivalent defensible approaches are welcome.","Answer only this case. Accept equivalent correct approaches and examples.
Correctness: Limited time requires prioritization and checks of the core outcomes.
Illustrative application (equivalent approaches accepted; only explicit question requirements are mandatory): Map prerequisites, reduce redundant examples and include a short assessment before progression.
Reject endorsement of: Covering every page without evidence of learning.","[{""id"": ""C1"", ""criterion"": ""Case check 1"", ""points"": 20.0, ""description"": ""Content check (equivalent correct explanations/examples accepted; the anchor example is not mandatory): Limited time requires prioritization and checks of the core outcomes."", ""critical"": true}, {""id"": ""C2"", ""criterion"": ""Case check 2"", ""points"": 20.0, ""description"": ""Provides a feasible, correct response to the actual user request. The following is an illustrative teaching approach, not a mandatory example, material, numeric value or fixed sequence unless explicitly requested in the question: Map prerequisites, reduce redundant examples and include a short assessment before progression. Accept other approaches that meet the same stated objective; do not deduct merely for not reproducing this illustration."", ""critical"": false}, {""id"": ""C3"", ""criterion"": ""Case check 3"", ""points"": 20.0, ""description"": ""The response gives an observable way to check the explanation or next teaching action for this specific case; a check for an unrelated topic does not meet this requirement."", ""critical"": false}, {""id"": ""C4"", ""criterion"": ""Case check 4"", ""points"": 20.0, ""description"": ""The response addresses this case using the supplied facts and labels material assumptions or hypothetical examples when it introduces them. Do not require invented assumptions or a boilerplate disclaimer when none is needed; irrelevant or empty responses fail."", ""critical"": false}, {""id"": ""C5"", ""criterion"": ""Case check 5"", ""points"": 20.0, ""description"": ""Critical-error check: the response substantively addresses this case and does not endorse the following error; an irrelevant, empty or purely evasive response fails this criterion: Covering every page without evidence of learning."", ""critical"": true}]",vocational
differentiation-adapter__cn07_09,differentiation-adapter,Personalized Content Creation,General Pedagogy,Vocational Education,medium,A vocational-school teacher is adapting data-analysis teaching to ordinary computers and varied starting points. No official curriculum text or complete adapted plan is supplied.,"I have adjusted a lot of textbook content, but I am worried whether it can still meet the requirements of the curriculum standards. How can I evaluate whether my adaptation plan still complies with the curriculum standards?
Provide a concrete response to this case and a brief rationale. Include a feasible way to check the proposed learning or teaching action. State material assumptions. Hypothetical examples are allowed; do not claim unseen classroom outcomes. Equivalent defensible approaches are welcome.","Answer only this case. Accept equivalent correct approaches and examples.
Correctness: Compliance cannot be certified without the applicable standard and plan.
Illustrative application (equivalent approaches accepted; only explicit question requirements are mandatory): Give an outcome-to-task-to-evidence mapping template and state the exact missing documents.
Reject endorsement of: Claiming verified curriculum compliance from a description alone.","[{""id"": ""C1"", ""criterion"": ""Case check 1"", ""points"": 20.0, ""description"": ""Content check (equivalent correct explanations/examples accepted; the anchor example is not mandatory): Compliance cannot be certified without the applicable standard and plan."", ""critical"": true}, {""id"": ""C2"", ""criterion"": ""Case check 2"", ""points"": 20.0, ""description"": ""Provides a feasible, correct response to the actual user request. The following is an illustrative teaching approach, not a mandatory example, material, numeric value or fixed sequence unless explicitly requested in the question: Give an outcome-to-task-to-evidence mapping template and state the exact missing documents. Accept other approaches that meet the same stated objective; do not deduct merely for not reproducing this illustration."", ""critical"": false}, {""id"": ""C3"", ""criterion"": ""Case check 3"", ""points"": 20.0, ""description"": ""The response gives an observable way to check the explanation or next teaching action for this specific case; a check for an unrelated topic does not meet this requirement."", ""critical"": false}, {""id"": ""C4"", ""criterion"": ""Case check 4"", ""points"": 20.0, ""description"": ""The response addresses this case using the supplied facts and labels material assumptions or hypothetical examples when it introduces them. Do not require invented assumptions or a boilerplate disclaimer when none is needed; irrelevant or empty responses fail."", ""critical"": false}, {""id"": ""C5"", ""criterion"": ""Case check 5"", ""points"": 20.0, ""description"": ""Critical-error check: the response substantively addresses this case and does not endorse the following error; an irrelevant, empty or purely evasive response fails this criterion: Claiming verified curriculum compliance from a description alone."", ""critical"": true}]",vocational
differentiation-adapter__cn07_10,differentiation-adapter,Personalized Content Creation,General Pedagogy,Vocational Education,medium,A vocational-school teacher is adapting data-analysis teaching to ordinary computers and varied starting points. No official curriculum text or complete adapted plan is supplied.,"I have made a complete teaching plan adjustment based on the learning situation, resources, and student interests. Does this plan fit the actual conditions, meet the curriculum standards, and have high teaching feasibility?
Provide a concrete response to this case and a brief rationale. Include a feasible way to check the proposed learning or teaching action. State material assumptions. Hypothetical examples are allowed; do not claim unseen classroom outcomes. Equivalent defensible approaches are welcome.
No complete plan is attached. Identify what is needed for an actual review and provide conditional review guidance; do not certify an unseen plan.","Answer only this case. Accept equivalent correct approaches and examples.
Correctness: Feasibility cannot be judged for an unseen plan.
Illustrative application (equivalent approaches accepted; only explicit question requirements are mandatory): Identify required information about time, learners, resources and assessments; give a conditional review checklist without certifying the plan.
Reject endorsement of: Declaring the unspecified plan feasible or inventing its contents.","[{""id"": ""C1"", ""criterion"": ""Case check 1"", ""points"": 20.0, ""description"": ""Content check (equivalent correct explanations/examples accepted; the anchor example is not mandatory): Feasibility cannot be judged for an unseen plan."", ""critical"": true}, {""id"": ""C2"", ""criterion"": ""Case check 2"", ""points"": 20.0, ""description"": ""Provides a feasible, correct response to the actual user request. The following is an illustrative teaching approach, not a mandatory example, material, numeric value or fixed sequence unless explicitly requested in the question: Identify required information about time, learners, resources and assessments; give a conditional review checklist without certifying the plan. Accept other approaches that meet the same stated objective; do not deduct merely for not reproducing this illustration."", ""critical"": false}, {""id"": ""C3"", ""criterion"": ""Case check 3"", ""points"": 20.0, ""description"": ""The response gives an observable way to check the explanation or next teaching action for this specific case; a check for an unrelated topic does not meet this requirement."", ""critical"": false}, {""id"": ""C4"", ""criterion"": ""Case check 4"", ""points"": 20.0, ""description"": ""The response addresses this case using the supplied facts and labels material assumptions or hypothetical examples when it introduces them. Do not require invented assumptions or a boilerplate disclaimer when none is needed; irrelevant or empty responses fail."", ""critical"": false}, {""id"": ""C5"", ""criterion"": ""Case check 5"", ""points"": 20.0, ""description"": ""Critical-error check: the response substantively addresses this case and does not endorse the following error; an irrelevant, empty or purely evasive response fails this criterion: Declaring the unspecified plan feasible or inventing its contents."", ""critical"": true}]",vocational
lesson-builder__cn18_01,lesson-builder,Teaching Material Generation,Information Technology,Primary School,medium,A primary-school teacher is planning integration of information technology and mathematics. No complete unit plan is supplied.,"I want to design an integrated information technology and math lesson, but I'm not sure what angle to approach it from so that it is both authentic and has teaching value. What suggestions do you have?
Provide a concrete response to this case and a brief rationale. Include a feasible way to check the proposed learning or teaching action. State material assumptions. Hypothetical examples are allowed; do not claim unseen classroom outcomes. Equivalent defensible approaches are welcome.","Answer only this case. Accept equivalent correct approaches and examples.
Correctness: Authentic integration gives both subjects an assessable contribution.
Illustrative application (equivalent approaches accepted; only explicit question requirements are mandatory): Propose one bounded task with separate mathematics and computing goals and evidence linking them.
Reject endorsement of: Making one subject a decorative label.","[{""id"": ""C1"", ""criterion"": ""Case check 1"", ""points"": 20.0, ""description"": ""Content check (equivalent correct explanations/examples accepted; the anchor example is not mandatory): Authentic integration gives both subjects an assessable contribution."", ""critical"": true}, {""id"": ""C2"", ""criterion"": ""Case check 2"", ""points"": 20.0, ""description"": ""Provides a feasible, correct response to the actual user request. The following is an illustrative teaching approach, not a mandatory example, material, numeric value or fixed sequence unless explicitly requested in the question: Propose one bounded task with separate mathematics and computing goals and evidence linking them. Accept other approaches that meet the same stated objective; do not deduct merely for not reproducing this illustration."", ""critical"": false}, {""id"": ""C3"", ""criterion"": ""Case check 3"", ""points"": 20.0, ""description"": ""The response gives an observable way to check the explanation or next teaching action for this specific case; a check for an unrelated topic does not meet this requirement."", ""critical"": false}, {""id"": ""C4"", ""criterion"": ""Case check 4"", ""points"": 20.0, ""description"": ""The response addresses this case using the supplied facts and labels material assumptions or hypothetical examples when it introduces them. Do not require invented assumptions or a boilerplate disclaimer when none is needed; irrelevant or empty responses fail."", ""critical"": false}, {""id"": ""C5"", ""criterion"": ""Case check 5"", ""points"": 20.0, ""description"": ""Critical-error check: the response substantively addresses this case and does not endorse the following error; an irrelevant, empty or purely evasive response fails this criterion: Making one subject a decorative label."", ""critical"": true}]",elementary
lesson-builder__cn18_02,lesson-builder,Teaching Material Generation,Information Technology,Primary School,medium,A primary-school teacher is planning integration of information technology and mathematics. No complete unit plan is supplied.,"I designed an activity: using Python programming to calculate data statistics in a math class. But is this integration a bit forced? How can I make it more natural?
Provide a concrete response to this case and a brief rationale. Include a feasible way to check the proposed learning or teaching action. State material assumptions. Hypothetical examples are allowed; do not claim unseen classroom outcomes. Equivalent defensible approaches are welcome.","Answer only this case. Accept equivalent correct approaches and examples.
Correctness: Python statistics is meaningful if computation supports mathematical interpretation.
Illustrative application (equivalent approaches accepted; only explicit question requirements are mandatory): Use a small stated dataset, compare a manual result with program output and ask students to explain what the statistic means.
Reject endorsement of: Grading executable code alone as mathematical understanding.","[{""id"": ""C1"", ""criterion"": ""Case check 1"", ""points"": 20.0, ""description"": ""Content check (equivalent correct explanations/examples accepted; the anchor example is not mandatory): Python statistics is meaningful if computation supports mathematical interpretation."", ""critical"": true}, {""id"": ""C2"", ""criterion"": ""Case check 2"", ""points"": 20.0, ""description"": ""Provides a feasible, correct response to the actual user request. The following is an illustrative teaching approach, not a mandatory example, material, numeric value or fixed sequence unless explicitly requested in the question: Use a small stated dataset, compare a manual result with program output and ask students to explain what the statistic means. Accept other approaches that meet the same stated objective; do not deduct merely for not reproducing this illustration."", ""critical"": false}, {""id"": ""C3"", ""criterion"": ""Case check 3"", ""points"": 20.0, ""description"": ""The response gives an observable way to check the explanation or next teaching action for this specific case; a check for an unrelated topic does not meet this requirement."", ""critical"": false}, {""id"": ""C4"", ""criterion"": ""Case check 4"", ""points"": 20.0, ""description"": ""The response addresses this case using the supplied facts and labels material assumptions or hypothetical examples when it introduces them. Do not require invented assumptions or a boilerplate disclaimer when none is needed; irrelevant or empty responses fail."", ""critical"": false}, {""id"": ""C5"", ""criterion"": ""Case check 5"", ""points"": 20.0, ""description"": ""Critical-error check: the response substantively addresses this case and does not endorse the following error; an irrelevant, empty or purely evasive response fails this criterion: Grading executable code alone as mathematical understanding."", ""critical"": true}]",elementary
lesson-builder__cn18_03,lesson-builder,Teaching Material Generation,Information Technology,Primary School,medium,A primary-school teacher is planning integration of information technology and mathematics. No complete unit plan is supplied.,"One class has to cover content from two subjects, and time is limited. How should I allocate it so that neither subject is reduced to just a 'tool' and we can still finish efficiently?
Provide a concrete response to this case and a brief rationale. Include a feasible way to check the proposed learning or teaching action. State material assumptions. Hypothetical examples are allowed; do not claim unseen classroom outcomes. Equivalent defensible approaches are welcome.","Answer only this case. Accept equivalent correct approaches and examples.
Correctness: Time division should follow learning goals rather than an obligatory equal split.
Illustrative application (equivalent approaches accepted; only explicit question requirements are mandatory): State a lesson duration assumption, budget shared and subject-specific work and check both outcomes.
Reject endorsement of: Promising depth in two subjects without a feasible time budget.","[{""id"": ""C1"", ""criterion"": ""Case check 1"", ""points"": 20.0, ""description"": ""Content check (equivalent correct explanations/examples accepted; the anchor example is not mandatory): Time division should follow learning goals rather than an obligatory equal split."", ""critical"": true}, {""id"": ""C2"", ""criterion"": ""Case check 2"", ""points"": 20.0, ""description"": ""Provides a feasible, correct response to the actual user request. The following is an illustrative teaching approach, not a mandatory example, material, numeric value or fixed sequence unless explicitly requested in the question: State a lesson duration assumption, budget shared and subject-specific work and check both outcomes. Accept other approaches that meet the same stated objective; do not deduct merely for not reproducing this illustration."", ""critical"": false}, {""id"": ""C3"", ""criterion"": ""Case check 3"", ""points"": 20.0, ""description"": ""The response gives an observable way to check the explanation or next teaching action for this specific case; a check for an unrelated topic does not meet this requirement."", ""critical"": false}, {""id"": ""C4"", ""criterion"": ""Case check 4"", ""points"": 20.0, ""description"": ""The response addresses this case using the supplied facts and labels material assumptions or hypothetical examples when it introduces them. Do not require invented assumptions or a boilerplate disclaimer when none is needed; irrelevant or empty responses fail."", ""critical"": false}, {""id"": ""C5"", ""criterion"": ""Case check 5"", ""points"": 20.0, ""description"": ""Critical-error check: the response substantively addresses this case and does not endorse the following error; an irrelevant, empty or purely evasive response fails this criterion: Promising depth in two subjects without a feasible time budget."", ""critical"": true}]",elementary
lesson-builder__cn18_04,lesson-builder,Teaching Material Generation,Information Technology,Primary School,medium,A primary-school teacher is planning integration of information technology and mathematics. No complete unit plan is supplied.,"In my class, some students are good at math but can't program, and some are good at programming but weak in math. How can I design it so that both types of students benefit?
Provide a concrete response to this case and a brief rationale. Include a feasible way to check the proposed learning or teaching action. State material assumptions. Hypothetical examples are allowed; do not claim unseen classroom outcomes. Equivalent defensible approaches are welcome.","Answer only this case. Accept equivalent correct approaches and examples.
Correctness: Complementary strengths need individual learning evidence.
Illustrative application (equivalent approaches accepted; only explicit question requirements are mandatory): Pair students with rotating responsibilities and scaffolds, then check each student's mathematical and code reasoning.
Reject endorsement of: Letting one pupil permanently do all mathematics and the other all coding.","[{""id"": ""C1"", ""criterion"": ""Case check 1"", ""points"": 20.0, ""description"": ""Content check (equivalent correct explanations/examples accepted; the anchor example is not mandatory): Complementary strengths need individual learning evidence."", ""critical"": true}, {""id"": ""C2"", ""criterion"": ""Case check 2"", ""points"": 20.0, ""description"": ""Provides a feasible, correct response to the actual user request. The following is an illustrative teaching approach, not a mandatory example, material, numeric value or fixed sequence unless explicitly requested in the question: Pair students with rotating responsibilities and scaffolds, then check each student's mathematical and code reasoning. Accept other approaches that meet the same stated objective; do not deduct merely for not reproducing this illustration."", ""critical"": false}, {""id"": ""C3"", ""criterion"": ""Case check 3"", ""points"": 20.0, ""description"": ""The response gives an observable way to check the explanation or next teaching action for this specific case; a check for an unrelated topic does not meet this requirement."", ""critical"": false}, {""id"": ""C4"", ""criterion"": ""Case check 4"", ""points"": 20.0, ""description"": ""The response addresses this case using the supplied facts and labels material assumptions or hypothetical examples when it introduces them. Do not require invented assumptions or a boilerplate disclaimer when none is needed; irrelevant or empty responses fail."", ""critical"": false}, {""id"": ""C5"", ""criterion"": ""Case check 5"", ""points"": 20.0, ""description"": ""Critical-error check: the response substantively addresses this case and does not endorse the following error; an irrelevant, empty or purely evasive response fails this criterion: Letting one pupil permanently do all mathematics and the other all coding."", ""critical"": true}]",elementary
lesson-builder__cn18_05,lesson-builder,Teaching Material Generation,Information Technology,Primary School,medium,A primary-school teacher is planning integration of information technology and mathematics. No complete unit plan is supplied.,"How can assessment in an integrated course fairly treat both subjects? The evaluation weight of one subject cannot be too high.
Provide a concrete response to this case and a brief rationale. Include a feasible way to check the proposed learning or teaching action. State material assumptions. Hypothetical examples are allowed; do not claim unseen classroom outcomes. Equivalent defensible approaches are welcome.","Answer only this case. Accept equivalent correct approaches and examples.
Correctness: Fair weighting follows explicit objectives, not automatic 50/50 scoring.
Illustrative application (equivalent approaches accepted; only explicit question requirements are mandatory): Provide separate criteria for each subject and explain a defensible weighting with an individual check.
Reject endorsement of: Equating fairness with identical weights in every task.","[{""id"": ""C1"", ""criterion"": ""Case check 1"", ""points"": 20.0, ""description"": ""Content check (equivalent correct explanations/examples accepted; the anchor example is not mandatory): Fair weighting follows explicit objectives, not automatic 50/50 scoring."", ""critical"": true}, {""id"": ""C2"", ""criterion"": ""Case check 2"", ""points"": 20.0, ""description"": ""Provides a feasible, correct response to the actual user request. The following is an illustrative teaching approach, not a mandatory example, material, numeric value or fixed sequence unless explicitly requested in the question: Provide separate criteria for each subject and explain a defensible weighting with an individual check. Accept other approaches that meet the same stated objective; do not deduct merely for not reproducing this illustration."", ""critical"": false}, {""id"": ""C3"", ""criterion"": ""Case check 3"", ""points"": 20.0, ""description"": ""The response gives an observable way to check the explanation or next teaching action for this specific case; a check for an unrelated topic does not meet this requirement."", ""critical"": false}, {""id"": ""C4"", ""criterion"": ""Case check 4"", ""points"": 20.0, ""description"": ""The response addresses this case using the supplied facts and labels material assumptions or hypothetical examples when it introduces them. Do not require invented assumptions or a boilerplate disclaimer when none is needed; irrelevant or empty responses fail."", ""critical"": false}, {""id"": ""C5"", ""criterion"": ""Case check 5"", ""points"": 20.0, ""description"": ""Critical-error check: the response substantively addresses this case and does not endorse the following error; an irrelevant, empty or purely evasive response fails this criterion: Equating fairness with identical weights in every task."", ""critical"": true}]",elementary
lesson-builder__cn18_06,lesson-builder,Teaching Material Generation,Information Technology,Primary School,medium,A primary-school teacher is planning integration of information technology and mathematics. No complete unit plan is supplied.,"Can the knowledge students learn in an integrated lesson transfer to subject-specific exams or other courses? How can I design it to promote transfer?
Provide a concrete response to this case and a brief rationale. Include a feasible way to check the proposed learning or teaching action. State material assumptions. Hypothetical examples are allowed; do not claim unseen classroom outcomes. Equivalent defensible approaches are welcome.","Answer only this case. Accept equivalent correct approaches and examples.
Correctness: Transfer needs application beyond the practiced setting.
Illustrative application (equivalent approaches accepted; only explicit question requirements are mandatory): Include a subject-only problem and a new real-life context, compare performance and plan feedback.
Reject endorsement of: Claiming integration automatically guarantees exam transfer.","[{""id"": ""C1"", ""criterion"": ""Case check 1"", ""points"": 20.0, ""description"": ""Content check (equivalent correct explanations/examples accepted; the anchor example is not mandatory): Transfer needs application beyond the practiced setting."", ""critical"": true}, {""id"": ""C2"", ""criterion"": ""Case check 2"", ""points"": 20.0, ""description"": ""Provides a feasible, correct response to the actual user request. The following is an illustrative teaching approach, not a mandatory example, material, numeric value or fixed sequence unless explicitly requested in the question: Include a subject-only problem and a new real-life context, compare performance and plan feedback. Accept other approaches that meet the same stated objective; do not deduct merely for not reproducing this illustration."", ""critical"": false}, {""id"": ""C3"", ""criterion"": ""Case check 3"", ""points"": 20.0, ""description"": ""The response gives an observable way to check the explanation or next teaching action for this specific case; a check for an unrelated topic does not meet this requirement."", ""critical"": false}, {""id"": ""C4"", ""criterion"": ""Case check 4"", ""points"": 20.0, ""description"": ""The response addresses this case using the supplied facts and labels material assumptions or hypothetical examples when it introduces them. Do not require invented assumptions or a boilerplate disclaimer when none is needed; irrelevant or empty responses fail."", ""critical"": false}, {""id"": ""C5"", ""criterion"": ""Case check 5"", ""points"": 20.0, ""description"": ""Critical-error check: the response substantively addresses this case and does not endorse the following error; an irrelevant, empty or purely evasive response fails this criterion: Claiming integration automatically guarantees exam transfer."", ""critical"": true}]",elementary
lesson-builder__cn18_07,lesson-builder,Teaching Material Generation,Information Technology,Primary School,medium,A primary-school teacher is planning integration of information technology and mathematics. No complete unit plan is supplied.,"I am an information technology teacher, and my math knowledge may not be deep enough. How can I design an integrated lesson that I am capable of teaching?
Provide a concrete response to this case and a brief rationale. Include a feasible way to check the proposed learning or teaching action. State material assumptions. Hypothetical examples are allowed; do not claim unseen classroom outcomes. Equivalent defensible approaches are welcome.","Answer only this case. Accept equivalent correct approaches and examples.
Correctness: Scope the mathematics to verified content and seek support for gaps.
Illustrative application (equivalent approaches accepted; only explicit question requirements are mandatory): Use a bounded concept, check its worked example and collaborate where needed.
Reject endorsement of: Inventing mathematical explanations or excluding all mathematics to stay comfortable.","[{""id"": ""C1"", ""criterion"": ""Case check 1"", ""points"": 20.0, ""description"": ""Content check (equivalent correct explanations/examples accepted; the anchor example is not mandatory): Scope the mathematics to verified content and seek support for gaps."", ""critical"": true}, {""id"": ""C2"", ""criterion"": ""Case check 2"", ""points"": 20.0, ""description"": ""Provides a feasible, correct response to the actual user request. The following is an illustrative teaching approach, not a mandatory example, material, numeric value or fixed sequence unless explicitly requested in the question: Use a bounded concept, check its worked example and collaborate where needed. Accept other approaches that meet the same stated objective; do not deduct merely for not reproducing this illustration."", ""critical"": false}, {""id"": ""C3"", ""criterion"": ""Case check 3"", ""points"": 20.0, ""description"": ""The response gives an observable way to check the explanation or next teaching action for this specific case; a check for an unrelated topic does not meet this requirement."", ""critical"": false}, {""id"": ""C4"", ""criterion"": ""Case check 4"", ""points"": 20.0, ""description"": ""The response addresses this case using the supplied facts and labels material assumptions or hypothetical examples when it introduces them. Do not require invented assumptions or a boilerplate disclaimer when none is needed; irrelevant or empty responses fail."", ""critical"": false}, {""id"": ""C5"", ""criterion"": ""Case check 5"", ""points"": 20.0, ""description"": ""Critical-error check: the response substantively addresses this case and does not endorse the following error; an irrelevant, empty or purely evasive response fails this criterion: Inventing mathematical explanations or excluding all mathematics to stay comfortable."", ""critical"": true}]",elementary
lesson-builder__cn18_08,lesson-builder,Teaching Material Generation,Information Technology,Primary School,medium,A primary-school teacher is planning integration of information technology and mathematics. No complete unit plan is supplied.,"I want the integrated lesson to not just stay in the classroom, but to connect with real-world applications. Do you have any examples or suggestions?
Provide a concrete response to this case and a brief rationale. Include a feasible way to check the proposed learning or teaching action. State material assumptions. Hypothetical examples are allowed; do not claim unseen classroom outcomes. Equivalent defensible approaches are welcome.","Answer only this case. Accept equivalent correct approaches and examples.
Correctness: A real-world task needs usable data and explicit assumptions.
Illustrative application (equivalent approaches accepted; only explicit question requirements are mandatory): Propose a manageable local or synthetic-data problem with an output useful to a stated audience.
Reject endorsement of: Presenting fabricated observations as real measurements.","[{""id"": ""C1"", ""criterion"": ""Case check 1"", ""points"": 20.0, ""description"": ""Content check (equivalent correct explanations/examples accepted; the anchor example is not mandatory): A real-world task needs usable data and explicit assumptions."", ""critical"": true}, {""id"": ""C2"", ""criterion"": ""Case check 2"", ""points"": 20.0, ""description"": ""Provides a feasible, correct response to the actual user request. The following is an illustrative teaching approach, not a mandatory example, material, numeric value or fixed sequence unless explicitly requested in the question: Propose a manageable local or synthetic-data problem with an output useful to a stated audience. Accept other approaches that meet the same stated objective; do not deduct merely for not reproducing this illustration."", ""critical"": false}, {""id"": ""C3"", ""criterion"": ""Case check 3"", ""points"": 20.0, ""description"": ""The response gives an observable way to check the explanation or next teaching action for this specific case; a check for an unrelated topic does not meet this requirement."", ""critical"": false}, {""id"": ""C4"", ""criterion"": ""Case check 4"", ""points"": 20.0, ""description"": ""The response addresses this case using the supplied facts and labels material assumptions or hypothetical examples when it introduces them. Do not require invented assumptions or a boilerplate disclaimer when none is needed; irrelevant or empty responses fail."", ""critical"": false}, {""id"": ""C5"", ""criterion"": ""Case check 5"", ""points"": 20.0, ""description"": ""Critical-error check: the response substantively addresses this case and does not endorse the following error; an irrelevant, empty or purely evasive response fails this criterion: Presenting fabricated observations as real measurements."", ""critical"": true}]",elementary
lesson-builder__cn18_09,lesson-builder,Teaching Material Generation,Information Technology,Primary School,medium,A primary-school teacher is planning integration of information technology and mathematics. No complete unit plan is supplied.,"If I integrate not only information technology and math but also add physics or other subjects, how can I control the complexity and ensure the teaching is feasible?
Provide a concrete response to this case and a brief rationale. Include a feasible way to check the proposed learning or teaching action. State material assumptions. Hypothetical examples are allowed; do not claim unseen classroom outcomes. Equivalent defensible approaches are welcome.","Answer only this case. Accept equivalent correct approaches and examples.
Correctness: Adding subjects increases prerequisites and coordination costs.
Illustrative application (equivalent approaches accepted; only explicit question requirements are mandatory): Keep one shared problem, identify each subject's evidence and remove additions with no necessary role.
Reject endorsement of: Adding subjects merely to increase the interdisciplinarity count.","[{""id"": ""C1"", ""criterion"": ""Case check 1"", ""points"": 20.0, ""description"": ""Content check (equivalent correct explanations/examples accepted; the anchor example is not mandatory): Adding subjects increases prerequisites and coordination costs."", ""critical"": true}, {""id"": ""C2"", ""criterion"": ""Case check 2"", ""points"": 20.0, ""description"": ""Provides a feasible, correct response to the actual user request. The following is an illustrative teaching approach, not a mandatory example, material, numeric value or fixed sequence unless explicitly requested in the question: Keep one shared problem, identify each subject's evidence and remove additions with no necessary role. Accept other approaches that meet the same stated objective; do not deduct merely for not reproducing this illustration."", ""critical"": false}, {""id"": ""C3"", ""criterion"": ""Case check 3"", ""points"": 20.0, ""description"": ""The response gives an observable way to check the explanation or next teaching action for this specific case; a check for an unrelated topic does not meet this requirement."", ""critical"": false}, {""id"": ""C4"", ""criterion"": ""Case check 4"", ""points"": 20.0, ""description"": ""The response addresses this case using the supplied facts and labels material assumptions or hypothetical examples when it introduces them. Do not require invented assumptions or a boilerplate disclaimer when none is needed; irrelevant or empty responses fail."", ""critical"": false}, {""id"": ""C5"", ""criterion"": ""Case check 5"", ""points"": 20.0, ""description"": ""Critical-error check: the response substantively addresses this case and does not endorse the following error; an irrelevant, empty or purely evasive response fails this criterion: Adding subjects merely to increase the interdisciplinarity count."", ""critical"": true}]",elementary
lesson-builder__cn18_10,lesson-builder,Teaching Material Generation,Information Technology,Primary School,medium,A primary-school teacher is planning integration of information technology and mathematics. No complete unit plan is supplied.,"I designed a complete unit integrating information technology and math. Are the subject connections in this unit authentic? Is the integration deep enough? Are there any places where the logic breaks down?
Provide a concrete response to this case and a brief rationale. Include a feasible way to check the proposed learning or teaching action. State material assumptions. Hypothetical examples are allowed; do not claim unseen classroom outcomes. Equivalent defensible approaches are welcome.
No complete plan is attached. Identify what is needed for an actual review and provide conditional review guidance; do not certify an unseen plan.","Answer only this case. Accept equivalent correct approaches and examples.
Correctness: The complete unit has not been provided, so its actual coherence cannot be certified.
Illustrative application (equivalent approaches accepted; only explicit question requirements are mandatory): Ask for objectives, sequence, materials and assessment, then give a conditional integration-review framework.
Reject endorsement of: Claiming to identify definite flaws in nonexistent supplied lesson details.","[{""id"": ""C1"", ""criterion"": ""Case check 1"", ""points"": 20.0, ""description"": ""Content check (equivalent correct explanations/examples accepted; the anchor example is not mandatory): The complete unit has not been provided, so its actual coherence cannot be certified."", ""critical"": true}, {""id"": ""C2"", ""criterion"": ""Case check 2"", ""points"": 20.0, ""description"": ""Provides a feasible, correct response to the actual user request. The following is an illustrative teaching approach, not a mandatory example, material, numeric value or fixed sequence unless explicitly requested in the question: Ask for objectives, sequence, materials and assessment, then give a conditional integration-review framework. Accept other approaches that meet the same stated objective; do not deduct merely for not reproducing this illustration."", ""critical"": false}, {""id"": ""C3"", ""criterion"": ""Case check 3"", ""points"": 20.0, ""description"": ""The response gives an observable way to check the explanation or next teaching action for this specific case; a check for an unrelated topic does not meet this requirement."", ""critical"": false}, {""id"": ""C4"", ""criterion"": ""Case check 4"", ""points"": 20.0, ""description"": ""The response addresses this case using the supplied facts and labels material assumptions or hypothetical examples when it introduces them. Do not require invented assumptions or a boilerplate disclaimer when none is needed; irrelevant or empty responses fail."", ""critical"": false}, {""id"": ""C5"", ""criterion"": ""Case check 5"", ""points"": 20.0, ""description"": ""Critical-error check: the response substantively addresses this case and does not endorse the following error; an irrelevant, empty or purely evasive response fails this criterion: Claiming to identify definite flaws in nonexistent supplied lesson details."", ""critical"": true}]",elementary
lesson-builder__cn21_01,lesson-builder,Teaching Material Generation,General Pedagogy,Elementary,medium,A teacher works with Grade 1-2 pupils on classroom routines. No complete command system or longitudinal classroom observation data is supplied.,"I want to design a set of classroom commands, but how can I make them both concise and easy to remember, while also effectively capturing the attention of first and second graders?
Provide a concrete response to this case and a brief rationale. Include a feasible way to check the proposed learning or teaching action. State material assumptions. Hypothetical examples are allowed; do not claim unseen classroom outcomes. Equivalent defensible approaches are welcome.","Answer only this case. Accept equivalent correct approaches and examples.
Correctness: A classroom cue needs a clear action and a taught meaning.
Illustrative application (equivalent approaches accepted; only explicit question requirements are mandatory): Give a short age-appropriate cue, model it and plan a practice-and-observe check with a non-auditory alternative.
Reject endorsement of: Promising immediate universal obedience.","[{""id"": ""C1"", ""criterion"": ""Case check 1"", ""points"": 20.0, ""description"": ""Content check (equivalent correct explanations/examples accepted; the anchor example is not mandatory): A classroom cue needs a clear action and a taught meaning."", ""critical"": true}, {""id"": ""C2"", ""criterion"": ""Case check 2"", ""points"": 20.0, ""description"": ""Provides a feasible, correct response to the actual user request. The following is an illustrative teaching approach, not a mandatory example, material, numeric value or fixed sequence unless explicitly requested in the question: Give a short age-appropriate cue, model it and plan a practice-and-observe check with a non-auditory alternative. Accept other approaches that meet the same stated objective; do not deduct merely for not reproducing this illustration."", ""critical"": false}, {""id"": ""C3"", ""criterion"": ""Case check 3"", ""points"": 20.0, ""description"": ""The response gives an observable way to check the explanation or next teaching action for this specific case; a check for an unrelated topic does not meet this requirement."", ""critical"": false}, {""id"": ""C4"", ""criterion"": ""Case check 4"", ""points"": 20.0, ""description"": ""The response addresses this case using the supplied facts and labels material assumptions or hypothetical examples when it introduces them. Do not require invented assumptions or a boilerplate disclaimer when none is needed; irrelevant or empty responses fail."", ""critical"": false}, {""id"": ""C5"", ""criterion"": ""Case check 5"", ""points"": 20.0, ""description"": ""Critical-error check: the response substantively addresses this case and does not endorse the following error; an irrelevant, empty or purely evasive response fails this criterion: Promising immediate universal obedience."", ""critical"": true}]",elementary
lesson-builder__cn21_02,lesson-builder,Teaching Material Generation,General Pedagogy,Elementary,medium,A teacher works with Grade 1-2 pupils on classroom routines. No complete command system or longitudinal classroom observation data is supplied.,"I designed a 'clap to signal quiet' command, but not all children respond immediately. How can I improve the response speed?
Provide a concrete response to this case and a brief rationale. Include a feasible way to check the proposed learning or teaching action. State material assumptions. Hypothetical examples are allowed; do not claim unseen classroom outcomes. Equivalent defensible approaches are welcome.","Answer only this case. Accept equivalent correct approaches and examples.
Correctness: Delayed response can reflect unclear teaching or access needs, not deliberate disobedience alone.
Illustrative application (equivalent approaches accepted; only explicit question requirements are mandatory): Check audibility/visibility and comprehension, model the response and observe whether a revision helps.
Reject endorsement of: Penalizing every slow response without checking the cause.","[{""id"": ""C1"", ""criterion"": ""Case check 1"", ""points"": 20.0, ""description"": ""Content check (equivalent correct explanations/examples accepted; the anchor example is not mandatory): Delayed response can reflect unclear teaching or access needs, not deliberate disobedience alone."", ""critical"": true}, {""id"": ""C2"", ""criterion"": ""Case check 2"", ""points"": 20.0, ""description"": ""Provides a feasible, correct response to the actual user request. The following is an illustrative teaching approach, not a mandatory example, material, numeric value or fixed sequence unless explicitly requested in the question: Check audibility/visibility and comprehension, model the response and observe whether a revision helps. Accept other approaches that meet the same stated objective; do not deduct merely for not reproducing this illustration."", ""critical"": false}, {""id"": ""C3"", ""criterion"": ""Case check 3"", ""points"": 20.0, ""description"": ""The response gives an observable way to check the explanation or next teaching action for this specific case; a check for an unrelated topic does not meet this requirement."", ""critical"": false}, {""id"": ""C4"", ""criterion"": ""Case check 4"", ""points"": 20.0, ""description"": ""The response addresses this case using the supplied facts and labels material assumptions or hypothetical examples when it introduces them. Do not require invented assumptions or a boilerplate disclaimer when none is needed; irrelevant or empty responses fail."", ""critical"": false}, {""id"": ""C5"", ""criterion"": ""Case check 5"", ""points"": 20.0, ""description"": ""Critical-error check: the response substantively addresses this case and does not endorse the following error; an irrelevant, empty or purely evasive response fails this criterion: Penalizing every slow response without checking the cause."", ""critical"": true}]",elementary
lesson-builder__cn21_03,lesson-builder,Teaching Material Generation,General Pedagogy,Elementary,medium,A teacher works with Grade 1-2 pupils on classroom routines. No complete command system or longitudinal classroom observation data is supplied.,"My classroom often feels chaotic, and I feel the rhythm is unstable. How should I allocate time for instruction, activities, and rest within one lesson so that the children can keep up?
Provide a concrete response to this case and a brief rationale. Include a feasible way to check the proposed learning or teaching action. State material assumptions. Hypothetical examples are allowed; do not claim unseen classroom outcomes. Equivalent defensible approaches are welcome.","Answer only this case. Accept equivalent correct approaches and examples.
Correctness: A feasible rhythm alternates instruction, activity and transitions to fit a stated duration.
Illustrative application (equivalent approaches accepted; only explicit question requirements are mandatory): Give a timed example and an observation-based adjustment rule.
Reject endorsement of: Claiming a single precise attention span applies to every child.","[{""id"": ""C1"", ""criterion"": ""Case check 1"", ""points"": 20.0, ""description"": ""Content check (equivalent correct explanations/examples accepted; the anchor example is not mandatory): A feasible rhythm alternates instruction, activity and transitions to fit a stated duration."", ""critical"": true}, {""id"": ""C2"", ""criterion"": ""Case check 2"", ""points"": 20.0, ""description"": ""Provides a feasible, correct response to the actual user request. The following is an illustrative teaching approach, not a mandatory example, material, numeric value or fixed sequence unless explicitly requested in the question: Give a timed example and an observation-based adjustment rule. Accept other approaches that meet the same stated objective; do not deduct merely for not reproducing this illustration."", ""critical"": false}, {""id"": ""C3"", ""criterion"": ""Case check 3"", ""points"": 20.0, ""description"": ""The response gives an observable way to check the explanation or next teaching action for this specific case; a check for an unrelated topic does not meet this requirement."", ""critical"": false}, {""id"": ""C4"", ""criterion"": ""Case check 4"", ""points"": 20.0, ""description"": ""The response addresses this case using the supplied facts and labels material assumptions or hypothetical examples when it introduces them. Do not require invented assumptions or a boilerplate disclaimer when none is needed; irrelevant or empty responses fail."", ""critical"": false}, {""id"": ""C5"", ""criterion"": ""Case check 5"", ""points"": 20.0, ""description"": ""Critical-error check: the response substantively addresses this case and does not endorse the following error; an irrelevant, empty or purely evasive response fails this criterion: Claiming a single precise attention span applies to every child."", ""critical"": true}]",elementary
lesson-builder__cn21_04,lesson-builder,Teaching Material Generation,General Pedagogy,Elementary,medium,A teacher works with Grade 1-2 pupils on classroom routines. No complete command system or longitudinal classroom observation data is supplied.,"In my class, some mischievous children always fail to respond to commands, and some introverted children are afraid of making large movements. How can I design a set of commands that all children can accept?
Provide a concrete response to this case and a brief rationale. Include a feasible way to check the proposed learning or teaching action. State material assumptions. Hypothetical examples are allowed; do not claim unseen classroom outcomes. Equivalent defensible approaches are welcome.","Answer only this case. Accept equivalent correct approaches and examples.
Correctness: Participation should allow small movements or visual responses without fixed personality labels.
Illustrative application (equivalent approaches accepted; only explicit question requirements are mandatory): Offer equivalent quiet and active response options and check whether each communicates the cue.
Reject endorsement of: Forcing large movements or equating introversion with noncompliance.","[{""id"": ""C1"", ""criterion"": ""Case check 1"", ""points"": 20.0, ""description"": ""Content check (equivalent correct explanations/examples accepted; the anchor example is not mandatory): Participation should allow small movements or visual responses without fixed personality labels."", ""critical"": true}, {""id"": ""C2"", ""criterion"": ""Case check 2"", ""points"": 20.0, ""description"": ""Provides a feasible, correct response to the actual user request. The following is an illustrative teaching approach, not a mandatory example, material, numeric value or fixed sequence unless explicitly requested in the question: Offer equivalent quiet and active response options and check whether each communicates the cue. Accept other approaches that meet the same stated objective; do not deduct merely for not reproducing this illustration."", ""critical"": false}, {""id"": ""C3"", ""criterion"": ""Case check 3"", ""points"": 20.0, ""description"": ""The response gives an observable way to check the explanation or next teaching action for this specific case; a check for an unrelated topic does not meet this requirement."", ""critical"": false}, {""id"": ""C4"", ""criterion"": ""Case check 4"", ""points"": 20.0, ""description"": ""The response addresses this case using the supplied facts and labels material assumptions or hypothetical examples when it introduces them. Do not require invented assumptions or a boilerplate disclaimer when none is needed; irrelevant or empty responses fail."", ""critical"": false}, {""id"": ""C5"", ""criterion"": ""Case check 5"", ""points"": 20.0, ""description"": ""Critical-error check: the response substantively addresses this case and does not endorse the following error; an irrelevant, empty or purely evasive response fails this criterion: Forcing large movements or equating introversion with noncompliance."", ""critical"": true}]",elementary
lesson-builder__cn21_05,lesson-builder,Teaching Material Generation,General Pedagogy,Elementary,medium,A teacher works with Grade 1-2 pupils on classroom routines. No complete command system or longitudinal classroom observation data is supplied.,"My command design is good, but sometimes the connection between commands and teaching activities is unnatural and feels stiff. How can I better integrate commands with teaching content?
Provide a concrete response to this case and a brief rationale. Include a feasible way to check the proposed learning or teaching action. State material assumptions. Hypothetical examples are allowed; do not claim unseen classroom outcomes. Equivalent defensible approaches are welcome.","Answer only this case. Accept equivalent correct approaches and examples.
Correctness: A cue should signal a real learning transition rather than interrupt the task arbitrarily.
Illustrative application (equivalent approaches accepted; only explicit question requirements are mandatory): Show a cue tied to a specific activity boundary and explain what students do next.
Reject endorsement of: Adding chants that have no connection to task flow.","[{""id"": ""C1"", ""criterion"": ""Case check 1"", ""points"": 20.0, ""description"": ""Content check (equivalent correct explanations/examples accepted; the anchor example is not mandatory): A cue should signal a real learning transition rather than interrupt the task arbitrarily."", ""critical"": true}, {""id"": ""C2"", ""criterion"": ""Case check 2"", ""points"": 20.0, ""description"": ""Provides a feasible, correct response to the actual user request. The following is an illustrative teaching approach, not a mandatory example, material, numeric value or fixed sequence unless explicitly requested in the question: Show a cue tied to a specific activity boundary and explain what students do next. Accept other approaches that meet the same stated objective; do not deduct merely for not reproducing this illustration."", ""critical"": false}, {""id"": ""C3"", ""criterion"": ""Case check 3"", ""points"": 20.0, ""description"": ""The response gives an observable way to check the explanation or next teaching action for this specific case; a check for an unrelated topic does not meet this requirement."", ""critical"": false}, {""id"": ""C4"", ""criterion"": ""Case check 4"", ""points"": 20.0, ""description"": ""The response addresses this case using the supplied facts and labels material assumptions or hypothetical examples when it introduces them. Do not require invented assumptions or a boilerplate disclaimer when none is needed; irrelevant or empty responses fail."", ""critical"": false}, {""id"": ""C5"", ""criterion"": ""Case check 5"", ""points"": 20.0, ""description"": ""Critical-error check: the response substantively addresses this case and does not endorse the following error; an irrelevant, empty or purely evasive response fails this criterion: Adding chants that have no connection to task flow."", ""critical"": true}]",elementary
lesson-builder__cn21_06,lesson-builder,Teaching Material Generation,General Pedagogy,Elementary,medium,A teacher works with Grade 1-2 pupils on classroom routines. No complete command system or longitudinal classroom observation data is supplied.,"After using the same commands for too long, the children seem to have lost a sense of novelty, and their responses have slowed. Should I update commands regularly? How can I update them without confusing the children?
Provide a concrete response to this case and a brief rationale. Include a feasible way to check the proposed learning or teaching action. State material assumptions. Hypothetical examples are allowed; do not claim unseen classroom outcomes. Equivalent defensible approaches are welcome.","Answer only this case. Accept equivalent correct approaches and examples.
Correctness: Stable meaning supports routines; novelty should not constantly change the rule.
Illustrative application (equivalent approaches accepted; only explicit question requirements are mandatory): Change one element after explanation and practice, retaining a stable core and monitoring confusion.
Reject endorsement of: Replacing all commands every week to guarantee engagement.","[{""id"": ""C1"", ""criterion"": ""Case check 1"", ""points"": 20.0, ""description"": ""Content check (equivalent correct explanations/examples accepted; the anchor example is not mandatory): Stable meaning supports routines; novelty should not constantly change the rule."", ""critical"": true}, {""id"": ""C2"", ""criterion"": ""Case check 2"", ""points"": 20.0, ""description"": ""Provides a feasible, correct response to the actual user request. The following is an illustrative teaching approach, not a mandatory example, material, numeric value or fixed sequence unless explicitly requested in the question: Change one element after explanation and practice, retaining a stable core and monitoring confusion. Accept other approaches that meet the same stated objective; do not deduct merely for not reproducing this illustration."", ""critical"": false}, {""id"": ""C3"", ""criterion"": ""Case check 3"", ""points"": 20.0, ""description"": ""The response gives an observable way to check the explanation or next teaching action for this specific case; a check for an unrelated topic does not meet this requirement."", ""critical"": false}, {""id"": ""C4"", ""criterion"": ""Case check 4"", ""points"": 20.0, ""description"": ""The response addresses this case using the supplied facts and labels material assumptions or hypothetical examples when it introduces them. Do not require invented assumptions or a boilerplate disclaimer when none is needed; irrelevant or empty responses fail."", ""critical"": false}, {""id"": ""C5"", ""criterion"": ""Case check 5"", ""points"": 20.0, ""description"": ""Critical-error check: the response substantively addresses this case and does not endorse the following error; an irrelevant, empty or purely evasive response fails this criterion: Replacing all commands every week to guarantee engagement."", ""critical"": true}]",elementary
lesson-builder__cn21_07,lesson-builder,Teaching Material Generation,General Pedagogy,Elementary,medium,A teacher works with Grade 1-2 pupils on classroom routines. No complete command system or longitudinal classroom observation data is supplied.,"Most of the time the command system works well, but sometimes unexpected situations, such as safety hazards or student conflicts, require me to immediately take control of the whole class. How should I handle these special situations?
Provide a concrete response to this case and a brief rationale. Include a feasible way to check the proposed learning or teaching action. State material assumptions. Hypothetical examples are allowed; do not claim unseen classroom outcomes. Equivalent defensible approaches are welcome.","Answer only this case. Accept equivalent correct approaches and examples.
Correctness: Immediate hazards require a clear stop and teacher action, not a game.
Illustrative application (equivalent approaches accepted; only explicit question requirements are mandatory): State a simple stop signal, a supervised safe response and a later calm practice; defer specific emergency procedures to school arrangements.
Reject endorsement of: Using novelty or punishment in place of addressing an immediate hazard.","[{""id"": ""C1"", ""criterion"": ""Case check 1"", ""points"": 20.0, ""description"": ""Content check (equivalent correct explanations/examples accepted; the anchor example is not mandatory): Immediate hazards require a clear stop and teacher action, not a game."", ""critical"": true}, {""id"": ""C2"", ""criterion"": ""Case check 2"", ""points"": 20.0, ""description"": ""Provides a feasible, correct response to the actual user request. The following is an illustrative teaching approach, not a mandatory example, material, numeric value or fixed sequence unless explicitly requested in the question: State a simple stop signal, a supervised safe response and a later calm practice; defer specific emergency procedures to school arrangements. Accept other approaches that meet the same stated objective; do not deduct merely for not reproducing this illustration."", ""critical"": false}, {""id"": ""C3"", ""criterion"": ""Case check 3"", ""points"": 20.0, ""description"": ""The response gives an observable way to check the explanation or next teaching action for this specific case; a check for an unrelated topic does not meet this requirement."", ""critical"": false}, {""id"": ""C4"", ""criterion"": ""Case check 4"", ""points"": 20.0, ""description"": ""The response addresses this case using the supplied facts and labels material assumptions or hypothetical examples when it introduces them. Do not require invented assumptions or a boilerplate disclaimer when none is needed; irrelevant or empty responses fail."", ""critical"": false}, {""id"": ""C5"", ""criterion"": ""Case check 5"", ""points"": 20.0, ""description"": ""Critical-error check: the response substantively addresses this case and does not endorse the following error; an irrelevant, empty or purely evasive response fails this criterion: Using novelty or punishment in place of addressing an immediate hazard."", ""critical"": true}]",elementary
lesson-builder__cn21_08,lesson-builder,Teaching Material Generation,General Pedagogy,Elementary,medium,A teacher works with Grade 1-2 pupils on classroom routines. No complete command system or longitudinal classroom observation data is supplied.,"I use specific commands at school, but some parents say, 'At home, the children do not respond to these commands.' How should I communicate with parents, and how can I help students develop the habits at home as well?
Provide a concrete response to this case and a brief rationale. Include a feasible way to check the proposed learning or teaching action. State material assumptions. Hypothetical examples are allowed; do not claim unseen classroom outcomes. Equivalent defensible approaches are welcome.","Answer only this case. Accept equivalent correct approaches and examples.
Correctness: Home routines differ and require parent agreement.
Illustrative application (equivalent approaches accepted; only explicit question requirements are mandatory): Share the cue's purpose, offer a simple optional home adaptation and gather feedback.
Reject endorsement of: Assuming parents must duplicate school discipline or blaming families for nontransfer.","[{""id"": ""C1"", ""criterion"": ""Case check 1"", ""points"": 20.0, ""description"": ""Content check (equivalent correct explanations/examples accepted; the anchor example is not mandatory): Home routines differ and require parent agreement."", ""critical"": true}, {""id"": ""C2"", ""criterion"": ""Case check 2"", ""points"": 20.0, ""description"": ""Provides a feasible, correct response to the actual user request. The following is an illustrative teaching approach, not a mandatory example, material, numeric value or fixed sequence unless explicitly requested in the question: Share the cue's purpose, offer a simple optional home adaptation and gather feedback. Accept other approaches that meet the same stated objective; do not deduct merely for not reproducing this illustration."", ""critical"": false}, {""id"": ""C3"", ""criterion"": ""Case check 3"", ""points"": 20.0, ""description"": ""The response gives an observable way to check the explanation or next teaching action for this specific case; a check for an unrelated topic does not meet this requirement."", ""critical"": false}, {""id"": ""C4"", ""criterion"": ""Case check 4"", ""points"": 20.0, ""description"": ""The response addresses this case using the supplied facts and labels material assumptions or hypothetical examples when it introduces them. Do not require invented assumptions or a boilerplate disclaimer when none is needed; irrelevant or empty responses fail."", ""critical"": false}, {""id"": ""C5"", ""criterion"": ""Case check 5"", ""points"": 20.0, ""description"": ""Critical-error check: the response substantively addresses this case and does not endorse the following error; an irrelevant, empty or purely evasive response fails this criterion: Assuming parents must duplicate school discipline or blaming families for nontransfer."", ""critical"": true}]",elementary
lesson-builder__cn21_09,lesson-builder,Teaching Material Generation,General Pedagogy,Elementary,medium,A teacher works with Grade 1-2 pupils on classroom routines. No complete command system or longitudinal classroom observation data is supplied.,"My command and rhythm design suits regular lecture-style lessons, but for activity classes such as PE and art, how should I adjust the rhythm appropriately?
Provide a concrete response to this case and a brief rationale. Include a feasible way to check the proposed learning or teaching action. State material assumptions. Hypothetical examples are allowed; do not claim unseen classroom outcomes. Equivalent defensible approaches are welcome.","Answer only this case. Accept equivalent correct approaches and examples.
Correctness: PE and art have different movement and material constraints.
Illustrative application (equivalent approaches accepted; only explicit question requirements are mandatory): Adapt a stop/transition cue to each setting and include an observation check.
Reject endorsement of: Copying a seated classroom routine without regard to ongoing movement or tools.","[{""id"": ""C1"", ""criterion"": ""Case check 1"", ""points"": 20.0, ""description"": ""Content check (equivalent correct explanations/examples accepted; the anchor example is not mandatory): PE and art have different movement and material constraints."", ""critical"": true}, {""id"": ""C2"", ""criterion"": ""Case check 2"", ""points"": 20.0, ""description"": ""Provides a feasible, correct response to the actual user request. The following is an illustrative teaching approach, not a mandatory example, material, numeric value or fixed sequence unless explicitly requested in the question: Adapt a stop/transition cue to each setting and include an observation check. Accept other approaches that meet the same stated objective; do not deduct merely for not reproducing this illustration."", ""critical"": false}, {""id"": ""C3"", ""criterion"": ""Case check 3"", ""points"": 20.0, ""description"": ""The response gives an observable way to check the explanation or next teaching action for this specific case; a check for an unrelated topic does not meet this requirement."", ""critical"": false}, {""id"": ""C4"", ""criterion"": ""Case check 4"", ""points"": 20.0, ""description"": ""The response addresses this case using the supplied facts and labels material assumptions or hypothetical examples when it introduces them. Do not require invented assumptions or a boilerplate disclaimer when none is needed; irrelevant or empty responses fail."", ""critical"": false}, {""id"": ""C5"", ""criterion"": ""Case check 5"", ""points"": 20.0, ""description"": ""Critical-error check: the response substantively addresses this case and does not endorse the following error; an irrelevant, empty or purely evasive response fails this criterion: Copying a seated classroom routine without regard to ongoing movement or tools."", ""critical"": true}]",elementary
lesson-builder__cn21_10,lesson-builder,Teaching Material Generation,General Pedagogy,Elementary,medium,A teacher works with Grade 1-2 pupils on classroom routines. No complete command system or longitudinal classroom observation data is supplied.,"I have designed a complete action-oriented command system and classroom rhythm model. Can this system effectively manage lower-grade classrooms and be maintained over the long term? Are there areas that could be improved?
Provide a concrete response to this case and a brief rationale. Include a feasible way to check the proposed learning or teaching action. State material assumptions. Hypothetical examples are allowed; do not claim unseen classroom outcomes. Equivalent defensible approaches are welcome.
No complete plan is attached. Identify what is needed for an actual review and provide conditional review guidance; do not certify an unseen plan.","Answer only this case. Accept equivalent correct approaches and examples.
Correctness: The system and longitudinal observations are not supplied.
Illustrative application (equivalent approaches accepted; only explicit question requirements are mandatory): Request the design and give criteria for piloting clarity, participation and maintenance; separate predicted feasibility from observed effects.
Reject endorsement of: Certifying long-term habit change without data.","[{""id"": ""C1"", ""criterion"": ""Case check 1"", ""points"": 20.0, ""description"": ""Content check (equivalent correct explanations/examples accepted; the anchor example is not mandatory): The system and longitudinal observations are not supplied."", ""critical"": true}, {""id"": ""C2"", ""criterion"": ""Case check 2"", ""points"": 20.0, ""description"": ""Provides a feasible, correct response to the actual user request. The following is an illustrative teaching approach, not a mandatory example, material, numeric value or fixed sequence unless explicitly requested in the question: Request the design and give criteria for piloting clarity, participation and maintenance; separate predicted feasibility from observed effects. Accept other approaches that meet the same stated objective; do not deduct merely for not reproducing this illustration."", ""critical"": false}, {""id"": ""C3"", ""criterion"": ""Case check 3"", ""points"": 20.0, ""description"": ""The response gives an observable way to check the explanation or next teaching action for this specific case; a check for an unrelated topic does not meet this requirement."", ""critical"": false}, {""id"": ""C4"", ""criterion"": ""Case check 4"", ""points"": 20.0, ""description"": ""The response addresses this case using the supplied facts and labels material assumptions or hypothetical examples when it introduces them. Do not require invented assumptions or a boilerplate disclaimer when none is needed; irrelevant or empty responses fail."", ""critical"": false}, {""id"": ""C5"", ""criterion"": ""Case check 5"", ""points"": 20.0, ""description"": ""Critical-error check: the response substantively addresses this case and does not endorse the following error; an irrelevant, empty or purely evasive response fails this criterion: Certifying long-term habit change without data."", ""critical"": true}]",elementary
lesson-builder__cn22_01,lesson-builder,Teaching Material Generation,Mathematics,High school,hard,A senior-secondary mathematics teacher is preparing the concept named in the question.,"How do I thoroughly teach the concept of the hyperbola?
Provide a concrete response to this case and a brief rationale. Include a feasible way to check the proposed learning or teaching action. State material assumptions. Hypothetical examples are allowed; do not claim unseen classroom outcomes. Equivalent defensible approaches are welcome.","Answer only this case. Accept equivalent correct approaches and examples.
Correctness: A hyperbola is the locus of points whose absolute distance difference to two fixed foci separated by distance 2c is 2a with 0<2a<2c.
Illustrative application (equivalent approaches accepted; only explicit question requirements are mandatory): Compare points satisfying and violating the condition and connect to x^2/a^2-y^2/b^2=1 for foci (+/-c,0), where c^2=a^2+b^2.
Reject endorsement of: Using the sum of distances or omitting the nondegenerate condition.","[{""id"": ""C1"", ""criterion"": ""Case check 1"", ""points"": 20.0, ""description"": ""Content check (equivalent correct explanations/examples accepted; the anchor example is not mandatory): A hyperbola is the locus of points whose absolute distance difference to two fixed foci separated by distance 2c is 2a with 0<2a<2c."", ""critical"": true}, {""id"": ""C2"", ""criterion"": ""Case check 2"", ""points"": 20.0, ""description"": ""Provides a feasible, correct response to the actual user request. The following is an illustrative teaching approach, not a mandatory example, material, numeric value or fixed sequence unless explicitly requested in the question: Compare points satisfying and violating the condition and connect to x^2/a^2-y^2/b^2=1 for foci (+/-c,0), where c^2=a^2+b^2. Accept other approaches that meet the same stated objective; do not deduct merely for not reproducing this illustration."", ""critical"": false}, {""id"": ""C3"", ""criterion"": ""Case check 3"", ""points"": 20.0, ""description"": ""The response gives an observable way to check the explanation or next teaching action for this specific case; a check for an unrelated topic does not meet this requirement."", ""critical"": false}, {""id"": ""C4"", ""criterion"": ""Case check 4"", ""points"": 20.0, ""description"": ""The response addresses this case using the supplied facts and labels material assumptions or hypothetical examples when it introduces them. Do not require invented assumptions or a boilerplate disclaimer when none is needed; irrelevant or empty responses fail."", ""critical"": false}, {""id"": ""C5"", ""criterion"": ""Case check 5"", ""points"": 20.0, ""description"": ""Critical-error check: the response substantively addresses this case and does not endorse the following error; an irrelevant, empty or purely evasive response fails this criterion: Using the sum of distances or omitting the nondegenerate condition."", ""critical"": true}]",high_school
lesson-builder__cn22_02,lesson-builder,Teaching Material Generation,Mathematics,High school,hard,A senior-secondary mathematics teacher is preparing the concept named in the question.,"How do I thoroughly teach the concept of the parabola?
Provide a concrete response to this case and a brief rationale. Include a feasible way to check the proposed learning or teaching action. State material assumptions. Hypothetical examples are allowed; do not claim unseen classroom outcomes. Equivalent defensible approaches are welcome.","Answer only this case. Accept equivalent correct approaches and examples.
Correctness: A parabola consists of points equidistant from a focus and a directrix not containing it.
Illustrative application (equivalent approaches accepted; only explicit question requirements are mandatory): Construct or tabulate distances and connect one labelled diagram to the equation.
Reject endorsement of: Equating two focal distances as the definition.","[{""id"": ""C1"", ""criterion"": ""Case check 1"", ""points"": 20.0, ""description"": ""Content check (equivalent correct explanations/examples accepted; the anchor example is not mandatory): A parabola consists of points equidistant from a focus and a directrix not containing it."", ""critical"": true}, {""id"": ""C2"", ""criterion"": ""Case check 2"", ""points"": 20.0, ""description"": ""Provides a feasible, correct response to the actual user request. The following is an illustrative teaching approach, not a mandatory example, material, numeric value or fixed sequence unless explicitly requested in the question: Construct or tabulate distances and connect one labelled diagram to the equation. Accept other approaches that meet the same stated objective; do not deduct merely for not reproducing this illustration."", ""critical"": false}, {""id"": ""C3"", ""criterion"": ""Case check 3"", ""points"": 20.0, ""description"": ""The response gives an observable way to check the explanation or next teaching action for this specific case; a check for an unrelated topic does not meet this requirement."", ""critical"": false}, {""id"": ""C4"", ""criterion"": ""Case check 4"", ""points"": 20.0, ""description"": ""The response addresses this case using the supplied facts and labels material assumptions or hypothetical examples when it introduces them. Do not require invented assumptions or a boilerplate disclaimer when none is needed; irrelevant or empty responses fail."", ""critical"": false}, {""id"": ""C5"", ""criterion"": ""Case check 5"", ""points"": 20.0, ""description"": ""Critical-error check: the response substantively addresses this case and does not endorse the following error; an irrelevant, empty or purely evasive response fails this criterion: Equating two focal distances as the definition."", ""critical"": true}]",high_school
lesson-builder__cn22_03,lesson-builder,Teaching Material Generation,Mathematics,High school,hard,A senior-secondary mathematics teacher is preparing the concept named in the question.,"How do I thoroughly teach the concept of a circle (from the locus perspective)?
Provide a concrete response to this case and a brief rationale. Include a feasible way to check the proposed learning or teaching action. State material assumptions. Hypothetical examples are allowed; do not claim unseen classroom outcomes. Equivalent defensible approaches are welcome.","Answer only this case. Accept equivalent correct approaches and examples.
Correctness: A circle is the locus at fixed positive distance r from a center.
Illustrative application (equivalent approaches accepted; only explicit question requirements are mandatory): Connect the distance definition to (x-h)^2+(y-k)^2=r^2 and check inside/on/outside points.
Reject endorsement of: Using distance less than r as the circumference definition.","[{""id"": ""C1"", ""criterion"": ""Case check 1"", ""points"": 20.0, ""description"": ""Content check (equivalent correct explanations/examples accepted; the anchor example is not mandatory): A circle is the locus at fixed positive distance r from a center."", ""critical"": true}, {""id"": ""C2"", ""criterion"": ""Case check 2"", ""points"": 20.0, ""description"": ""Provides a feasible, correct response to the actual user request. The following is an illustrative teaching approach, not a mandatory example, material, numeric value or fixed sequence unless explicitly requested in the question: Connect the distance definition to (x-h)^2+(y-k)^2=r^2 and check inside/on/outside points. Accept other approaches that meet the same stated objective; do not deduct merely for not reproducing this illustration."", ""critical"": false}, {""id"": ""C3"", ""criterion"": ""Case check 3"", ""points"": 20.0, ""description"": ""The response gives an observable way to check the explanation or next teaching action for this specific case; a check for an unrelated topic does not meet this requirement."", ""critical"": false}, {""id"": ""C4"", ""criterion"": ""Case check 4"", ""points"": 20.0, ""description"": ""The response addresses this case using the supplied facts and labels material assumptions or hypothetical examples when it introduces them. Do not require invented assumptions or a boilerplate disclaimer when none is needed; irrelevant or empty responses fail."", ""critical"": false}, {""id"": ""C5"", ""criterion"": ""Case check 5"", ""points"": 20.0, ""description"": ""Critical-error check: the response substantively addresses this case and does not endorse the following error; an irrelevant, empty or purely evasive response fails this criterion: Using distance less than r as the circumference definition."", ""critical"": true}]",high_school
lesson-builder__cn22_04,lesson-builder,Teaching Material Generation,Mathematics,High school,hard,A senior-secondary mathematics teacher is preparing the concept named in the question.,"How do I thoroughly teach the concept of parity of functions?
Provide a concrete response to this case and a brief rationale. Include a feasible way to check the proposed learning or teaching action. State material assumptions. Hypothetical examples are allowed; do not claim unseen classroom outcomes. Equivalent defensible approaches are welcome.","Answer only this case. Accept equivalent correct approaches and examples.
Correctness: Even/odd functions require a domain symmetric about zero and respectively f(-x)=f(x) or f(-x)=-f(x).
Illustrative application (equivalent approaches accepted; only explicit question requirements are mandatory): Compare x^2, x^3 and a nonsymmetric-domain restriction; allow the zero function to be both.
Reject endorsement of: Ignoring the domain or assuming every function is even or odd.","[{""id"": ""C1"", ""criterion"": ""Case check 1"", ""points"": 20.0, ""description"": ""Content check (equivalent correct explanations/examples accepted; the anchor example is not mandatory): Even/odd functions require a domain symmetric about zero and respectively f(-x)=f(x) or f(-x)=-f(x)."", ""critical"": true}, {""id"": ""C2"", ""criterion"": ""Case check 2"", ""points"": 20.0, ""description"": ""Provides a feasible, correct response to the actual user request. The following is an illustrative teaching approach, not a mandatory example, material, numeric value or fixed sequence unless explicitly requested in the question: Compare x^2, x^3 and a nonsymmetric-domain restriction; allow the zero function to be both. Accept other approaches that meet the same stated objective; do not deduct merely for not reproducing this illustration."", ""critical"": false}, {""id"": ""C3"", ""criterion"": ""Case check 3"", ""points"": 20.0, ""description"": ""The response gives an observable way to check the explanation or next teaching action for this specific case; a check for an unrelated topic does not meet this requirement."", ""critical"": false}, {""id"": ""C4"", ""criterion"": ""Case check 4"", ""points"": 20.0, ""description"": ""The response addresses this case using the supplied facts and labels material assumptions or hypothetical examples when it introduces them. Do not require invented assumptions or a boilerplate disclaimer when none is needed; irrelevant or empty responses fail."", ""critical"": false}, {""id"": ""C5"", ""criterion"": ""Case check 5"", ""points"": 20.0, ""description"": ""Critical-error check: the response substantively addresses this case and does not endorse the following error; an irrelevant, empty or purely evasive response fails this criterion: Ignoring the domain or assuming every function is even or odd."", ""critical"": true}]",high_school
lesson-builder__cn22_05,lesson-builder,Teaching Material Generation,Mathematics,High school,hard,A senior-secondary mathematics teacher is preparing the concept named in the question.,"How do I thoroughly teach the concept of arithmetic sequences?
Provide a concrete response to this case and a brief rationale. Include a feasible way to check the proposed learning or teaching action. State material assumptions. Hypothetical examples are allowed; do not claim unseen classroom outcomes. Equivalent defensible approaches are welcome.","Answer only this case. Accept equivalent correct approaches and examples.
Correctness: An arithmetic sequence has constant consecutive difference.
Illustrative application (equivalent approaches accepted; only explicit question requirements are mandatory): Connect a_n=a_1+(n-1)d to a table and a nonexample, including d=0.
Reject endorsement of: Confusing constant difference with constant ratio.","[{""id"": ""C1"", ""criterion"": ""Case check 1"", ""points"": 20.0, ""description"": ""Content check (equivalent correct explanations/examples accepted; the anchor example is not mandatory): An arithmetic sequence has constant consecutive difference."", ""critical"": true}, {""id"": ""C2"", ""criterion"": ""Case check 2"", ""points"": 20.0, ""description"": ""Provides a feasible, correct response to the actual user request. The following is an illustrative teaching approach, not a mandatory example, material, numeric value or fixed sequence unless explicitly requested in the question: Connect a_n=a_1+(n-1)d to a table and a nonexample, including d=0. Accept other approaches that meet the same stated objective; do not deduct merely for not reproducing this illustration."", ""critical"": false}, {""id"": ""C3"", ""criterion"": ""Case check 3"", ""points"": 20.0, ""description"": ""The response gives an observable way to check the explanation or next teaching action for this specific case; a check for an unrelated topic does not meet this requirement."", ""critical"": false}, {""id"": ""C4"", ""criterion"": ""Case check 4"", ""points"": 20.0, ""description"": ""The response addresses this case using the supplied facts and labels material assumptions or hypothetical examples when it introduces them. Do not require invented assumptions or a boilerplate disclaimer when none is needed; irrelevant or empty responses fail."", ""critical"": false}, {""id"": ""C5"", ""criterion"": ""Case check 5"", ""points"": 20.0, ""description"": ""Critical-error check: the response substantively addresses this case and does not endorse the following error; an irrelevant, empty or purely evasive response fails this criterion: Confusing constant difference with constant ratio."", ""critical"": true}]",high_school
lesson-builder__cn22_06,lesson-builder,Teaching Material Generation,Mathematics,High school,hard,A senior-secondary mathematics teacher is preparing the concept named in the question.,"How do I thoroughly teach the concept of plane vectors?
Provide a concrete response to this case and a brief rationale. Include a feasible way to check the proposed learning or teaching action. State material assumptions. Hypothetical examples are allowed; do not claim unseen classroom outcomes. Equivalent defensible approaches are welcome.","Answer only this case. Accept equivalent correct approaches and examples.
Correctness: A nonzero Euclidean plane vector has magnitude and direction; the zero vector has zero magnitude and no unique direction. Equality of free vectors is independent of drawn position.
Illustrative application (equivalent approaches accepted; only explicit question requirements are mandatory): Connect arrows, displacement and coordinates; distinguish points, scalars and the zero vector.
Reject endorsement of: Treating length alone as a vector or assigning a direction to the zero vector.","[{""id"": ""C1"", ""criterion"": ""Case check 1"", ""points"": 20.0, ""description"": ""Content check (equivalent correct explanations/examples accepted; the anchor example is not mandatory): A nonzero Euclidean plane vector has magnitude and direction; the zero vector has zero magnitude and no unique direction. Equality of free vectors is independent of drawn position."", ""critical"": true}, {""id"": ""C2"", ""criterion"": ""Case check 2"", ""points"": 20.0, ""description"": ""Provides a feasible, correct response to the actual user request. The following is an illustrative teaching approach, not a mandatory example, material, numeric value or fixed sequence unless explicitly requested in the question: Connect arrows, displacement and coordinates; distinguish points, scalars and the zero vector. Accept other approaches that meet the same stated objective; do not deduct merely for not reproducing this illustration."", ""critical"": false}, {""id"": ""C3"", ""criterion"": ""Case check 3"", ""points"": 20.0, ""description"": ""The response gives an observable way to check the explanation or next teaching action for this specific case; a check for an unrelated topic does not meet this requirement."", ""critical"": false}, {""id"": ""C4"", ""criterion"": ""Case check 4"", ""points"": 20.0, ""description"": ""The response addresses this case using the supplied facts and labels material assumptions or hypothetical examples when it introduces them. Do not require invented assumptions or a boilerplate disclaimer when none is needed; irrelevant or empty responses fail."", ""critical"": false}, {""id"": ""C5"", ""criterion"": ""Case check 5"", ""points"": 20.0, ""description"": ""Critical-error check: the response substantively addresses this case and does not endorse the following error; an irrelevant, empty or purely evasive response fails this criterion: Treating length alone as a vector or assigning a direction to the zero vector."", ""critical"": true}]",high_school
lesson-builder__cn22_07,lesson-builder,Teaching Material Generation,Mathematics,High school,hard,A senior-secondary mathematics teacher is preparing the concept named in the question.,"How do I thoroughly teach the concept of the derivative (instantaneous rate of change)?
Provide a concrete response to this case and a brief rationale. Include a feasible way to check the proposed learning or teaching action. State material assumptions. Hypothetical examples are allowed; do not claim unseen classroom outcomes. Equivalent defensible approaches are welcome.","Answer only this case. Accept equivalent correct approaches and examples.
Correctness: A derivative is a limit of secant slopes when that limit exists.
Illustrative application (equivalent approaches accepted; only explicit question requirements are mandatory): Use f(x)=x^2, quotient 2x+h for h!=0 and a shrinking-step representation.
Reject endorsement of: Setting h=0 in a quotient before taking the limit.","[{""id"": ""C1"", ""criterion"": ""Case check 1"", ""points"": 20.0, ""description"": ""Content check (equivalent correct explanations/examples accepted; the anchor example is not mandatory): A derivative is a limit of secant slopes when that limit exists."", ""critical"": true}, {""id"": ""C2"", ""criterion"": ""Case check 2"", ""points"": 20.0, ""description"": ""Provides a feasible, correct response to the actual user request. The following is an illustrative teaching approach, not a mandatory example, material, numeric value or fixed sequence unless explicitly requested in the question: Use f(x)=x^2, quotient 2x+h for h!=0 and a shrinking-step representation. Accept other approaches that meet the same stated objective; do not deduct merely for not reproducing this illustration."", ""critical"": false}, {""id"": ""C3"", ""criterion"": ""Case check 3"", ""points"": 20.0, ""description"": ""The response gives an observable way to check the explanation or next teaching action for this specific case; a check for an unrelated topic does not meet this requirement."", ""critical"": false}, {""id"": ""C4"", ""criterion"": ""Case check 4"", ""points"": 20.0, ""description"": ""The response addresses this case using the supplied facts and labels material assumptions or hypothetical examples when it introduces them. Do not require invented assumptions or a boilerplate disclaimer when none is needed; irrelevant or empty responses fail."", ""critical"": false}, {""id"": ""C5"", ""criterion"": ""Case check 5"", ""points"": 20.0, ""description"": ""Critical-error check: the response substantively addresses this case and does not endorse the following error; an irrelevant, empty or purely evasive response fails this criterion: Setting h=0 in a quotient before taking the limit."", ""critical"": true}]",high_school
lesson-builder__cn22_08,lesson-builder,Teaching Material Generation,Mathematics,High school,hard,A senior-secondary mathematics teacher is preparing the concept named in the question.,"How do I thoroughly teach the concept of complex numbers?
Provide a concrete response to this case and a brief rationale. Include a feasible way to check the proposed learning or teaching action. State material assumptions. Hypothetical examples are allowed; do not claim unseen classroom outcomes. Equivalent defensible approaches are welcome.","Answer only this case. Accept equivalent correct approaches and examples.
Correctness: Complex numbers a+bi extend real arithmetic with i^2=-1.
Illustrative application (equivalent approaches accepted; only explicit question requirements are mandatory): Connect (a,b) to the complex plane and verify that x^2+1=0 has roots plus/minus i.
Reject endorsement of: Treating i as a real number or omitting one root.","[{""id"": ""C1"", ""criterion"": ""Case check 1"", ""points"": 20.0, ""description"": ""Content check (equivalent correct explanations/examples accepted; the anchor example is not mandatory): Complex numbers a+bi extend real arithmetic with i^2=-1."", ""critical"": true}, {""id"": ""C2"", ""criterion"": ""Case check 2"", ""points"": 20.0, ""description"": ""Provides a feasible, correct response to the actual user request. The following is an illustrative teaching approach, not a mandatory example, material, numeric value or fixed sequence unless explicitly requested in the question: Connect (a,b) to the complex plane and verify that x^2+1=0 has roots plus/minus i. Accept other approaches that meet the same stated objective; do not deduct merely for not reproducing this illustration."", ""critical"": false}, {""id"": ""C3"", ""criterion"": ""Case check 3"", ""points"": 20.0, ""description"": ""The response gives an observable way to check the explanation or next teaching action for this specific case; a check for an unrelated topic does not meet this requirement."", ""critical"": false}, {""id"": ""C4"", ""criterion"": ""Case check 4"", ""points"": 20.0, ""description"": ""The response addresses this case using the supplied facts and labels material assumptions or hypothetical examples when it introduces them. Do not require invented assumptions or a boilerplate disclaimer when none is needed; irrelevant or empty responses fail."", ""critical"": false}, {""id"": ""C5"", ""criterion"": ""Case check 5"", ""points"": 20.0, ""description"": ""Critical-error check: the response substantively addresses this case and does not endorse the following error; an irrelevant, empty or purely evasive response fails this criterion: Treating i as a real number or omitting one root."", ""critical"": true}]",high_school
lesson-builder__cn22_09,lesson-builder,Teaching Material Generation,Mathematics,High school,hard,A senior-secondary mathematics teacher is preparing the concept named in the question.,"How do I thoroughly teach the concept of random events?
Provide a concrete response to this case and a brief rationale. Include a feasible way to check the proposed learning or teaching action. State material assumptions. Hypothetical examples are allowed; do not claim unseen classroom outcomes. Equivalent defensible approaches are welcome.","Answer only this case. Accept equivalent correct approaches and examples.
Correctness: An event is a subset of a stated sample space.
Illustrative application (equivalent approaches accepted; only explicit question requirements are mandatory): Use a finite die example to contrast elementary, impossible and certain events and explain that probability needs a model.
Reject endorsement of: Assuming every listed outcome is equally likely without justification.","[{""id"": ""C1"", ""criterion"": ""Case check 1"", ""points"": 20.0, ""description"": ""Content check (equivalent correct explanations/examples accepted; the anchor example is not mandatory): An event is a subset of a stated sample space."", ""critical"": true}, {""id"": ""C2"", ""criterion"": ""Case check 2"", ""points"": 20.0, ""description"": ""Provides a feasible, correct response to the actual user request. The following is an illustrative teaching approach, not a mandatory example, material, numeric value or fixed sequence unless explicitly requested in the question: Use a finite die example to contrast elementary, impossible and certain events and explain that probability needs a model. Accept other approaches that meet the same stated objective; do not deduct merely for not reproducing this illustration."", ""critical"": false}, {""id"": ""C3"", ""criterion"": ""Case check 3"", ""points"": 20.0, ""description"": ""The response gives an observable way to check the explanation or next teaching action for this specific case; a check for an unrelated topic does not meet this requirement."", ""critical"": false}, {""id"": ""C4"", ""criterion"": ""Case check 4"", ""points"": 20.0, ""description"": ""The response addresses this case using the supplied facts and labels material assumptions or hypothetical examples when it introduces them. Do not require invented assumptions or a boilerplate disclaimer when none is needed; irrelevant or empty responses fail."", ""critical"": false}, {""id"": ""C5"", ""criterion"": ""Case check 5"", ""points"": 20.0, ""description"": ""Critical-error check: the response substantively addresses this case and does not endorse the following error; an irrelevant, empty or purely evasive response fails this criterion: Assuming every listed outcome is equally likely without justification."", ""critical"": true}]",high_school
retrieval-practice-generator__cn23_01,retrieval-practice-generator,Question Generation,Mathematics,Senior High School,hard,"A senior-secondary mathematics teacher requests one three-item variant set for a 15-20 minute segment: a misconception probe, a disguised application and a flawed-solution repair. Include answer guidance.","How should I design varied problem sets to break through the key error-prone points of ""the domain of a function"" (such as implicit conditions and denominators not being zero)?
Provide a concrete response to this case and a brief rationale. Include a feasible way to check the proposed learning or teaching action. State material assumptions. Hypothetical examples are allowed; do not claim unseen classroom outcomes. Equivalent defensible approaches are welcome.","Answer only this case. Accept equivalent correct approaches and examples.
Correctness: For (x-2)/(x^2-4), the original domain excludes both -2 and 2 even after cancellation. For sqrt(x-1)/(x-2), require x>=1 and x!=2. State all original denominator/radical/log conditions before simplifying.
Illustrative application (equivalent approaches accepted; only explicit question requirements are mandatory): Provide one three-item set about function domains: an explicit misconception trap, a disguised application and a flawed-solution repair. Include correct answers, the condition each item probes and a short teacher follow-up.
Reject endorsement of: Canceling a factor and reinstating an excluded input.","[{""id"": ""C1"", ""criterion"": ""Case check 1"", ""points"": 14.285714285714286, ""description"": ""Content check (equivalent correct explanations/examples accepted; the anchor example is not mandatory): For (x-2)/(x^2-4), the original domain excludes both -2 and 2 even after cancellation."", ""critical"": true}, {""id"": ""C2"", ""criterion"": ""Case check 2"", ""points"": 14.285714285714286, ""description"": ""Content check (equivalent correct explanations/examples accepted; the anchor example is not mandatory): For sqrt(x-1)/(x-2), require x>=1 and x!=2."", ""critical"": true}, {""id"": ""C3"", ""criterion"": ""Case check 3"", ""points"": 14.285714285714286, ""description"": ""Content check (equivalent correct explanations/examples accepted; the anchor example is not mandatory): State all original denominator/radical/log conditions before simplifying."", ""critical"": true}, {""id"": ""C4"", ""criterion"": ""Case check 4"", ""points"": 14.285714285714286, ""description"": ""Provides a feasible, correct response to the actual user request. The following is an illustrative teaching approach, not a mandatory example, material, numeric value or fixed sequence unless explicitly requested in the question: Provide one three-item set about function domains: an explicit misconception trap, a disguised application and a flawed-solution repair. Include correct answers, the condition each item probes and a short teacher follow-up. Accept other approaches that meet the same stated objective; do not deduct merely for not reproducing this illustration."", ""critical"": false}, {""id"": ""C5"", ""criterion"": ""Case check 5"", ""points"": 14.285714285714286, ""description"": ""The response gives an observable way to check the explanation or next teaching action for this specific case; a check for an unrelated topic does not meet this requirement."", ""critical"": false}, {""id"": ""C6"", ""criterion"": ""Case check 6"", ""points"": 14.285714285714286, ""description"": ""The response addresses this case using the supplied facts and labels material assumptions or hypothetical examples when it introduces them. Do not require invented assumptions or a boilerplate disclaimer when none is needed; irrelevant or empty responses fail."", ""critical"": false}, {""id"": ""C7"", ""criterion"": ""Case check 7"", ""points"": 14.285714285714286, ""description"": ""Critical-error check: the response substantively addresses this case and does not endorse the following error; an irrelevant, empty or purely evasive response fails this criterion: Canceling a factor and reinstating an excluded input."", ""critical"": true}]",high_school
retrieval-practice-generator__cn23_02,retrieval-practice-generator,Question Generation,Mathematics,Senior High School,hard,"A senior-secondary mathematics teacher requests one three-item variant set for a 15-20 minute segment: a misconception probe, a disguised application and a flawed-solution repair. Include answer guidance.","How should I design varied problem sets to break through the error-prone point of the condition for equality in the basic inequality?
Provide a concrete response to this case and a brief rationale. Include a feasible way to check the proposed learning or teaching action. State material assumptions. Hypothetical examples are allowed; do not claim unseen classroom outcomes. Equivalent defensible approaches are welcome.","Answer only this case. Accept equivalent correct approaches and examples.
Correctness: For a,b>=0, (a+b)/2>=sqrt(ab), with equality iff a=b. For x>0, x+4/x>=4 with equality at x=2. Applying the square-root form to arbitrary negative terms is invalid.
Illustrative application (equivalent approaches accepted; only explicit question requirements are mandatory): Provide one three-item set about AM-GM equality: an explicit misconception trap, a disguised application and a flawed-solution repair. Include correct answers, the condition each item probes and a short teacher follow-up.
Reject endorsement of: Claiming equality without testing attainability, or applying the stated inequality outside its domain.","[{""id"": ""C1"", ""criterion"": ""Case check 1"", ""points"": 14.285714285714286, ""description"": ""Content check (equivalent correct explanations/examples accepted; the anchor example is not mandatory): For a,b>=0, (a+b)/2>=sqrt(ab), with equality iff a=b."", ""critical"": true}, {""id"": ""C2"", ""criterion"": ""Case check 2"", ""points"": 14.285714285714286, ""description"": ""Content check (equivalent correct explanations/examples accepted; the anchor example is not mandatory): For x>0, x+4/x>=4 with equality at x=2."", ""critical"": true}, {""id"": ""C3"", ""criterion"": ""Case check 3"", ""points"": 14.285714285714286, ""description"": ""Content check (equivalent correct explanations/examples accepted; the anchor example is not mandatory): Applying the square-root form to arbitrary negative terms is invalid."", ""critical"": true}, {""id"": ""C4"", ""criterion"": ""Case check 4"", ""points"": 14.285714285714286, ""description"": ""Provides a feasible, correct response to the actual user request. The following is an illustrative teaching approach, not a mandatory example, material, numeric value or fixed sequence unless explicitly requested in the question: Provide one three-item set about AM-GM equality: an explicit misconception trap, a disguised application and a flawed-solution repair. Include correct answers, the condition each item probes and a short teacher follow-up. Accept other approaches that meet the same stated objective; do not deduct merely for not reproducing this illustration."", ""critical"": false}, {""id"": ""C5"", ""criterion"": ""Case check 5"", ""points"": 14.285714285714286, ""description"": ""The response gives an observable way to check the explanation or next teaching action for this specific case; a check for an unrelated topic does not meet this requirement."", ""critical"": false}, {""id"": ""C6"", ""criterion"": ""Case check 6"", ""points"": 14.285714285714286, ""description"": ""The response addresses this case using the supplied facts and labels material assumptions or hypothetical examples when it introduces them. Do not require invented assumptions or a boilerplate disclaimer when none is needed; irrelevant or empty responses fail."", ""critical"": false}, {""id"": ""C7"", ""criterion"": ""Case check 7"", ""points"": 14.285714285714286, ""description"": ""Critical-error check: the response substantively addresses this case and does not endorse the following error; an irrelevant, empty or purely evasive response fails this criterion: Claiming equality without testing attainability, or applying the stated inequality outside its domain."", ""critical"": true}]",high_school
retrieval-practice-generator__cn23_03,retrieval-practice-generator,Question Generation,Mathematics,Senior High School,hard,"A senior-secondary mathematics teacher requests one three-item variant set for a 15-20 minute segment: a misconception probe, a disguised application and a flawed-solution repair. Include answer guidance.","How should I design varied problem sets to break through the error-prone points of ""the distribution of roots of a quadratic function""?
Provide a concrete response to this case and a brief rationale. Include a feasible way to check the proposed learning or teaching action. State material assumptions. Hypothetical examples are allowed; do not claim unseen classroom outcomes. Equivalent defensible approaches are welcome.","Answer only this case. Accept equivalent correct approaches and examples.
Correctness: Assume a!=0. A discriminant establishes real roots, not their positions. To locate roots use roots/vertex/endpoints with boundary cases. x^2-5x+6 has roots 2,3, so Delta>0 alone does not imply roots in (0,1). x^2-x+3/16 has roots 1/4,3/4 in (0,1).
Illustrative application (equivalent approaches accepted; only explicit question requirements are mandatory): Provide one three-item set about quadratic root location: an explicit misconception trap, a disguised application and a flawed-solution repair. Include correct answers, the condition each item probes and a short teacher follow-up.
Reject endorsement of: Using only Delta>0 to certify an interval location.","[{""id"": ""C1"", ""criterion"": ""Case check 1"", ""points"": 14.285714285714286, ""description"": ""Content check (equivalent correct explanations/examples accepted; the anchor example is not mandatory): Assume a!=0."", ""critical"": true}, {""id"": ""C2"", ""criterion"": ""Case check 2"", ""points"": 14.285714285714286, ""description"": ""Content check (equivalent correct explanations/examples accepted; the anchor example is not mandatory): A discriminant establishes real roots, not their positions."", ""critical"": true}, {""id"": ""C3"", ""criterion"": ""Case check 3"", ""points"": 14.285714285714286, ""description"": ""Content check (equivalent correct explanations/examples accepted; the anchor example is not mandatory): To locate roots use roots/vertex/endpoints with boundary cases. x^2-5x+6 has roots 2,3, so Delta>0 alone does not imply roots in (0,1). x^2-x+3/16 has roots 1/4,3/4 in (0,1)."", ""critical"": true}, {""id"": ""C4"", ""criterion"": ""Case check 4"", ""points"": 14.285714285714286, ""description"": ""Provides a feasible, correct response to the actual user request. The following is an illustrative teaching approach, not a mandatory example, material, numeric value or fixed sequence unless explicitly requested in the question: Provide one three-item set about quadratic root location: an explicit misconception trap, a disguised application and a flawed-solution repair. Include correct answers, the condition each item probes and a short teacher follow-up. Accept other approaches that meet the same stated objective; do not deduct merely for not reproducing this illustration."", ""critical"": false}, {""id"": ""C5"", ""criterion"": ""Case check 5"", ""points"": 14.285714285714286, ""description"": ""The response gives an observable way to check the explanation or next teaching action for this specific case; a check for an unrelated topic does not meet this requirement."", ""critical"": false}, {""id"": ""C6"", ""criterion"": ""Case check 6"", ""points"": 14.285714285714286, ""description"": ""The response addresses this case using the supplied facts and labels material assumptions or hypothetical examples when it introduces them. Do not require invented assumptions or a boilerplate disclaimer when none is needed; irrelevant or empty responses fail."", ""critical"": false}, {""id"": ""C7"", ""criterion"": ""Case check 7"", ""points"": 14.285714285714286, ""description"": ""Critical-error check: the response substantively addresses this case and does not endorse the following error; an irrelevant, empty or purely evasive response fails this criterion: Using only Delta>0 to certify an interval location."", ""critical"": true}]",high_school
retrieval-practice-generator__cn23_04,retrieval-practice-generator,Question Generation,Mathematics,Senior High School,hard,"A senior-secondary mathematics teacher requests one three-item variant set for a 15-20 minute segment: a misconception probe, a disguised application and a flawed-solution repair. Include answer guidance.","How should I design varied problem sets to break through the sign error-prone points of ""trigonometric reduction formulas""?
Provide a concrete response to this case and a brief rationale. Include a feasible way to check the proposed learning or teaching action. State material assumptions. Hypothetical examples are allowed; do not claim unseen classroom outcomes. Equivalent defensible approaches are welcome.","Answer only this case. Accept equivalent correct approaches and examples.
Correctness: sin(pi-theta)=sin(theta), cos(pi-theta)=-cos(theta), sin(-theta)=-sin(theta). Track function, quadrant and sign; for theta=pi/6, cos(5*pi/6)=-sqrt(3)/2.
Illustrative application (equivalent approaches accepted; only explicit question requirements are mandatory): Provide one three-item set about trigonometric signs: an explicit misconception trap, a disguised application and a flawed-solution repair. Include correct answers, the condition each item probes and a short teacher follow-up.
Reject endorsement of: Dropping the quadrant sign or treating every trigonometric function as odd.","[{""id"": ""C1"", ""criterion"": ""Case check 1"", ""points"": 16.666666666666668, ""description"": ""Content check (equivalent correct explanations/examples accepted; the anchor example is not mandatory): sin(pi-theta)=sin(theta), cos(pi-theta)=-cos(theta), sin(-theta)=-sin(theta)."", ""critical"": true}, {""id"": ""C2"", ""criterion"": ""Case check 2"", ""points"": 16.666666666666668, ""description"": ""Content check (equivalent correct explanations/examples accepted; the anchor example is not mandatory): Track function, quadrant and sign; for theta=pi/6, cos(5*pi/6)=-sqrt(3)/2."", ""critical"": true}, {""id"": ""C3"", ""criterion"": ""Case check 3"", ""points"": 16.666666666666668, ""description"": ""Provides a feasible, correct response to the actual user request. The following is an illustrative teaching approach, not a mandatory example, material, numeric value or fixed sequence unless explicitly requested in the question: Provide one three-item set about trigonometric signs: an explicit misconception trap, a disguised application and a flawed-solution repair. Include correct answers, the condition each item probes and a short teacher follow-up. Accept other approaches that meet the same stated objective; do not deduct merely for not reproducing this illustration."", ""critical"": false}, {""id"": ""C4"", ""criterion"": ""Case check 4"", ""points"": 16.666666666666668, ""description"": ""The response gives an observable way to check the explanation or next teaching action for this specific case; a check for an unrelated topic does not meet this requirement."", ""critical"": false}, {""id"": ""C5"", ""criterion"": ""Case check 5"", ""points"": 16.666666666666668, ""description"": ""The response addresses this case using the supplied facts and labels material assumptions or hypothetical examples when it introduces them. Do not require invented assumptions or a boilerplate disclaimer when none is needed; irrelevant or empty responses fail."", ""critical"": false}, {""id"": ""C6"", ""criterion"": ""Case check 6"", ""points"": 16.666666666666668, ""description"": ""Critical-error check: the response substantively addresses this case and does not endorse the following error; an irrelevant, empty or purely evasive response fails this criterion: Dropping the quadrant sign or treating every trigonometric function as odd."", ""critical"": true}]",high_school
retrieval-practice-generator__cn23_05,retrieval-practice-generator,Question Generation,Mathematics,Senior High School,hard,"A senior-secondary mathematics teacher requests one three-item variant set for a 15-20 minute segment: a misconception probe, a disguised application and a flawed-solution repair. Include answer guidance.","How should I design varied problem sets to break through the error-prone points in determining ""the monotonicity of sequences""?
Provide a concrete response to this case and a brief rationale. Include a feasible way to check the proposed learning or teaching action. State material assumptions. Hypothetical examples are allowed; do not claim unseen classroom outcomes. Equivalent defensible approaches are welcome.","Answer only this case. Accept equivalent correct approaches and examples.
Correctness: For a real sequence compare a_(n+1)-a_n on the stated index domain. Ratio tests require sign assumptions; a_n=-1/n for n>=1 increases although a_(n+1)/a_n=n/(n+1)<1.
Illustrative application (equivalent approaches accepted; only explicit question requirements are mandatory): Provide one three-item set about sequence monotonicity: an explicit misconception trap, a disguised application and a flawed-solution repair. Include correct answers, the condition each item probes and a short teacher follow-up.
Reject endorsement of: Inferring decrease from ratio<1 for a negative sequence.","[{""id"": ""C1"", ""criterion"": ""Case check 1"", ""points"": 16.666666666666668, ""description"": ""Content check (equivalent correct explanations/examples accepted; the anchor example is not mandatory): For a real sequence compare a_(n+1)-a_n on the stated index domain."", ""critical"": true}, {""id"": ""C2"", ""criterion"": ""Case check 2"", ""points"": 16.666666666666668, ""description"": ""Content check (equivalent correct explanations/examples accepted; the anchor example is not mandatory): Ratio tests require sign assumptions; a_n=-1/n for n>=1 increases although a_(n+1)/a_n=n/(n+1)<1."", ""critical"": true}, {""id"": ""C3"", ""criterion"": ""Case check 3"", ""points"": 16.666666666666668, ""description"": ""Provides a feasible, correct response to the actual user request. The following is an illustrative teaching approach, not a mandatory example, material, numeric value or fixed sequence unless explicitly requested in the question: Provide one three-item set about sequence monotonicity: an explicit misconception trap, a disguised application and a flawed-solution repair. Include correct answers, the condition each item probes and a short teacher follow-up. Accept other approaches that meet the same stated objective; do not deduct merely for not reproducing this illustration."", ""critical"": false}, {""id"": ""C4"", ""criterion"": ""Case check 4"", ""points"": 16.666666666666668, ""description"": ""The response gives an observable way to check the explanation or next teaching action for this specific case; a check for an unrelated topic does not meet this requirement."", ""critical"": false}, {""id"": ""C5"", ""criterion"": ""Case check 5"", ""points"": 16.666666666666668, ""description"": ""The response addresses this case using the supplied facts and labels material assumptions or hypothetical examples when it introduces them. Do not require invented assumptions or a boilerplate disclaimer when none is needed; irrelevant or empty responses fail."", ""critical"": false}, {""id"": ""C6"", ""criterion"": ""Case check 6"", ""points"": 16.666666666666668, ""description"": ""Critical-error check: the response substantively addresses this case and does not endorse the following error; an irrelevant, empty or purely evasive response fails this criterion: Inferring decrease from ratio<1 for a negative sequence."", ""critical"": true}]",high_school
retrieval-practice-generator__cn23_06,retrieval-practice-generator,Question Generation,Mathematics,Senior High School,hard,"A senior-secondary mathematics teacher requests one three-item variant set for a 15-20 minute segment: a misconception probe, a disguised application and a flawed-solution repair. Include answer guidance.","How should I design varied problem sets to break through the error-prone points of ""the positional relationship between lines and circles""?
Provide a concrete response to this case and a brief rationale. Include a feasible way to check the proposed learning or teaching action. State material assumptions. Hypothetical examples are allowed; do not claim unseen classroom outcomes. Equivalent defensible approaches are welcome.","Answer only this case. Accept equivalent correct approaches and examples.
Correctness: For line Ax+By+C=0 with A^2+B^2>0 and circle center (h,k),radius r>0, compare |Ah+Bk+C|/sqrt(A^2+B^2) with r. For center (1,2),r=3, x=4 is tangent and x=1 is secant.
Illustrative application (equivalent approaches accepted; only explicit question requirements are mandatory): Provide one three-item set about line-circle position: an explicit misconception trap, a disguised application and a flawed-solution repair. Include correct answers, the condition each item probes and a short teacher follow-up.
Reject endorsement of: Using the distance from the origin when the center is not the origin, or omitting absolute value.","[{""id"": ""C1"", ""criterion"": ""Case check 1"", ""points"": 16.666666666666668, ""description"": ""Content check (equivalent correct explanations/examples accepted; the anchor example is not mandatory): For line Ax+By+C=0 with A^2+B^2>0 and circle center (h,k),radius r>0, compare |Ah+Bk+C|/sqrt(A^2+B^2) with r."", ""critical"": true}, {""id"": ""C2"", ""criterion"": ""Case check 2"", ""points"": 16.666666666666668, ""description"": ""Content check (equivalent correct explanations/examples accepted; the anchor example is not mandatory): For center (1,2),r=3, x=4 is tangent and x=1 is secant."", ""critical"": true}, {""id"": ""C3"", ""criterion"": ""Case check 3"", ""points"": 16.666666666666668, ""description"": ""Provides a feasible, correct response to the actual user request. The following is an illustrative teaching approach, not a mandatory example, material, numeric value or fixed sequence unless explicitly requested in the question: Provide one three-item set about line-circle position: an explicit misconception trap, a disguised application and a flawed-solution repair. Include correct answers, the condition each item probes and a short teacher follow-up. Accept other approaches that meet the same stated objective; do not deduct merely for not reproducing this illustration."", ""critical"": false}, {""id"": ""C4"", ""criterion"": ""Case check 4"", ""points"": 16.666666666666668, ""description"": ""The response gives an observable way to check the explanation or next teaching action for this specific case; a check for an unrelated topic does not meet this requirement."", ""critical"": false}, {""id"": ""C5"", ""criterion"": ""Case check 5"", ""points"": 16.666666666666668, ""description"": ""The response addresses this case using the supplied facts and labels material assumptions or hypothetical examples when it introduces them. Do not require invented assumptions or a boilerplate disclaimer when none is needed; irrelevant or empty responses fail."", ""critical"": false}, {""id"": ""C6"", ""criterion"": ""Case check 6"", ""points"": 16.666666666666668, ""description"": ""Critical-error check: the response substantively addresses this case and does not endorse the following error; an irrelevant, empty or purely evasive response fails this criterion: Using the distance from the origin when the center is not the origin, or omitting absolute value."", ""critical"": true}]",high_school
retrieval-practice-generator__cn23_07,retrieval-practice-generator,Question Generation,Mathematics,Senior High School,hard,"A senior-secondary mathematics teacher requests one three-item variant set for a 15-20 minute segment: a misconception probe, a disguised application and a flawed-solution repair. Include answer guidance.","How should I design varied problem sets to break through the confusion between coefficients and binomial coefficients in the binomial theorem?
Provide a concrete response to this case and a brief rationale. Include a feasible way to check the proposed learning or teaching action. State material assumptions. Hypothetical examples are allowed; do not claim unseen classroom outcomes. Equivalent defensible approaches are welcome.","Answer only this case. Accept equivalent correct approaches and examples.
Correctness: In (2x-1)^3=8x^3-12x^2+6x-1, the x^2 term has coefficient -12 whereas its binomial coefficient is C(3,1)=3. Include sign and scalar powers.
Illustrative application (equivalent approaches accepted; only explicit question requirements are mandatory): Provide one three-item set about binomial versus term coefficient: an explicit misconception trap, a disguised application and a flawed-solution repair. Include correct answers, the condition each item probes and a short teacher follow-up.
Reject endorsement of: Giving 3 as the x^2 coefficient or ignoring the negative factor.","[{""id"": ""C1"", ""criterion"": ""Case check 1"", ""points"": 16.666666666666668, ""description"": ""Content check (equivalent correct explanations/examples accepted; the anchor example is not mandatory): In (2x-1)^3=8x^3-12x^2+6x-1, the x^2 term has coefficient -12 whereas its binomial coefficient is C(3,1)=3."", ""critical"": true}, {""id"": ""C2"", ""criterion"": ""Case check 2"", ""points"": 16.666666666666668, ""description"": ""Content check (equivalent correct explanations/examples accepted; the anchor example is not mandatory): Include sign and scalar powers."", ""critical"": true}, {""id"": ""C3"", ""criterion"": ""Case check 3"", ""points"": 16.666666666666668, ""description"": ""Provides a feasible, correct response to the actual user request. The following is an illustrative teaching approach, not a mandatory example, material, numeric value or fixed sequence unless explicitly requested in the question: Provide one three-item set about binomial versus term coefficient: an explicit misconception trap, a disguised application and a flawed-solution repair. Include correct answers, the condition each item probes and a short teacher follow-up. Accept other approaches that meet the same stated objective; do not deduct merely for not reproducing this illustration."", ""critical"": false}, {""id"": ""C4"", ""criterion"": ""Case check 4"", ""points"": 16.666666666666668, ""description"": ""The response gives an observable way to check the explanation or next teaching action for this specific case; a check for an unrelated topic does not meet this requirement."", ""critical"": false}, {""id"": ""C5"", ""criterion"": ""Case check 5"", ""points"": 16.666666666666668, ""description"": ""The response addresses this case using the supplied facts and labels material assumptions or hypothetical examples when it introduces them. Do not require invented assumptions or a boilerplate disclaimer when none is needed; irrelevant or empty responses fail."", ""critical"": false}, {""id"": ""C6"", ""criterion"": ""Case check 6"", ""points"": 16.666666666666668, ""description"": ""Critical-error check: the response substantively addresses this case and does not endorse the following error; an irrelevant, empty or purely evasive response fails this criterion: Giving 3 as the x^2 coefficient or ignoring the negative factor."", ""critical"": true}]",high_school
retrieval-practice-generator__cn23_08,retrieval-practice-generator,Question Generation,Mathematics,Senior High School,hard,"A senior-secondary mathematics teacher requests one three-item variant set for a 15-20 minute segment: a misconception probe, a disguised application and a flawed-solution repair. Include answer guidance.","How should I design varied problem sets to break through error-prone points in the coordinate conditions for parallel and perpendicular vectors?
Provide a concrete response to this case and a brief rationale. Include a feasible way to check the proposed learning or teaching action. State material assumptions. Hypothetical examples are allowed; do not claim unseen classroom outcomes. Equivalent defensible approaches are welcome.","Answer only this case. Accept equivalent correct approaches and examples.
Correctness: For planar vectors, determinant zero tests linear dependence and dot product zero tests orthogonality. (0,2),(0,5) are dependent, while (0,2),(3,0) have zero dot product. Distinguish algebraic zero-vector cases from angles or directions of nonzero geometric vectors.
Illustrative application (equivalent approaches accepted; only explicit question requirements are mandatory): Provide one three-item set about vector conditions: an explicit misconception trap, a disguised application and a flawed-solution repair. Include correct answers, the condition each item probes and a short teacher follow-up.
Reject endorsement of: Dividing by a zero component or equating dot product zero with parallelism.","[{""id"": ""C1"", ""criterion"": ""Case check 1"", ""points"": 16.666666666666668, ""description"": ""Content check (equivalent correct explanations/examples accepted; the anchor example is not mandatory): For planar vectors, determinant zero tests linear dependence and dot product zero tests orthogonality. (0,2),(0,5) are dependent, while (0,2),(3,0) have zero dot product."", ""critical"": true}, {""id"": ""C2"", ""criterion"": ""Case check 2"", ""points"": 16.666666666666668, ""description"": ""Content check (equivalent correct explanations/examples accepted; the anchor example is not mandatory): Distinguish algebraic zero-vector cases from angles or directions of nonzero geometric vectors."", ""critical"": true}, {""id"": ""C3"", ""criterion"": ""Case check 3"", ""points"": 16.666666666666668, ""description"": ""Provides a feasible, correct response to the actual user request. The following is an illustrative teaching approach, not a mandatory example, material, numeric value or fixed sequence unless explicitly requested in the question: Provide one three-item set about vector conditions: an explicit misconception trap, a disguised application and a flawed-solution repair. Include correct answers, the condition each item probes and a short teacher follow-up. Accept other approaches that meet the same stated objective; do not deduct merely for not reproducing this illustration."", ""critical"": false}, {""id"": ""C4"", ""criterion"": ""Case check 4"", ""points"": 16.666666666666668, ""description"": ""The response gives an observable way to check the explanation or next teaching action for this specific case; a check for an unrelated topic does not meet this requirement."", ""critical"": false}, {""id"": ""C5"", ""criterion"": ""Case check 5"", ""points"": 16.666666666666668, ""description"": ""The response addresses this case using the supplied facts and labels material assumptions or hypothetical examples when it introduces them. Do not require invented assumptions or a boilerplate disclaimer when none is needed; irrelevant or empty responses fail."", ""critical"": false}, {""id"": ""C6"", ""criterion"": ""Case check 6"", ""points"": 16.666666666666668, ""description"": ""Critical-error check: the response substantively addresses this case and does not endorse the following error; an irrelevant, empty or purely evasive response fails this criterion: Dividing by a zero component or equating dot product zero with parallelism."", ""critical"": true}]",high_school
lesson-builder__cn24_01,lesson-builder,Teaching Material Generation,Mathematics,Grade 11 (senior secondary),medium,A senior-secondary mathematics teacher wants to make the reasoning behind the named construction or theorem visible. No figure is supplied; define any example used.,"How can I help students understand the application of the theorem for determining line-plane perpendicularity (reverse construction)?
Provide a concrete response to this case and a brief rationale. Include a feasible way to check the proposed learning or teaching action. State material assumptions. Hypothetical examples are allowed; do not claim unseen classroom outcomes. Equivalent defensible approaches are welcome.","Answer only this case. Accept equivalent correct approaches and examples.
Correctness: A line perpendicular to two intersecting lines in a plane is perpendicular to the plane. Perpendicularity to just one in-plane line is insufficient; for plane z=0, the x-axis is perpendicular to the y-axis but lies in the plane.
Illustrative application (equivalent approaches accepted; only explicit question requirements are mandatory): Work backward from the goal, identify two intersecting in-plane lines, ask students which perpendicular relations are known or need construction, then verify both before invoking the theorem.
Reject endorsement of: Using the line-plane parallel criterion, or using only one perpendicular line.","[{""id"": ""C1"", ""criterion"": ""Case check 1"", ""points"": 16.666666666666668, ""description"": ""Content check (equivalent correct explanations/examples accepted; the anchor example is not mandatory): A line perpendicular to two intersecting lines in a plane is perpendicular to the plane."", ""critical"": true}, {""id"": ""C2"", ""criterion"": ""Case check 2"", ""points"": 16.666666666666668, ""description"": ""Content check (equivalent correct explanations/examples accepted; the anchor example is not mandatory): Perpendicularity to just one in-plane line is insufficient; for plane z=0, the x-axis is perpendicular to the y-axis but lies in the plane."", ""critical"": true}, {""id"": ""C3"", ""criterion"": ""Case check 3"", ""points"": 16.666666666666668, ""description"": ""Provides a feasible, correct response to the actual user request. The following is an illustrative teaching approach, not a mandatory example, material, numeric value or fixed sequence unless explicitly requested in the question: Work backward from the goal, identify two intersecting in-plane lines, ask students which perpendicular relations are known or need construction, then verify both before invoking the theorem. Accept other approaches that meet the same stated objective; do not deduct merely for not reproducing this illustration."", ""critical"": false}, {""id"": ""C4"", ""criterion"": ""Case check 4"", ""points"": 16.666666666666668, ""description"": ""The response gives an observable way to check the explanation or next teaching action for this specific case; a check for an unrelated topic does not meet this requirement."", ""critical"": false}, {""id"": ""C5"", ""criterion"": ""Case check 5"", ""points"": 16.666666666666668, ""description"": ""The response addresses this case using the supplied facts and labels material assumptions or hypothetical examples when it introduces them. Do not require invented assumptions or a boilerplate disclaimer when none is needed; irrelevant or empty responses fail."", ""critical"": false}, {""id"": ""C6"", ""criterion"": ""Case check 6"", ""points"": 16.666666666666668, ""description"": ""Critical-error check: the response substantively addresses this case and does not endorse the following error; an irrelevant, empty or purely evasive response fails this criterion: Using the line-plane parallel criterion, or using only one perpendicular line."", ""critical"": true}]",high_school
lesson-builder__cn24_02,lesson-builder,Teaching Material Generation,Mathematics,Grade 11 (senior secondary),medium,A senior-secondary mathematics teacher wants to make the reasoning behind the named construction or theorem visible. No figure is supplied; define any example used.,"How can I help students understand the application of the theorem for determining plane-plane parallelism?
Provide a concrete response to this case and a brief rationale. Include a feasible way to check the proposed learning or teaching action. State material assumptions. Hypothetical examples are allowed; do not claim unseen classroom outcomes. Equivalent defensible approaches are welcome.","Answer only this case. Accept equivalent correct approaches and examples.
Correctness: Two distinct planes are parallel if two intersecting lines of one plane are respectively parallel to two intersecting lines of the other. One pair alone is insufficient: planes z=0 and y=0 share an x-direction but intersect.
Illustrative application (equivalent approaches accepted; only explicit question requirements are mandatory): Ask students to locate two independent directions and prove the corresponding relations; explicitly rule out coincident planes.
Reject endorsement of: Claiming one parallel line pair alone proves planes parallel.","[{""id"": ""C1"", ""criterion"": ""Case check 1"", ""points"": 16.666666666666668, ""description"": ""Content check (equivalent correct explanations/examples accepted; the anchor example is not mandatory): Two distinct planes are parallel if two intersecting lines of one plane are respectively parallel to two intersecting lines of the other."", ""critical"": true}, {""id"": ""C2"", ""criterion"": ""Case check 2"", ""points"": 16.666666666666668, ""description"": ""Content check (equivalent correct explanations/examples accepted; the anchor example is not mandatory): One pair alone is insufficient: planes z=0 and y=0 share an x-direction but intersect."", ""critical"": true}, {""id"": ""C3"", ""criterion"": ""Case check 3"", ""points"": 16.666666666666668, ""description"": ""Provides a feasible, correct response to the actual user request. The following is an illustrative teaching approach, not a mandatory example, material, numeric value or fixed sequence unless explicitly requested in the question: Ask students to locate two independent directions and prove the corresponding relations; explicitly rule out coincident planes. Accept other approaches that meet the same stated objective; do not deduct merely for not reproducing this illustration."", ""critical"": false}, {""id"": ""C4"", ""criterion"": ""Case check 4"", ""points"": 16.666666666666668, ""description"": ""The response gives an observable way to check the explanation or next teaching action for this specific case; a check for an unrelated topic does not meet this requirement."", ""critical"": false}, {""id"": ""C5"", ""criterion"": ""Case check 5"", ""points"": 16.666666666666668, ""description"": ""The response addresses this case using the supplied facts and labels material assumptions or hypothetical examples when it introduces them. Do not require invented assumptions or a boilerplate disclaimer when none is needed; irrelevant or empty responses fail."", ""critical"": false}, {""id"": ""C6"", ""criterion"": ""Case check 6"", ""points"": 16.666666666666668, ""description"": ""Critical-error check: the response substantively addresses this case and does not endorse the following error; an irrelevant, empty or purely evasive response fails this criterion: Claiming one parallel line pair alone proves planes parallel."", ""critical"": true}]",high_school
lesson-builder__cn24_03,lesson-builder,Teaching Material Generation,Mathematics,Grade 11 (senior secondary),medium,A senior-secondary mathematics teacher wants to make the reasoning behind the named construction or theorem visible. No figure is supplied; define any example used.,"How can I help students understand the application of the theorem for determining plane-plane perpendicularity?
Provide a concrete response to this case and a brief rationale. Include a feasible way to check the proposed learning or teaching action. State material assumptions. Hypothetical examples are allowed; do not claim unseen classroom outcomes. Equivalent defensible approaches are welcome.","Answer only this case. Accept equivalent correct approaches and examples.
Correctness: If one plane contains a line perpendicular to the other plane, the planes are perpendicular. Perpendicular planes do not make every line in one perpendicular to the other.
Illustrative application (equivalent approaches accepted; only explicit question requirements are mandatory): Work backward to a perpendicular line, construct or identify it and verify its line-plane criterion; use planes x=0 and z=0 to show a shared in-plane direction is not a normal.
Reject endorsement of: Answering with plane parallelism or claiming all lines in perpendicular planes are mutually perpendicular.","[{""id"": ""C1"", ""criterion"": ""Case check 1"", ""points"": 16.666666666666668, ""description"": ""Content check (equivalent correct explanations/examples accepted; the anchor example is not mandatory): If one plane contains a line perpendicular to the other plane, the planes are perpendicular."", ""critical"": true}, {""id"": ""C2"", ""criterion"": ""Case check 2"", ""points"": 16.666666666666668, ""description"": ""Content check (equivalent correct explanations/examples accepted; the anchor example is not mandatory): Perpendicular planes do not make every line in one perpendicular to the other."", ""critical"": true}, {""id"": ""C3"", ""criterion"": ""Case check 3"", ""points"": 16.666666666666668, ""description"": ""Provides a feasible, correct response to the actual user request. The following is an illustrative teaching approach, not a mandatory example, material, numeric value or fixed sequence unless explicitly requested in the question: Work backward to a perpendicular line, construct or identify it and verify its line-plane criterion; use planes x=0 and z=0 to show a shared in-plane direction is not a normal. Accept other approaches that meet the same stated objective; do not deduct merely for not reproducing this illustration."", ""critical"": false}, {""id"": ""C4"", ""criterion"": ""Case check 4"", ""points"": 16.666666666666668, ""description"": ""The response gives an observable way to check the explanation or next teaching action for this specific case; a check for an unrelated topic does not meet this requirement."", ""critical"": false}, {""id"": ""C5"", ""criterion"": ""Case check 5"", ""points"": 16.666666666666668, ""description"": ""The response addresses this case using the supplied facts and labels material assumptions or hypothetical examples when it introduces them. Do not require invented assumptions or a boilerplate disclaimer when none is needed; irrelevant or empty responses fail."", ""critical"": false}, {""id"": ""C6"", ""criterion"": ""Case check 6"", ""points"": 16.666666666666668, ""description"": ""Critical-error check: the response substantively addresses this case and does not endorse the following error; an irrelevant, empty or purely evasive response fails this criterion: Answering with plane parallelism or claiming all lines in perpendicular planes are mutually perpendicular."", ""critical"": true}]",high_school
lesson-builder__cn24_04,lesson-builder,Teaching Material Generation,Mathematics,Grade 11 (senior secondary),medium,A senior-secondary mathematics teacher wants to make the reasoning behind the named construction or theorem visible. No figure is supplied; define any example used.,"How can I help students understand the application of the three perpendiculars theorem and its converse?
Provide a concrete response to this case and a brief rationale. Include a feasible way to check the proposed learning or teaching action. State material assumptions. Hypothetical examples are allowed; do not claim unseen classroom outcomes. Equivalent defensible approaches are welcome.","Answer only this case. Accept equivalent correct approaches and examples.
Correctness: Let A lie outside plane alpha, O be its orthogonal projection, B be in alpha with B!=O, and l be an in-plane line through B. Then l is perpendicular to AB iff l is perpendicular to OB. OA is perpendicular to alpha and OB is the nonzero projection of AB.
Illustrative application (equivalent approaches accepted; only explicit question requirements are mandatory): Draw and label A,O,B,l, verify the projection conditions before using either implication, and justify via vector decomposition or a valid geometric proof.
Reject endorsement of: Using the theorem without the projection or nonzero-projection conditions.","[{""id"": ""C1"", ""criterion"": ""Case check 1"", ""points"": 14.285714285714286, ""description"": ""Content check (equivalent correct explanations/examples accepted; the anchor example is not mandatory): Let A lie outside plane alpha, O be its orthogonal projection, B be in alpha with B!=O, and l be an in-plane line through B."", ""critical"": true}, {""id"": ""C2"", ""criterion"": ""Case check 2"", ""points"": 14.285714285714286, ""description"": ""Content check (equivalent correct explanations/examples accepted; the anchor example is not mandatory): Then l is perpendicular to AB iff l is perpendicular to OB."", ""critical"": true}, {""id"": ""C3"", ""criterion"": ""Case check 3"", ""points"": 14.285714285714286, ""description"": ""Content check (equivalent correct explanations/examples accepted; the anchor example is not mandatory): OA is perpendicular to alpha and OB is the nonzero projection of AB."", ""critical"": true}, {""id"": ""C4"", ""criterion"": ""Case check 4"", ""points"": 14.285714285714286, ""description"": ""Provides a feasible, correct response to the actual user request. The following is an illustrative teaching approach, not a mandatory example, material, numeric value or fixed sequence unless explicitly requested in the question: Draw and label A,O,B,l, verify the projection conditions before using either implication, and justify via vector decomposition or a valid geometric proof. Accept other approaches that meet the same stated objective; do not deduct merely for not reproducing this illustration."", ""critical"": false}, {""id"": ""C5"", ""criterion"": ""Case check 5"", ""points"": 14.285714285714286, ""description"": ""The response gives an observable way to check the explanation or next teaching action for this specific case; a check for an unrelated topic does not meet this requirement."", ""critical"": false}, {""id"": ""C6"", ""criterion"": ""Case check 6"", ""points"": 14.285714285714286, ""description"": ""The response addresses this case using the supplied facts and labels material assumptions or hypothetical examples when it introduces them. Do not require invented assumptions or a boilerplate disclaimer when none is needed; irrelevant or empty responses fail."", ""critical"": false}, {""id"": ""C7"", ""criterion"": ""Case check 7"", ""points"": 14.285714285714286, ""description"": ""Critical-error check: the response substantively addresses this case and does not endorse the following error; an irrelevant, empty or purely evasive response fails this criterion: Using the theorem without the projection or nonzero-projection conditions."", ""critical"": true}]",high_school
lesson-builder__cn24_05,lesson-builder,Teaching Material Generation,Mathematics,Grade 11 (senior secondary),medium,A senior-secondary mathematics teacher wants to make the reasoning behind the named construction or theorem visible. No figure is supplied; define any example used.,"How can I help students understand the application of the law of cosines in solving triangles (how to choose the formula)?
Provide a concrete response to this case and a brief rationale. Include a feasible way to check the proposed learning or teaching action. State material assumptions. Hypothetical examples are allowed; do not claim unseen classroom outcomes. Equivalent defensible approaches are welcome.","Answer only this case. Accept equivalent correct approaches and examples.
Correctness: For sides a,b,c opposite A,B,C, c^2=a^2+b^2-2ab*cos(C). SAS selects the included angle; SSS gives cos(C)=(a^2+b^2-c^2)/(2ab). For a=3,b=4,C=90 degrees, c=5.
Illustrative application (equivalent approaches accepted; only explicit question requirements are mandatory): Contrast SAS and SSS, let students choose the target side/angle and formula, check triangle feasibility and verify the numerical example.
Reject endorsement of: Proving line-plane parallelism instead of choosing a triangle-solving formula.","[{""id"": ""C1"", ""criterion"": ""Case check 1"", ""points"": 14.285714285714286, ""description"": ""Content check (equivalent correct explanations/examples accepted; the anchor example is not mandatory): For sides a,b,c opposite A,B,C, c^2=a^2+b^2-2ab*cos(C)."", ""critical"": true}, {""id"": ""C2"", ""criterion"": ""Case check 2"", ""points"": 14.285714285714286, ""description"": ""Content check (equivalent correct explanations/examples accepted; the anchor example is not mandatory): SAS selects the included angle; SSS gives cos(C)=(a^2+b^2-c^2)/(2ab)."", ""critical"": true}, {""id"": ""C3"", ""criterion"": ""Case check 3"", ""points"": 14.285714285714286, ""description"": ""Content check (equivalent correct explanations/examples accepted; the anchor example is not mandatory): For a=3,b=4,C=90 degrees, c=5."", ""critical"": true}, {""id"": ""C4"", ""criterion"": ""Case check 4"", ""points"": 14.285714285714286, ""description"": ""Provides a feasible, correct response to the actual user request. The following is an illustrative teaching approach, not a mandatory example, material, numeric value or fixed sequence unless explicitly requested in the question: Contrast SAS and SSS, let students choose the target side/angle and formula, check triangle feasibility and verify the numerical example. Accept other approaches that meet the same stated objective; do not deduct merely for not reproducing this illustration."", ""critical"": false}, {""id"": ""C5"", ""criterion"": ""Case check 5"", ""points"": 14.285714285714286, ""description"": ""The response gives an observable way to check the explanation or next teaching action for this specific case; a check for an unrelated topic does not meet this requirement."", ""critical"": false}, {""id"": ""C6"", ""criterion"": ""Case check 6"", ""points"": 14.285714285714286, ""description"": ""The response addresses this case using the supplied facts and labels material assumptions or hypothetical examples when it introduces them. Do not require invented assumptions or a boilerplate disclaimer when none is needed; irrelevant or empty responses fail."", ""critical"": false}, {""id"": ""C7"", ""criterion"": ""Case check 7"", ""points"": 14.285714285714286, ""description"": ""Critical-error check: the response substantively addresses this case and does not endorse the following error; an irrelevant, empty or purely evasive response fails this criterion: Proving line-plane parallelism instead of choosing a triangle-solving formula."", ""critical"": true}]",high_school
lesson-builder__cn24_06,lesson-builder,Teaching Material Generation,Mathematics,Grade 11 (senior secondary),medium,A senior-secondary mathematics teacher wants to make the reasoning behind the named construction or theorem visible. No figure is supplied; define any example used.,"How can I help students understand the 'side-angle conversion' strategy in the law of sines?
Provide a concrete response to this case and a brief rationale. Include a feasible way to check the proposed learning or teaching action. State material assumptions. Hypothetical examples are allowed; do not claim unseen classroom outcomes. Equivalent defensible approaches are welcome.","Answer only this case. Accept equivalent correct approaches and examples.
Correctness: a/sin(A)=b/sin(B)=c/sin(C)=2R for a nondegenerate triangle. Use opposite side-angle pairs, known angle sums and the sine rule; SSA can have two solutions and inverse sine alone is insufficient.
Illustrative application (equivalent approaches accepted; only explicit question requirements are mandatory): Use A=30 degrees,a=5,b=8: sin(B)=0.8, so test both B about 53.13 and 126.87 degrees against the angle sum.
Reject endorsement of: Always treating arcsin as the unique SSA solution.","[{""id"": ""C1"", ""criterion"": ""Case check 1"", ""points"": 16.666666666666668, ""description"": ""Content check (equivalent correct explanations/examples accepted; the anchor example is not mandatory): a/sin(A)=b/sin(B)=c/sin(C)=2R for a nondegenerate triangle."", ""critical"": true}, {""id"": ""C2"", ""criterion"": ""Case check 2"", ""points"": 16.666666666666668, ""description"": ""Content check (equivalent correct explanations/examples accepted; the anchor example is not mandatory): Use opposite side-angle pairs, known angle sums and the sine rule; SSA can have two solutions and inverse sine alone is insufficient."", ""critical"": true}, {""id"": ""C3"", ""criterion"": ""Case check 3"", ""points"": 16.666666666666668, ""description"": ""Provides a feasible, correct response to the actual user request. The following is an illustrative teaching approach, not a mandatory example, material, numeric value or fixed sequence unless explicitly requested in the question: Use A=30 degrees,a=5,b=8: sin(B)=0.8, so test both B about 53.13 and 126.87 degrees against the angle sum. Accept other approaches that meet the same stated objective; do not deduct merely for not reproducing this illustration."", ""critical"": false}, {""id"": ""C4"", ""criterion"": ""Case check 4"", ""points"": 16.666666666666668, ""description"": ""The response gives an observable way to check the explanation or next teaching action for this specific case; a check for an unrelated topic does not meet this requirement."", ""critical"": false}, {""id"": ""C5"", ""criterion"": ""Case check 5"", ""points"": 16.666666666666668, ""description"": ""The response addresses this case using the supplied facts and labels material assumptions or hypothetical examples when it introduces them. Do not require invented assumptions or a boilerplate disclaimer when none is needed; irrelevant or empty responses fail."", ""critical"": false}, {""id"": ""C6"", ""criterion"": ""Case check 6"", ""points"": 16.666666666666668, ""description"": ""Critical-error check: the response substantively addresses this case and does not endorse the following error; an irrelevant, empty or purely evasive response fails this criterion: Always treating arcsin as the unique SSA solution."", ""critical"": true}]",high_school
lesson-builder__cn24_07,lesson-builder,Teaching Material Generation,Mathematics,Grade 11 (senior secondary),medium,A senior-secondary mathematics teacher wants to make the reasoning behind the named construction or theorem visible. No figure is supplied; define any example used.,"How can I help students understand the flexible application of the converse of the Pythagorean theorem?
Provide a concrete response to this case and a brief rationale. Include a feasible way to check the proposed learning or teaching action. State material assumptions. Hypothetical examples are allowed; do not claim unseen classroom outcomes. Equivalent defensible approaches are welcome.","Answer only this case. Accept equivalent correct approaches and examples.
Correctness: For a triangle with longest side c, if a^2+b^2=c^2, the angle opposite c is right. Verify positive sides and triangle inequality; 3,4,5 qualifies while 2,3,4 does not.
Illustrative application (equivalent approaches accepted; only explicit question requirements are mandatory): Choose the longest side, calculate both sides of the equality and state the exact opposite angle; use a counterexample to an arbitrary side ordering.
Reject endorsement of: Checking the equality against a non-longest side or treating the direct theorem as a proof of its converse.","[{""id"": ""C1"", ""criterion"": ""Case check 1"", ""points"": 16.666666666666668, ""description"": ""Content check (equivalent correct explanations/examples accepted; the anchor example is not mandatory): For a triangle with longest side c, if a^2+b^2=c^2, the angle opposite c is right."", ""critical"": true}, {""id"": ""C2"", ""criterion"": ""Case check 2"", ""points"": 16.666666666666668, ""description"": ""Content check (equivalent correct explanations/examples accepted; the anchor example is not mandatory): Verify positive sides and triangle inequality; 3,4,5 qualifies while 2,3,4 does not."", ""critical"": true}, {""id"": ""C3"", ""criterion"": ""Case check 3"", ""points"": 16.666666666666668, ""description"": ""Provides a feasible, correct response to the actual user request. The following is an illustrative teaching approach, not a mandatory example, material, numeric value or fixed sequence unless explicitly requested in the question: Choose the longest side, calculate both sides of the equality and state the exact opposite angle; use a counterexample to an arbitrary side ordering. Accept other approaches that meet the same stated objective; do not deduct merely for not reproducing this illustration."", ""critical"": false}, {""id"": ""C4"", ""criterion"": ""Case check 4"", ""points"": 16.666666666666668, ""description"": ""The response gives an observable way to check the explanation or next teaching action for this specific case; a check for an unrelated topic does not meet this requirement."", ""critical"": false}, {""id"": ""C5"", ""criterion"": ""Case check 5"", ""points"": 16.666666666666668, ""description"": ""The response addresses this case using the supplied facts and labels material assumptions or hypothetical examples when it introduces them. Do not require invented assumptions or a boilerplate disclaimer when none is needed; irrelevant or empty responses fail."", ""critical"": false}, {""id"": ""C6"", ""criterion"": ""Case check 6"", ""points"": 16.666666666666668, ""description"": ""Critical-error check: the response substantively addresses this case and does not endorse the following error; an irrelevant, empty or purely evasive response fails this criterion: Checking the equality against a non-longest side or treating the direct theorem as a proof of its converse."", ""critical"": true}]",high_school
lesson-builder__cn24_08,lesson-builder,Teaching Material Generation,Mathematics,Grade 11 (senior secondary),medium,A senior-secondary mathematics teacher wants to make the reasoning behind the named construction or theorem visible. No figure is supplied; define any example used.,"How can I help students understand the construction approach of the triangle midsegment theorem in geometric proofs?
Provide a concrete response to this case and a brief rationale. Include a feasible way to check the proposed learning or teaching action. State material assumptions. Hypothetical examples are allowed; do not claim unseen classroom outcomes. Equivalent defensible approaches are welcome.","Answer only this case. Accept equivalent correct approaches and examples.
Correctness: In triangle ABC, if M,N are the midpoints of AB,AC then MN is parallel to BC and MN=BC/2. The required midpoint hypotheses must be established; being points on the sides is not enough.
Illustrative application (equivalent approaches accepted; only explicit question requirements are mandatory): Work backward from the desired parallel/half-length relation, locate the relevant triangle and midpoints, connect them, and prove before invoking the theorem.
Reject endorsement of: Declaring any segment joining two side points a midsegment.","[{""id"": ""C1"", ""criterion"": ""Case check 1"", ""points"": 16.666666666666668, ""description"": ""Content check (equivalent correct explanations/examples accepted; the anchor example is not mandatory): In triangle ABC, if M,N are the midpoints of AB,AC then MN is parallel to BC and MN=BC/2."", ""critical"": true}, {""id"": ""C2"", ""criterion"": ""Case check 2"", ""points"": 16.666666666666668, ""description"": ""Content check (equivalent correct explanations/examples accepted; the anchor example is not mandatory): The required midpoint hypotheses must be established; being points on the sides is not enough."", ""critical"": true}, {""id"": ""C3"", ""criterion"": ""Case check 3"", ""points"": 16.666666666666668, ""description"": ""Provides a feasible, correct response to the actual user request. The following is an illustrative teaching approach, not a mandatory example, material, numeric value or fixed sequence unless explicitly requested in the question: Work backward from the desired parallel/half-length relation, locate the relevant triangle and midpoints, connect them, and prove before invoking the theorem. Accept other approaches that meet the same stated objective; do not deduct merely for not reproducing this illustration."", ""critical"": false}, {""id"": ""C4"", ""criterion"": ""Case check 4"", ""points"": 16.666666666666668, ""description"": ""The response gives an observable way to check the explanation or next teaching action for this specific case; a check for an unrelated topic does not meet this requirement."", ""critical"": false}, {""id"": ""C5"", ""criterion"": ""Case check 5"", ""points"": 16.666666666666668, ""description"": ""The response addresses this case using the supplied facts and labels material assumptions or hypothetical examples when it introduces them. Do not require invented assumptions or a boilerplate disclaimer when none is needed; irrelevant or empty responses fail."", ""critical"": false}, {""id"": ""C6"", ""criterion"": ""Case check 6"", ""points"": 16.666666666666668, ""description"": ""Critical-error check: the response substantively addresses this case and does not endorse the following error; an irrelevant, empty or purely evasive response fails this criterion: Declaring any segment joining two side points a midsegment."", ""critical"": true}]",high_school
lesson-builder__cn24_09,lesson-builder,Teaching Material Generation,Mathematics,Grade 11 (senior secondary),medium,A senior-secondary mathematics teacher wants to make the reasoning behind the named construction or theorem visible. No figure is supplied; define any example used.,"How can I help students understand the application of the vector collinearity theorem in analytic geometry?
Provide a concrete response to this case and a brief rationale. Include a feasible way to check the proposed learning or teaching action. State material assumptions. Hypothetical examples are allowed; do not claim unseen classroom outcomes. Equivalent defensible approaches are welcome.","Answer only this case. Accept equivalent correct approaches and examples.
Correctness: For b!=0, vectors a and b are linearly dependent iff a=lambda*b for some scalar lambda. In 2D the determinant a_x*b_y-a_y*b_x=0 avoids invalid divisions by zero; distinguish nonzero direction vectors of lines from the zero vector.
Illustrative application (equivalent approaches accepted; only explicit question requirements are mandatory): Use (0,2) and (0,5) as a valid vertical example, and (1,0),(0,1) as a nonexample; translate endpoint coordinates into direction vectors before testing.
Reject endorsement of: Using component ratios that divide by zero or treating zero as a usable line direction.","[{""id"": ""C1"", ""criterion"": ""Case check 1"", ""points"": 16.666666666666668, ""description"": ""Content check (equivalent correct explanations/examples accepted; the anchor example is not mandatory): For b!=0, vectors a and b are linearly dependent iff a=lambda*b for some scalar lambda."", ""critical"": true}, {""id"": ""C2"", ""criterion"": ""Case check 2"", ""points"": 16.666666666666668, ""description"": ""Content check (equivalent correct explanations/examples accepted; the anchor example is not mandatory): In 2D the determinant a_x*b_y-a_y*b_x=0 avoids invalid divisions by zero; distinguish nonzero direction vectors of lines from the zero vector."", ""critical"": true}, {""id"": ""C3"", ""criterion"": ""Case check 3"", ""points"": 16.666666666666668, ""description"": ""Provides a feasible, correct response to the actual user request. The following is an illustrative teaching approach, not a mandatory example, material, numeric value or fixed sequence unless explicitly requested in the question: Use (0,2) and (0,5) as a valid vertical example, and (1,0),(0,1) as a nonexample; translate endpoint coordinates into direction vectors before testing. Accept other approaches that meet the same stated objective; do not deduct merely for not reproducing this illustration."", ""critical"": false}, {""id"": ""C4"", ""criterion"": ""Case check 4"", ""points"": 16.666666666666668, ""description"": ""The response gives an observable way to check the explanation or next teaching action for this specific case; a check for an unrelated topic does not meet this requirement."", ""critical"": false}, {""id"": ""C5"", ""criterion"": ""Case check 5"", ""points"": 16.666666666666668, ""description"": ""The response addresses this case using the supplied facts and labels material assumptions or hypothetical examples when it introduces them. Do not require invented assumptions or a boilerplate disclaimer when none is needed; irrelevant or empty responses fail."", ""critical"": false}, {""id"": ""C6"", ""criterion"": ""Case check 6"", ""points"": 16.666666666666668, ""description"": ""Critical-error check: the response substantively addresses this case and does not endorse the following error; an irrelevant, empty or purely evasive response fails this criterion: Using component ratios that divide by zero or treating zero as a usable line direction."", ""critical"": true}]",high_school
lesson-builder__cn25_01,lesson-builder,Teaching Material Generation,Mathematics,Grade 12 (senior high),medium,"A Grade 12 teacher requests an accessible enrichment lesson. In this revised task, principal-variable method means selecting a main variable and using constraints or treating other variables as parameters. This is an explicitly scoped adaptation, not a claim about every use of that term.","How to design a competition technique integration class for average students—taking the ""principal variable method"" as an example
Provide a concrete response to this case and a brief rationale. Include a feasible way to check the proposed learning or teaching action. State material assumptions. Hypothetical examples are allowed; do not claim unseen classroom outcomes. Equivalent defensible approaches are welcome.
For this introductory adaptation, focus on selecting one variable and using a constraint to express the others; state the feasible domain. More advanced parameter-based approaches are also accepted if explained at the stated level.","Answer only this case. Accept equivalent correct approaches and examples.
Correctness: In this introductory adaptation, principal-variable reasoning means choosing one variable, using constraints to express dependent variables, and holding any remaining independent parameters fixed as appropriate. For x,y>=0 and x+y=6, xy=x*(6-x)=9-(x-3)^2 on 0<=x<=6, so the maximum is 9 at x=y=3. The constraint and chosen variable must be explicit.
Illustrative application (equivalent approaches accepted; only explicit question requirements are mandatory): For average Grade 12 students compare a familiar trial/table approach with completing the square, explain why choosing x helps, check endpoints and give a nearby transfer example. This is one introductory illustration, not a claim that every multivariable problem reduces this way.
Reject endorsement of: Teaching Menelaus or segment ratios without addressing principal-variable selection.","[{""id"": ""C1"", ""criterion"": ""Case check 1"", ""points"": 14.285714285714286, ""description"": ""Content check (equivalent correct explanations/examples accepted; the anchor example is not mandatory): In this introductory adaptation, principal-variable reasoning means choosing one variable, using constraints to express dependent variables, and holding any remaining independent parameters fixed as appropriate."", ""critical"": true}, {""id"": ""C2"", ""criterion"": ""Case check 2"", ""points"": 14.285714285714286, ""description"": ""Content check (equivalent correct explanations/examples accepted; the anchor example is not mandatory): For x,y>=0 and x+y=6, xy=x*(6-x)=9-(x-3)^2 on 0<=x<=6, so the maximum is 9 at x=y=3."", ""critical"": true}, {""id"": ""C3"", ""criterion"": ""Case check 3"", ""points"": 14.285714285714286, ""description"": ""Content check (equivalent correct explanations/examples accepted; the anchor example is not mandatory): The constraint and chosen variable must be explicit."", ""critical"": true}, {""id"": ""C4"", ""criterion"": ""Case check 4"", ""points"": 14.285714285714286, ""description"": ""Provides a feasible, correct response to the actual user request. The following is an illustrative teaching approach, not a mandatory example, material, numeric value or fixed sequence unless explicitly requested in the question: For average Grade 12 students compare a familiar trial/table approach with completing the square, explain why choosing x helps, check endpoints and give a nearby transfer example. This is one introductory illustration, not a claim that every multivariable problem reduces this way. Accept other approaches that meet the same stated objective; do not deduct merely for not reproducing this illustration."", ""critical"": false}, {""id"": ""C5"", ""criterion"": ""Case check 5"", ""points"": 14.285714285714286, ""description"": ""The response gives an observable way to check the explanation or next teaching action for this specific case; a check for an unrelated topic does not meet this requirement."", ""critical"": false}, {""id"": ""C6"", ""criterion"": ""Case check 6"", ""points"": 14.285714285714286, ""description"": ""The response addresses this case using the supplied facts and labels material assumptions or hypothetical examples when it introduces them. Do not require invented assumptions or a boilerplate disclaimer when none is needed; irrelevant or empty responses fail."", ""critical"": false}, {""id"": ""C7"", ""criterion"": ""Case check 7"", ""points"": 14.285714285714286, ""description"": ""Critical-error check: the response substantively addresses this case and does not endorse the following error; an irrelevant, empty or purely evasive response fails this criterion: Teaching Menelaus or segment ratios without addressing principal-variable selection."", ""critical"": true}]",high_school
lesson-builder__cn26_01,lesson-builder,Teaching Material Generation,Mathematics,High School,medium,A senior-secondary mathematics teacher requests a concept-building explanation of the single topic in the question.,"How do I construct the concept of function?
Provide a concrete response to this case and a brief rationale. Include a feasible way to check the proposed learning or teaching action. State material assumptions. Hypothetical examples are allowed; do not claim unseen classroom outcomes. Equivalent defensible approaches are welcome.","Answer only this case. Accept equivalent correct approaches and examples.
Correctness: A function assigns each domain element exactly one value in its codomain.
Illustrative application (equivalent approaches accepted; only explicit question requirements are mandatory): Use mapping diagrams and compare many-to-one with one-input-two-output, with domain/range distinguished.
Reject endorsement of: Requiring every function to be one-to-one or onto.","[{""id"": ""C1"", ""criterion"": ""Case check 1"", ""points"": 20.0, ""description"": ""Content check (equivalent correct explanations/examples accepted; the anchor example is not mandatory): A function assigns each domain element exactly one value in its codomain."", ""critical"": true}, {""id"": ""C2"", ""criterion"": ""Case check 2"", ""points"": 20.0, ""description"": ""Provides a feasible, correct response to the actual user request. The following is an illustrative teaching approach, not a mandatory example, material, numeric value or fixed sequence unless explicitly requested in the question: Use mapping diagrams and compare many-to-one with one-input-two-output, with domain/range distinguished. Accept other approaches that meet the same stated objective; do not deduct merely for not reproducing this illustration."", ""critical"": false}, {""id"": ""C3"", ""criterion"": ""Case check 3"", ""points"": 20.0, ""description"": ""The response gives an observable way to check the explanation or next teaching action for this specific case; a check for an unrelated topic does not meet this requirement."", ""critical"": false}, {""id"": ""C4"", ""criterion"": ""Case check 4"", ""points"": 20.0, ""description"": ""The response addresses this case using the supplied facts and labels material assumptions or hypothetical examples when it introduces them. Do not require invented assumptions or a boilerplate disclaimer when none is needed; irrelevant or empty responses fail."", ""critical"": false}, {""id"": ""C5"", ""criterion"": ""Case check 5"", ""points"": 20.0, ""description"": ""Critical-error check: the response substantively addresses this case and does not endorse the following error; an irrelevant, empty or purely evasive response fails this criterion: Requiring every function to be one-to-one or onto."", ""critical"": true}]",high_school
lesson-builder__cn26_02,lesson-builder,Teaching Material Generation,Mathematics,High School,medium,A senior-secondary mathematics teacher requests a concept-building explanation of the single topic in the question.,"How do I construct the concepts of proposition and sufficient condition?
Provide a concrete response to this case and a brief rationale. Include a feasible way to check the proposed learning or teaching action. State material assumptions. Hypothetical examples are allowed; do not claim unseen classroom outcomes. Equivalent defensible approaches are welcome.","Answer only this case. Accept equivalent correct approaches and examples.
Correctness: In classical elementary logic, a proposition is a declarative statement with a definite truth value in its stated context. P is sufficient for Q when P implies Q; P is necessary for Q when Q implies P.
Illustrative application (equivalent approaches accepted; only explicit question requirements are mandatory): Contrast divisible-by-four and even integers with a counterexample to the converse.
Reject endorsement of: Treating an implication as automatically equivalent to its converse.","[{""id"": ""C1"", ""criterion"": ""Case check 1"", ""points"": 20.0, ""description"": ""Content check (equivalent correct explanations/examples accepted; the anchor example is not mandatory): In classical elementary logic, a proposition is a declarative statement with a definite truth value in its stated context. P is sufficient for Q when P implies Q; P is necessary for Q when Q implies P."", ""critical"": true}, {""id"": ""C2"", ""criterion"": ""Case check 2"", ""points"": 20.0, ""description"": ""Provides a feasible, correct response to the actual user request. The following is an illustrative teaching approach, not a mandatory example, material, numeric value or fixed sequence unless explicitly requested in the question: Contrast divisible-by-four and even integers with a counterexample to the converse. Accept other approaches that meet the same stated objective; do not deduct merely for not reproducing this illustration."", ""critical"": false}, {""id"": ""C3"", ""criterion"": ""Case check 3"", ""points"": 20.0, ""description"": ""The response gives an observable way to check the explanation or next teaching action for this specific case; a check for an unrelated topic does not meet this requirement."", ""critical"": false}, {""id"": ""C4"", ""criterion"": ""Case check 4"", ""points"": 20.0, ""description"": ""The response addresses this case using the supplied facts and labels material assumptions or hypothetical examples when it introduces them. Do not require invented assumptions or a boilerplate disclaimer when none is needed; irrelevant or empty responses fail."", ""critical"": false}, {""id"": ""C5"", ""criterion"": ""Case check 5"", ""points"": 20.0, ""description"": ""Critical-error check: the response substantively addresses this case and does not endorse the following error; an irrelevant, empty or purely evasive response fails this criterion: Treating an implication as automatically equivalent to its converse."", ""critical"": true}]",high_school
lesson-builder__cn26_03,lesson-builder,Teaching Material Generation,Mathematics,High School,medium,A senior-secondary mathematics teacher requests a concept-building explanation of the single topic in the question.,"How do I construct the concept of mapping?
Provide a concrete response to this case and a brief rationale. Include a feasible way to check the proposed learning or teaching action. State material assumptions. Hypothetical examples are allowed; do not claim unseen classroom outcomes. Equivalent defensible approaches are welcome.","Answer only this case. Accept equivalent correct approaches and examples.
Correctness: A mapping from A to B assigns each member of A one member of B.
Illustrative application (equivalent approaches accepted; only explicit question requirements are mandatory): Show a small finite mapping and distinguish injective/surjective conditions from the basic definition.
Reject endorsement of: Permitting an unmapped domain element or multiple outputs in a function.","[{""id"": ""C1"", ""criterion"": ""Case check 1"", ""points"": 20.0, ""description"": ""Content check (equivalent correct explanations/examples accepted; the anchor example is not mandatory): A mapping from A to B assigns each member of A one member of B."", ""critical"": true}, {""id"": ""C2"", ""criterion"": ""Case check 2"", ""points"": 20.0, ""description"": ""Provides a feasible, correct response to the actual user request. The following is an illustrative teaching approach, not a mandatory example, material, numeric value or fixed sequence unless explicitly requested in the question: Show a small finite mapping and distinguish injective/surjective conditions from the basic definition. Accept other approaches that meet the same stated objective; do not deduct merely for not reproducing this illustration."", ""critical"": false}, {""id"": ""C3"", ""criterion"": ""Case check 3"", ""points"": 20.0, ""description"": ""The response gives an observable way to check the explanation or next teaching action for this specific case; a check for an unrelated topic does not meet this requirement."", ""critical"": false}, {""id"": ""C4"", ""criterion"": ""Case check 4"", ""points"": 20.0, ""description"": ""The response addresses this case using the supplied facts and labels material assumptions or hypothetical examples when it introduces them. Do not require invented assumptions or a boilerplate disclaimer when none is needed; irrelevant or empty responses fail."", ""critical"": false}, {""id"": ""C5"", ""criterion"": ""Case check 5"", ""points"": 20.0, ""description"": ""Critical-error check: the response substantively addresses this case and does not endorse the following error; an irrelevant, empty or purely evasive response fails this criterion: Permitting an unmapped domain element or multiple outputs in a function."", ""critical"": true}]",high_school
lesson-builder__cn26_04,lesson-builder,Teaching Material Generation,Mathematics,High School,medium,A senior-secondary mathematics teacher requests a concept-building explanation of the single topic in the question.,"How do I construct the concept of mathematical induction?
Provide a concrete response to this case and a brief rationale. Include a feasible way to check the proposed learning or teaching action. State material assumptions. Hypothetical examples are allowed; do not claim unseen classroom outcomes. Equivalent defensible approaches are welcome.","Answer only this case. Accept equivalent correct approaches and examples.
Correctness: Induction needs a verified base and the implication P(k) implies P(k+1) over the stated integer range.
Illustrative application (equivalent approaches accepted; only explicit question requirements are mandatory): Work through the sum 1+...+n=n(n+1)/2 and explain why checking several values is insufficient.
Reject endorsement of: Assuming P(k+1) to prove itself or omitting the base.","[{""id"": ""C1"", ""criterion"": ""Case check 1"", ""points"": 20.0, ""description"": ""Content check (equivalent correct explanations/examples accepted; the anchor example is not mandatory): Induction needs a verified base and the implication P(k) implies P(k+1) over the stated integer range."", ""critical"": true}, {""id"": ""C2"", ""criterion"": ""Case check 2"", ""points"": 20.0, ""description"": ""Provides a feasible, correct response to the actual user request. The following is an illustrative teaching approach, not a mandatory example, material, numeric value or fixed sequence unless explicitly requested in the question: Work through the sum 1+...+n=n(n+1)/2 and explain why checking several values is insufficient. Accept other approaches that meet the same stated objective; do not deduct merely for not reproducing this illustration."", ""critical"": false}, {""id"": ""C3"", ""criterion"": ""Case check 3"", ""points"": 20.0, ""description"": ""The response gives an observable way to check the explanation or next teaching action for this specific case; a check for an unrelated topic does not meet this requirement."", ""critical"": false}, {""id"": ""C4"", ""criterion"": ""Case check 4"", ""points"": 20.0, ""description"": ""The response addresses this case using the supplied facts and labels material assumptions or hypothetical examples when it introduces them. Do not require invented assumptions or a boilerplate disclaimer when none is needed; irrelevant or empty responses fail."", ""critical"": false}, {""id"": ""C5"", ""criterion"": ""Case check 5"", ""points"": 20.0, ""description"": ""Critical-error check: the response substantively addresses this case and does not endorse the following error; an irrelevant, empty or purely evasive response fails this criterion: Assuming P(k+1) to prove itself or omitting the base."", ""critical"": true}]",high_school
lesson-builder__cn26_05,lesson-builder,Teaching Material Generation,Mathematics,High School,medium,A senior-secondary mathematics teacher requests a concept-building explanation of the single topic in the question.,"How do I construct the concept of inverse function?
Provide a concrete response to this case and a brief rationale. Include a feasible way to check the proposed learning or teaching action. State material assumptions. Hypothetical examples are allowed; do not claim unseen classroom outcomes. Equivalent defensible approaches are welcome.","Answer only this case. Accept equivalent correct approaches and examples.
Correctness: An inverse function on the image exists for an injective function, with domain/range exchanged.
Illustrative application (equivalent approaches accepted; only explicit question requirements are mandatory): Compare x^2 on all reals with its restriction x>=0 and verify composition.
Reject endorsement of: Writing plus/minus sqrt(x) as a single-valued inverse function on all reals.","[{""id"": ""C1"", ""criterion"": ""Case check 1"", ""points"": 20.0, ""description"": ""Content check (equivalent correct explanations/examples accepted; the anchor example is not mandatory): An inverse function on the image exists for an injective function, with domain/range exchanged."", ""critical"": true}, {""id"": ""C2"", ""criterion"": ""Case check 2"", ""points"": 20.0, ""description"": ""Provides a feasible, correct response to the actual user request. The following is an illustrative teaching approach, not a mandatory example, material, numeric value or fixed sequence unless explicitly requested in the question: Compare x^2 on all reals with its restriction x>=0 and verify composition. Accept other approaches that meet the same stated objective; do not deduct merely for not reproducing this illustration."", ""critical"": false}, {""id"": ""C3"", ""criterion"": ""Case check 3"", ""points"": 20.0, ""description"": ""The response gives an observable way to check the explanation or next teaching action for this specific case; a check for an unrelated topic does not meet this requirement."", ""critical"": false}, {""id"": ""C4"", ""criterion"": ""Case check 4"", ""points"": 20.0, ""description"": ""The response addresses this case using the supplied facts and labels material assumptions or hypothetical examples when it introduces them. Do not require invented assumptions or a boilerplate disclaimer when none is needed; irrelevant or empty responses fail."", ""critical"": false}, {""id"": ""C5"", ""criterion"": ""Case check 5"", ""points"": 20.0, ""description"": ""Critical-error check: the response substantively addresses this case and does not endorse the following error; an irrelevant, empty or purely evasive response fails this criterion: Writing plus/minus sqrt(x) as a single-valued inverse function on all reals."", ""critical"": true}]",high_school
lesson-builder__cn26_06,lesson-builder,Teaching Material Generation,Mathematics,High School,medium,A senior-secondary mathematics teacher requests a concept-building explanation of the single topic in the question.,"How do I construct the concept of limit?
Provide a concrete response to this case and a brief rationale. Include a feasible way to check the proposed learning or teaching action. State material assumptions. Hypothetical examples are allowed; do not claim unseen classroom outcomes. Equivalent defensible approaches are welcome.","Answer only this case. Accept equivalent correct approaches and examples.
Correctness: A function limit concerns values near the point and need not equal the value at the point.
Illustrative application (equivalent approaches accepted; only explicit question requirements are mandatory): Use (x^2-1)/(x-1) near x=1, compare one-sided behavior and distinguish undefined value from nonexistent limit.
Reject endorsement of: Inferring no limit merely because the function is undefined at the point.","[{""id"": ""C1"", ""criterion"": ""Case check 1"", ""points"": 20.0, ""description"": ""Content check (equivalent correct explanations/examples accepted; the anchor example is not mandatory): A function limit concerns values near the point and need not equal the value at the point."", ""critical"": true}, {""id"": ""C2"", ""criterion"": ""Case check 2"", ""points"": 20.0, ""description"": ""Provides a feasible, correct response to the actual user request. The following is an illustrative teaching approach, not a mandatory example, material, numeric value or fixed sequence unless explicitly requested in the question: Use (x^2-1)/(x-1) near x=1, compare one-sided behavior and distinguish undefined value from nonexistent limit. Accept other approaches that meet the same stated objective; do not deduct merely for not reproducing this illustration."", ""critical"": false}, {""id"": ""C3"", ""criterion"": ""Case check 3"", ""points"": 20.0, ""description"": ""The response gives an observable way to check the explanation or next teaching action for this specific case; a check for an unrelated topic does not meet this requirement."", ""critical"": false}, {""id"": ""C4"", ""criterion"": ""Case check 4"", ""points"": 20.0, ""description"": ""The response addresses this case using the supplied facts and labels material assumptions or hypothetical examples when it introduces them. Do not require invented assumptions or a boilerplate disclaimer when none is needed; irrelevant or empty responses fail."", ""critical"": false}, {""id"": ""C5"", ""criterion"": ""Case check 5"", ""points"": 20.0, ""description"": ""Critical-error check: the response substantively addresses this case and does not endorse the following error; an irrelevant, empty or purely evasive response fails this criterion: Inferring no limit merely because the function is undefined at the point."", ""critical"": true}]",high_school
lesson-builder__cn26_07,lesson-builder,Teaching Material Generation,Mathematics,High School,medium,A senior-secondary mathematics teacher requests a concept-building explanation of the single topic in the question.,"How do I construct the concept of the classical probability model in probability?
Provide a concrete response to this case and a brief rationale. Include a feasible way to check the proposed learning or teaching action. State material assumptions. Hypothetical examples are allowed; do not claim unseen classroom outcomes. Equivalent defensible approaches are welcome.","Answer only this case. Accept equivalent correct approaches and examples.
Correctness: The classical finite model requires equally likely elementary outcomes.
Illustrative application (equivalent approaches accepted; only explicit question requirements are mandatory): Count favorable and total outcomes in a justified finite example and contrast a biased mechanism.
Reject endorsement of: Using favorable/total for unequal probabilities without adjustment.","[{""id"": ""C1"", ""criterion"": ""Case check 1"", ""points"": 20.0, ""description"": ""Content check (equivalent correct explanations/examples accepted; the anchor example is not mandatory): The classical finite model requires equally likely elementary outcomes."", ""critical"": true}, {""id"": ""C2"", ""criterion"": ""Case check 2"", ""points"": 20.0, ""description"": ""Provides a feasible, correct response to the actual user request. The following is an illustrative teaching approach, not a mandatory example, material, numeric value or fixed sequence unless explicitly requested in the question: Count favorable and total outcomes in a justified finite example and contrast a biased mechanism. Accept other approaches that meet the same stated objective; do not deduct merely for not reproducing this illustration."", ""critical"": false}, {""id"": ""C3"", ""criterion"": ""Case check 3"", ""points"": 20.0, ""description"": ""The response gives an observable way to check the explanation or next teaching action for this specific case; a check for an unrelated topic does not meet this requirement."", ""critical"": false}, {""id"": ""C4"", ""criterion"": ""Case check 4"", ""points"": 20.0, ""description"": ""The response addresses this case using the supplied facts and labels material assumptions or hypothetical examples when it introduces them. Do not require invented assumptions or a boilerplate disclaimer when none is needed; irrelevant or empty responses fail."", ""critical"": false}, {""id"": ""C5"", ""criterion"": ""Case check 5"", ""points"": 20.0, ""description"": ""Critical-error check: the response substantively addresses this case and does not endorse the following error; an irrelevant, empty or purely evasive response fails this criterion: Using favorable/total for unequal probabilities without adjustment."", ""critical"": true}]",high_school
lesson-builder__cn26_08,lesson-builder,Teaching Material Generation,Mathematics,High School,medium,A senior-secondary mathematics teacher requests a concept-building explanation of the single topic in the question.,"How do I construct the concept of space vector?
Provide a concrete response to this case and a brief rationale. Include a feasible way to check the proposed learning or teaching action. State material assumptions. Hypothetical examples are allowed; do not claim unseen classroom outcomes. Equivalent defensible approaches are welcome.","Answer only this case. Accept equivalent correct approaches and examples.
Correctness: A space vector is an element of three-dimensional vector space; vectors need not lie in one plane.
Illustrative application (equivalent approaches accepted; only explicit question requirements are mandatory): Use three independent directions, coordinates and a dependence/nondependence example.
Reject endorsement of: Requiring every set of space vectors to be coplanar.","[{""id"": ""C1"", ""criterion"": ""Case check 1"", ""points"": 20.0, ""description"": ""Content check (equivalent correct explanations/examples accepted; the anchor example is not mandatory): A space vector is an element of three-dimensional vector space; vectors need not lie in one plane."", ""critical"": true}, {""id"": ""C2"", ""criterion"": ""Case check 2"", ""points"": 20.0, ""description"": ""Provides a feasible, correct response to the actual user request. The following is an illustrative teaching approach, not a mandatory example, material, numeric value or fixed sequence unless explicitly requested in the question: Use three independent directions, coordinates and a dependence/nondependence example. Accept other approaches that meet the same stated objective; do not deduct merely for not reproducing this illustration."", ""critical"": false}, {""id"": ""C3"", ""criterion"": ""Case check 3"", ""points"": 20.0, ""description"": ""The response gives an observable way to check the explanation or next teaching action for this specific case; a check for an unrelated topic does not meet this requirement."", ""critical"": false}, {""id"": ""C4"", ""criterion"": ""Case check 4"", ""points"": 20.0, ""description"": ""The response addresses this case using the supplied facts and labels material assumptions or hypothetical examples when it introduces them. Do not require invented assumptions or a boilerplate disclaimer when none is needed; irrelevant or empty responses fail."", ""critical"": false}, {""id"": ""C5"", ""criterion"": ""Case check 5"", ""points"": 20.0, ""description"": ""Critical-error check: the response substantively addresses this case and does not endorse the following error; an irrelevant, empty or purely evasive response fails this criterion: Requiring every set of space vectors to be coplanar."", ""critical"": true}]",high_school
lesson-builder__cn26_09,lesson-builder,Teaching Material Generation,Mathematics,High School,medium,A senior-secondary mathematics teacher requests a concept-building explanation of the single topic in the question.,"How do I construct the concept of the limit of a sequence?
Provide a concrete response to this case and a brief rationale. Include a feasible way to check the proposed learning or teaching action. State material assumptions. Hypothetical examples are allowed; do not claim unseen classroom outcomes. Equivalent defensible approaches are welcome.","Answer only this case. Accept equivalent correct approaches and examples.
Correctness: A sequence limit concerns all sufficiently late terms; convergence need not be monotone.
Illustrative application (equivalent approaches accepted; only explicit question requirements are mandatory): Compare 1/n, (-1)^n/n and (-1)^n using a stated tolerance and tail behavior.
Reject endorsement of: Calling every bounded sequence convergent.","[{""id"": ""C1"", ""criterion"": ""Case check 1"", ""points"": 20.0, ""description"": ""Content check (equivalent correct explanations/examples accepted; the anchor example is not mandatory): A sequence limit concerns all sufficiently late terms; convergence need not be monotone."", ""critical"": true}, {""id"": ""C2"", ""criterion"": ""Case check 2"", ""points"": 20.0, ""description"": ""Provides a feasible, correct response to the actual user request. The following is an illustrative teaching approach, not a mandatory example, material, numeric value or fixed sequence unless explicitly requested in the question: Compare 1/n, (-1)^n/n and (-1)^n using a stated tolerance and tail behavior. Accept other approaches that meet the same stated objective; do not deduct merely for not reproducing this illustration."", ""critical"": false}, {""id"": ""C3"", ""criterion"": ""Case check 3"", ""points"": 20.0, ""description"": ""The response gives an observable way to check the explanation or next teaching action for this specific case; a check for an unrelated topic does not meet this requirement."", ""critical"": false}, {""id"": ""C4"", ""criterion"": ""Case check 4"", ""points"": 20.0, ""description"": ""The response addresses this case using the supplied facts and labels material assumptions or hypothetical examples when it introduces them. Do not require invented assumptions or a boilerplate disclaimer when none is needed; irrelevant or empty responses fail."", ""critical"": false}, {""id"": ""C5"", ""criterion"": ""Case check 5"", ""points"": 20.0, ""description"": ""Critical-error check: the response substantively addresses this case and does not endorse the following error; an irrelevant, empty or purely evasive response fails this criterion: Calling every bounded sequence convergent."", ""critical"": true}]",high_school
lesson-builder__cn27_01,lesson-builder,Teaching Material Generation,Mathematics,High School,medium,A Grade 11-12 mathematics teacher wants pupils to recognize when an expression can be transformed into a familiar form.,"How can I train students in the ""unified transformation of quadratic functions""—from general form to vertex form?
Provide a concrete response to this case and a brief rationale. Include a feasible way to check the proposed learning or teaching action. State material assumptions. Hypothetical examples are allowed; do not claim unseen classroom outcomes. Equivalent defensible approaches are welcome.","Answer only this case. Accept equivalent correct approaches and examples.
Correctness: a*x^2+b*x+c=a*(x+b/(2a))^2+c-b^2/(4a) for a!=0.
Illustrative application (equivalent approaches accepted; only explicit question requirements are mandatory): Model completing the square, verify expansion and diagnose a sign error on a transfer item.
Reject endorsement of: Omitting the factor a or changing the function during transformation.","[{""id"": ""C1"", ""criterion"": ""Case check 1"", ""points"": 20.0, ""description"": ""Content check (equivalent correct explanations/examples accepted; the anchor example is not mandatory): a*x^2+b*x+c=a*(x+b/(2a))^2+c-b^2/(4a) for a!=0."", ""critical"": true}, {""id"": ""C2"", ""criterion"": ""Case check 2"", ""points"": 20.0, ""description"": ""Provides a feasible, correct response to the actual user request. The following is an illustrative teaching approach, not a mandatory example, material, numeric value or fixed sequence unless explicitly requested in the question: Model completing the square, verify expansion and diagnose a sign error on a transfer item. Accept other approaches that meet the same stated objective; do not deduct merely for not reproducing this illustration."", ""critical"": false}, {""id"": ""C3"", ""criterion"": ""Case check 3"", ""points"": 20.0, ""description"": ""The response gives an observable way to check the explanation or next teaching action for this specific case; a check for an unrelated topic does not meet this requirement."", ""critical"": false}, {""id"": ""C4"", ""criterion"": ""Case check 4"", ""points"": 20.0, ""description"": ""The response addresses this case using the supplied facts and labels material assumptions or hypothetical examples when it introduces them. Do not require invented assumptions or a boilerplate disclaimer when none is needed; irrelevant or empty responses fail."", ""critical"": false}, {""id"": ""C5"", ""criterion"": ""Case check 5"", ""points"": 20.0, ""description"": ""Critical-error check: the response substantively addresses this case and does not endorse the following error; an irrelevant, empty or purely evasive response fails this criterion: Omitting the factor a or changing the function during transformation."", ""critical"": true}]",high_school
lesson-builder__cn27_02,lesson-builder,Teaching Material Generation,Mathematics,High School,medium,A Grade 11-12 mathematics teacher wants pupils to recognize when an expression can be transformed into a familiar form.,"How can I train students in the ""unified transformation of exponential and logarithmic expressions""—converting them to the same base?
Provide a concrete response to this case and a brief rationale. Include a feasible way to check the proposed learning or teaching action. State material assumptions. Hypothetical examples are allowed; do not claim unseen classroom outcomes. Equivalent defensible approaches are welcome.","Answer only this case. Accept equivalent correct approaches and examples.
Correctness: Exponent and logarithm transformations require valid bases and positive logarithm arguments.
Illustrative application (equivalent approaches accepted; only explicit question requirements are mandatory): Work a same-base example and check the original domain before applying log laws.
Reject endorsement of: Using log(x+y)=log(x)+log(y).","[{""id"": ""C1"", ""criterion"": ""Case check 1"", ""points"": 20.0, ""description"": ""Content check (equivalent correct explanations/examples accepted; the anchor example is not mandatory): Exponent and logarithm transformations require valid bases and positive logarithm arguments."", ""critical"": true}, {""id"": ""C2"", ""criterion"": ""Case check 2"", ""points"": 20.0, ""description"": ""Provides a feasible, correct response to the actual user request. The following is an illustrative teaching approach, not a mandatory example, material, numeric value or fixed sequence unless explicitly requested in the question: Work a same-base example and check the original domain before applying log laws. Accept other approaches that meet the same stated objective; do not deduct merely for not reproducing this illustration."", ""critical"": false}, {""id"": ""C3"", ""criterion"": ""Case check 3"", ""points"": 20.0, ""description"": ""The response gives an observable way to check the explanation or next teaching action for this specific case; a check for an unrelated topic does not meet this requirement."", ""critical"": false}, {""id"": ""C4"", ""criterion"": ""Case check 4"", ""points"": 20.0, ""description"": ""The response addresses this case using the supplied facts and labels material assumptions or hypothetical examples when it introduces them. Do not require invented assumptions or a boilerplate disclaimer when none is needed; irrelevant or empty responses fail."", ""critical"": false}, {""id"": ""C5"", ""criterion"": ""Case check 5"", ""points"": 20.0, ""description"": ""Critical-error check: the response substantively addresses this case and does not endorse the following error; an irrelevant, empty or purely evasive response fails this criterion: Using log(x+y)=log(x)+log(y)."", ""critical"": true}]",high_school
lesson-builder__cn27_03,lesson-builder,Teaching Material Generation,Mathematics,High School,medium,A Grade 11-12 mathematics teacher wants pupils to recognize when an expression can be transformed into a familiar form.,"How can I train students in the ""unified transformation of rational inequalities""—converting them to standard form?
Provide a concrete response to this case and a brief rationale. Include a feasible way to check the proposed learning or teaching action. State material assumptions. Hypothetical examples are allowed; do not claim unseen classroom outcomes. Equivalent defensible approaches are welcome.","Answer only this case. Accept equivalent correct approaches and examples.
Correctness: Rational inequalities require denominator exclusions and sign analysis.
Illustrative application (equivalent approaches accepted; only explicit question requirements are mandatory): Solve (x-1)/(x+2)>0 as x<-2 or x>1 using intervals and test values.
Reject endorsement of: Multiplying by a denominator of unknown sign without cases.","[{""id"": ""C1"", ""criterion"": ""Case check 1"", ""points"": 20.0, ""description"": ""Content check (equivalent correct explanations/examples accepted; the anchor example is not mandatory): Rational inequalities require denominator exclusions and sign analysis."", ""critical"": true}, {""id"": ""C2"", ""criterion"": ""Case check 2"", ""points"": 20.0, ""description"": ""Provides a feasible, correct response to the actual user request. The following is an illustrative teaching approach, not a mandatory example, material, numeric value or fixed sequence unless explicitly requested in the question: Solve (x-1)/(x+2)>0 as x<-2 or x>1 using intervals and test values. Accept other approaches that meet the same stated objective; do not deduct merely for not reproducing this illustration."", ""critical"": false}, {""id"": ""C3"", ""criterion"": ""Case check 3"", ""points"": 20.0, ""description"": ""The response gives an observable way to check the explanation or next teaching action for this specific case; a check for an unrelated topic does not meet this requirement."", ""critical"": false}, {""id"": ""C4"", ""criterion"": ""Case check 4"", ""points"": 20.0, ""description"": ""The response addresses this case using the supplied facts and labels material assumptions or hypothetical examples when it introduces them. Do not require invented assumptions or a boilerplate disclaimer when none is needed; irrelevant or empty responses fail."", ""critical"": false}, {""id"": ""C5"", ""criterion"": ""Case check 5"", ""points"": 20.0, ""description"": ""Critical-error check: the response substantively addresses this case and does not endorse the following error; an irrelevant, empty or purely evasive response fails this criterion: Multiplying by a denominator of unknown sign without cases."", ""critical"": true}]",high_school
lesson-builder__cn27_04,lesson-builder,Teaching Material Generation,Mathematics,High School,medium,A Grade 11-12 mathematics teacher wants pupils to recognize when an expression can be transformed into a familiar form.,"How can I train students in the ""unified transformation of straight line equations""—from slope-intercept form to general form?
Provide a concrete response to this case and a brief rationale. Include a feasible way to check the proposed learning or teaching action. State material assumptions. Hypothetical examples are allowed; do not claim unseen classroom outcomes. Equivalent defensible approaches are welcome.","Answer only this case. Accept equivalent correct approaches and examples.
Correctness: y=m*x+b converts to m*x-y+b=0, but a vertical line has no slope-intercept form.
Illustrative application (equivalent approaches accepted; only explicit question requirements are mandatory): Compare a finite-slope line and x=2, verifying that both fit general form Ax+By+C=0 with (A,B)!=0.
Reject endorsement of: Claiming slope-intercept form represents every line.","[{""id"": ""C1"", ""criterion"": ""Case check 1"", ""points"": 20.0, ""description"": ""Content check (equivalent correct explanations/examples accepted; the anchor example is not mandatory): y=m*x+b converts to m*x-y+b=0, but a vertical line has no slope-intercept form."", ""critical"": true}, {""id"": ""C2"", ""criterion"": ""Case check 2"", ""points"": 20.0, ""description"": ""Provides a feasible, correct response to the actual user request. The following is an illustrative teaching approach, not a mandatory example, material, numeric value or fixed sequence unless explicitly requested in the question: Compare a finite-slope line and x=2, verifying that both fit general form Ax+By+C=0 with (A,B)!=0. Accept other approaches that meet the same stated objective; do not deduct merely for not reproducing this illustration."", ""critical"": false}, {""id"": ""C3"", ""criterion"": ""Case check 3"", ""points"": 20.0, ""description"": ""The response gives an observable way to check the explanation or next teaching action for this specific case; a check for an unrelated topic does not meet this requirement."", ""critical"": false}, {""id"": ""C4"", ""criterion"": ""Case check 4"", ""points"": 20.0, ""description"": ""The response addresses this case using the supplied facts and labels material assumptions or hypothetical examples when it introduces them. Do not require invented assumptions or a boilerplate disclaimer when none is needed; irrelevant or empty responses fail."", ""critical"": false}, {""id"": ""C5"", ""criterion"": ""Case check 5"", ""points"": 20.0, ""description"": ""Critical-error check: the response substantively addresses this case and does not endorse the following error; an irrelevant, empty or purely evasive response fails this criterion: Claiming slope-intercept form represents every line."", ""critical"": true}]",high_school
lesson-builder__cn27_05,lesson-builder,Teaching Material Generation,Mathematics,High School,medium,A Grade 11-12 mathematics teacher wants pupils to recognize when an expression can be transformed into a familiar form.,"How can I train students in the ""unified transformation of distance formulas in analytic geometry""—reducing them to the distance between two points?
Provide a concrete response to this case and a brief rationale. Include a feasible way to check the proposed learning or teaching action. State material assumptions. Hypothetical examples are allowed; do not claim unseen classroom outcomes. Equivalent defensible approaches are welcome.","Answer only this case. Accept equivalent correct approaches and examples.
Correctness: Point-to-line distance can be understood as the distance to the perpendicular foot.
Illustrative application (equivalent approaches accepted; only explicit question requirements are mandatory): Construct the foot or use a checked projection example, relating it to Euclidean distance.
Reject endorsement of: Minimizing to an arbitrary point on the line or omitting absolute value in the distance formula.","[{""id"": ""C1"", ""criterion"": ""Case check 1"", ""points"": 20.0, ""description"": ""Content check (equivalent correct explanations/examples accepted; the anchor example is not mandatory): Point-to-line distance can be understood as the distance to the perpendicular foot."", ""critical"": true}, {""id"": ""C2"", ""criterion"": ""Case check 2"", ""points"": 20.0, ""description"": ""Provides a feasible, correct response to the actual user request. The following is an illustrative teaching approach, not a mandatory example, material, numeric value or fixed sequence unless explicitly requested in the question: Construct the foot or use a checked projection example, relating it to Euclidean distance. Accept other approaches that meet the same stated objective; do not deduct merely for not reproducing this illustration."", ""critical"": false}, {""id"": ""C3"", ""criterion"": ""Case check 3"", ""points"": 20.0, ""description"": ""The response gives an observable way to check the explanation or next teaching action for this specific case; a check for an unrelated topic does not meet this requirement."", ""critical"": false}, {""id"": ""C4"", ""criterion"": ""Case check 4"", ""points"": 20.0, ""description"": ""The response addresses this case using the supplied facts and labels material assumptions or hypothetical examples when it introduces them. Do not require invented assumptions or a boilerplate disclaimer when none is needed; irrelevant or empty responses fail."", ""critical"": false}, {""id"": ""C5"", ""criterion"": ""Case check 5"", ""points"": 20.0, ""description"": ""Critical-error check: the response substantively addresses this case and does not endorse the following error; an irrelevant, empty or purely evasive response fails this criterion: Minimizing to an arbitrary point on the line or omitting absolute value in the distance formula."", ""critical"": true}]",high_school
lesson-builder__cn27_06,lesson-builder,Teaching Material Generation,Mathematics,High School,medium,A Grade 11-12 mathematics teacher wants pupils to recognize when an expression can be transformed into a familiar form.,"How can I train students in the ""unified transformation of the general term of a sequence""—from a recurrence relation to an explicit form (e.g., cumulative addition, cumulative multiplication)?
Provide a concrete response to this case and a brief rationale. Include a feasible way to check the proposed learning or teaching action. State material assumptions. Hypothetical examples are allowed; do not claim unseen classroom outcomes. Equivalent defensible approaches are welcome.","Answer only this case. Accept equivalent correct approaches and examples.
Correctness: Recurrence-to-explicit transformations need an initial value and valid algebra.
Illustrative application (equivalent approaches accepted; only explicit question requirements are mandatory): Demonstrate a_n=a_(n-1)+2, a_1=3 giving 2n+1 and verify by substitution; state when ratios require nonzero terms.
Reject endorsement of: Claiming every recurrence has the same additive or multiplicative solution.","[{""id"": ""C1"", ""criterion"": ""Case check 1"", ""points"": 20.0, ""description"": ""Content check (equivalent correct explanations/examples accepted; the anchor example is not mandatory): Recurrence-to-explicit transformations need an initial value and valid algebra."", ""critical"": true}, {""id"": ""C2"", ""criterion"": ""Case check 2"", ""points"": 20.0, ""description"": ""Provides a feasible, correct response to the actual user request. The following is an illustrative teaching approach, not a mandatory example, material, numeric value or fixed sequence unless explicitly requested in the question: Demonstrate a_n=a_(n-1)+2, a_1=3 giving 2n+1 and verify by substitution; state when ratios require nonzero terms. Accept other approaches that meet the same stated objective; do not deduct merely for not reproducing this illustration."", ""critical"": false}, {""id"": ""C3"", ""criterion"": ""Case check 3"", ""points"": 20.0, ""description"": ""The response gives an observable way to check the explanation or next teaching action for this specific case; a check for an unrelated topic does not meet this requirement."", ""critical"": false}, {""id"": ""C4"", ""criterion"": ""Case check 4"", ""points"": 20.0, ""description"": ""The response addresses this case using the supplied facts and labels material assumptions or hypothetical examples when it introduces them. Do not require invented assumptions or a boilerplate disclaimer when none is needed; irrelevant or empty responses fail."", ""critical"": false}, {""id"": ""C5"", ""criterion"": ""Case check 5"", ""points"": 20.0, ""description"": ""Critical-error check: the response substantively addresses this case and does not endorse the following error; an irrelevant, empty or purely evasive response fails this criterion: Claiming every recurrence has the same additive or multiplicative solution."", ""critical"": true}]",high_school
lesson-builder__cn27_07,lesson-builder,Teaching Material Generation,Mathematics,High School,medium,A Grade 11-12 mathematics teacher wants pupils to recognize when an expression can be transformed into a familiar form.,"How can I train students in the ""unified transformation of complex number operations""—converting them to algebraic form or trigonometric form?
Provide a concrete response to this case and a brief rationale. Include a feasible way to check the proposed learning or teaching action. State material assumptions. Hypothetical examples are allowed; do not claim unseen classroom outcomes. Equivalent defensible approaches are welcome.","Answer only this case. Accept equivalent correct approaches and examples.
Correctness: For nonzero z, z=r(cos theta+i sin theta); algebraic and polar forms support different operations.
Illustrative application (equivalent approaches accepted; only explicit question requirements are mandatory): Compare addition in coordinates and multiplication through moduli/arguments, including quadrant checks.
Reject endorsement of: Adding arguments for addition or assigning a unique argument to zero.","[{""id"": ""C1"", ""criterion"": ""Case check 1"", ""points"": 20.0, ""description"": ""Content check (equivalent correct explanations/examples accepted; the anchor example is not mandatory): For nonzero z, z=r(cos theta+i sin theta); algebraic and polar forms support different operations."", ""critical"": true}, {""id"": ""C2"", ""criterion"": ""Case check 2"", ""points"": 20.0, ""description"": ""Provides a feasible, correct response to the actual user request. The following is an illustrative teaching approach, not a mandatory example, material, numeric value or fixed sequence unless explicitly requested in the question: Compare addition in coordinates and multiplication through moduli/arguments, including quadrant checks. Accept other approaches that meet the same stated objective; do not deduct merely for not reproducing this illustration."", ""critical"": false}, {""id"": ""C3"", ""criterion"": ""Case check 3"", ""points"": 20.0, ""description"": ""The response gives an observable way to check the explanation or next teaching action for this specific case; a check for an unrelated topic does not meet this requirement."", ""critical"": false}, {""id"": ""C4"", ""criterion"": ""Case check 4"", ""points"": 20.0, ""description"": ""The response addresses this case using the supplied facts and labels material assumptions or hypothetical examples when it introduces them. Do not require invented assumptions or a boilerplate disclaimer when none is needed; irrelevant or empty responses fail."", ""critical"": false}, {""id"": ""C5"", ""criterion"": ""Case check 5"", ""points"": 20.0, ""description"": ""Critical-error check: the response substantively addresses this case and does not endorse the following error; an irrelevant, empty or purely evasive response fails this criterion: Adding arguments for addition or assigning a unique argument to zero."", ""critical"": true}]",high_school
lesson-builder__cn27_08,lesson-builder,Teaching Material Generation,Mathematics,High School,medium,A Grade 11-12 mathematics teacher wants pupils to recognize when an expression can be transformed into a familiar form.,"How can I train students in the ""unified transformation of the vector dot product""—expressing it using coordinates or bases?
Provide a concrete response to this case and a brief rationale. Include a feasible way to check the proposed learning or teaching action. State material assumptions. Hypothetical examples are allowed; do not claim unseen classroom outcomes. Equivalent defensible approaches are welcome.","Answer only this case. Accept equivalent correct approaches and examples.
Correctness: Dot products in an orthonormal Cartesian basis equal the sum of component products.
Illustrative application (equivalent approaches accepted; only explicit question requirements are mandatory): Check (1,2) dot (3,4)=11 and explain that a nonorthonormal basis needs its basis dot products.
Reject endorsement of: Applying the plain component formula to an arbitrary oblique basis.","[{""id"": ""C1"", ""criterion"": ""Case check 1"", ""points"": 20.0, ""description"": ""Content check (equivalent correct explanations/examples accepted; the anchor example is not mandatory): Dot products in an orthonormal Cartesian basis equal the sum of component products."", ""critical"": true}, {""id"": ""C2"", ""criterion"": ""Case check 2"", ""points"": 20.0, ""description"": ""Provides a feasible, correct response to the actual user request. The following is an illustrative teaching approach, not a mandatory example, material, numeric value or fixed sequence unless explicitly requested in the question: Check (1,2) dot (3,4)=11 and explain that a nonorthonormal basis needs its basis dot products. Accept other approaches that meet the same stated objective; do not deduct merely for not reproducing this illustration."", ""critical"": false}, {""id"": ""C3"", ""criterion"": ""Case check 3"", ""points"": 20.0, ""description"": ""The response gives an observable way to check the explanation or next teaching action for this specific case; a check for an unrelated topic does not meet this requirement."", ""critical"": false}, {""id"": ""C4"", ""criterion"": ""Case check 4"", ""points"": 20.0, ""description"": ""The response addresses this case using the supplied facts and labels material assumptions or hypothetical examples when it introduces them. Do not require invented assumptions or a boilerplate disclaimer when none is needed; irrelevant or empty responses fail."", ""critical"": false}, {""id"": ""C5"", ""criterion"": ""Case check 5"", ""points"": 20.0, ""description"": ""Critical-error check: the response substantively addresses this case and does not endorse the following error; an irrelevant, empty or purely evasive response fails this criterion: Applying the plain component formula to an arbitrary oblique basis."", ""critical"": true}]",high_school
lesson-builder__cn28_01,lesson-builder,Teaching Material Generation,Mathematics,High School,medium,A senior-secondary mathematics teacher requests a motivated introduction to the single concept in the question.,"How can I make students feel the need to learn the law of sines (the limitations of congruence and drawing altitudes in junior high school)?
Provide a concrete response to this case and a brief rationale. Include a feasible way to check the proposed learning or teaching action. State material assumptions. Hypothetical examples are allowed; do not claim unseen classroom outcomes. Equivalent defensible approaches are welcome.","Answer only this case. Accept equivalent correct approaches and examples.
Correctness: For a nondegenerate triangle a/sin(A)=b/sin(B)=c/sin(C). Motivate it by an oblique triangle and relate the ratio to an altitude or circumcircle. AAA fixes shape but not size; SSA can give zero, one or two triangles.
Illustrative application (equivalent approaches accepted; only explicit question requirements are mandatory): Use an oblique triangle with known opposite side-angle pair, compare an altitude-based solution with the new relationship, then check a second triangle and an SSA ambiguity.
Reject endorsement of: A compulsory derivative/complex-number/logarithm lesson or a claim that every SSA triangle is unique.","[{""id"": ""C1"", ""criterion"": ""Case check 1"", ""points"": 14.285714285714286, ""description"": ""Content check (equivalent correct explanations/examples accepted; the anchor example is not mandatory): For a nondegenerate triangle a/sin(A)=b/sin(B)=c/sin(C)."", ""critical"": true}, {""id"": ""C2"", ""criterion"": ""Case check 2"", ""points"": 14.285714285714286, ""description"": ""Content check (equivalent correct explanations/examples accepted; the anchor example is not mandatory): Motivate it by an oblique triangle and relate the ratio to an altitude or circumcircle."", ""critical"": true}, {""id"": ""C3"", ""criterion"": ""Case check 3"", ""points"": 14.285714285714286, ""description"": ""Content check (equivalent correct explanations/examples accepted; the anchor example is not mandatory): AAA fixes shape but not size; SSA can give zero, one or two triangles."", ""critical"": true}, {""id"": ""C4"", ""criterion"": ""Case check 4"", ""points"": 14.285714285714286, ""description"": ""Provides a feasible, correct response to the actual user request. The following is an illustrative teaching approach, not a mandatory example, material, numeric value or fixed sequence unless explicitly requested in the question: Use an oblique triangle with known opposite side-angle pair, compare an altitude-based solution with the new relationship, then check a second triangle and an SSA ambiguity. Accept other approaches that meet the same stated objective; do not deduct merely for not reproducing this illustration."", ""critical"": false}, {""id"": ""C5"", ""criterion"": ""Case check 5"", ""points"": 14.285714285714286, ""description"": ""The response gives an observable way to check the explanation or next teaching action for this specific case; a check for an unrelated topic does not meet this requirement."", ""critical"": false}, {""id"": ""C6"", ""criterion"": ""Case check 6"", ""points"": 14.285714285714286, ""description"": ""The response addresses this case using the supplied facts and labels material assumptions or hypothetical examples when it introduces them. Do not require invented assumptions or a boilerplate disclaimer when none is needed; irrelevant or empty responses fail."", ""critical"": false}, {""id"": ""C7"", ""criterion"": ""Case check 7"", ""points"": 14.285714285714286, ""description"": ""Critical-error check: the response substantively addresses this case and does not endorse the following error; an irrelevant, empty or purely evasive response fails this criterion: A compulsory derivative/complex-number/logarithm lesson or a claim that every SSA triangle is unique."", ""critical"": true}]",high_school
lesson-builder__cn28_02,lesson-builder,Teaching Material Generation,Mathematics,High School,medium,A senior-secondary mathematics teacher requests a motivated introduction to the single concept in the question.,"How can I help students understand the significance of learning derivatives (the conflict between instantaneous velocity and average velocity)?
Provide a concrete response to this case and a brief rationale. Include a feasible way to check the proposed learning or teaching action. State material assumptions. Hypothetical examples are allowed; do not claim unseen classroom outcomes. Equivalent defensible approaches are welcome.","Answer only this case. Accept equivalent correct approaches and examples.
Correctness: Instantaneous rate is the limit of difference quotients, not substitution h=0 into a 0/0 expression. For s(t)=t^2, (s(t+h)-s(t))/h=2t+h for h!=0, whose limit is 2t.
Illustrative application (equivalent approaches accepted; only explicit question requirements are mandatory): Have students calculate shrinking-interval average rates at t=2, articulate the limit and distinguish average rate from instantaneous rate; use a transfer check.
Reject endorsement of: Dividing by zero to compute the derivative or grading the lesson by triangle-congruence checks.","[{""id"": ""C1"", ""criterion"": ""Case check 1"", ""points"": 16.666666666666668, ""description"": ""Content check (equivalent correct explanations/examples accepted; the anchor example is not mandatory): Instantaneous rate is the limit of difference quotients, not substitution h=0 into a 0/0 expression."", ""critical"": true}, {""id"": ""C2"", ""criterion"": ""Case check 2"", ""points"": 16.666666666666668, ""description"": ""Content check (equivalent correct explanations/examples accepted; the anchor example is not mandatory): For s(t)=t^2, (s(t+h)-s(t))/h=2t+h for h!=0, whose limit is 2t."", ""critical"": true}, {""id"": ""C3"", ""criterion"": ""Case check 3"", ""points"": 16.666666666666668, ""description"": ""Provides a feasible, correct response to the actual user request. The following is an illustrative teaching approach, not a mandatory example, material, numeric value or fixed sequence unless explicitly requested in the question: Have students calculate shrinking-interval average rates at t=2, articulate the limit and distinguish average rate from instantaneous rate; use a transfer check. Accept other approaches that meet the same stated objective; do not deduct merely for not reproducing this illustration."", ""critical"": false}, {""id"": ""C4"", ""criterion"": ""Case check 4"", ""points"": 16.666666666666668, ""description"": ""The response gives an observable way to check the explanation or next teaching action for this specific case; a check for an unrelated topic does not meet this requirement."", ""critical"": false}, {""id"": ""C5"", ""criterion"": ""Case check 5"", ""points"": 16.666666666666668, ""description"": ""The response addresses this case using the supplied facts and labels material assumptions or hypothetical examples when it introduces them. Do not require invented assumptions or a boilerplate disclaimer when none is needed; irrelevant or empty responses fail."", ""critical"": false}, {""id"": ""C6"", ""criterion"": ""Case check 6"", ""points"": 16.666666666666668, ""description"": ""Critical-error check: the response substantively addresses this case and does not endorse the following error; an irrelevant, empty or purely evasive response fails this criterion: Dividing by zero to compute the derivative or grading the lesson by triangle-congruence checks."", ""critical"": true}]",high_school
lesson-builder__cn28_03,lesson-builder,Teaching Material Generation,Mathematics,High School,medium,A senior-secondary mathematics teacher requests a motivated introduction to the single concept in the question.,"How can I make students feel the need to learn the concept of complex numbers (no solution within the real numbers)?
Provide a concrete response to this case and a brief rationale. Include a feasible way to check the proposed learning or teaching action. State material assumptions. Hypothetical examples are allowed; do not claim unseen classroom outcomes. Equivalent defensible approaches are welcome.","Answer only this case. Accept equivalent correct approaches and examples.
Correctness: x^2+1=0 has no real solution; extending the number system with i^2=-1 gives solutions i and -i. This is an extension of real numbers, not evidence that the original real solution set was nonempty.
Illustrative application (equivalent approaches accepted; only explicit question requirements are mandatory): Create the real-number impasse, define i consistently, verify both roots and compare with x^2-1=0.
Reject endorsement of: Claiming one real solution or requiring sine-law SSA examples for this topic.","[{""id"": ""C1"", ""criterion"": ""Case check 1"", ""points"": 16.666666666666668, ""description"": ""Content check (equivalent correct explanations/examples accepted; the anchor example is not mandatory): x^2+1=0 has no real solution; extending the number system with i^2=-1 gives solutions i and -i."", ""critical"": true}, {""id"": ""C2"", ""criterion"": ""Case check 2"", ""points"": 16.666666666666668, ""description"": ""Content check (equivalent correct explanations/examples accepted; the anchor example is not mandatory): This is an extension of real numbers, not evidence that the original real solution set was nonempty."", ""critical"": true}, {""id"": ""C3"", ""criterion"": ""Case check 3"", ""points"": 16.666666666666668, ""description"": ""Provides a feasible, correct response to the actual user request. The following is an illustrative teaching approach, not a mandatory example, material, numeric value or fixed sequence unless explicitly requested in the question: Create the real-number impasse, define i consistently, verify both roots and compare with x^2-1=0. Accept other approaches that meet the same stated objective; do not deduct merely for not reproducing this illustration."", ""critical"": false}, {""id"": ""C4"", ""criterion"": ""Case check 4"", ""points"": 16.666666666666668, ""description"": ""The response gives an observable way to check the explanation or next teaching action for this specific case; a check for an unrelated topic does not meet this requirement."", ""critical"": false}, {""id"": ""C5"", ""criterion"": ""Case check 5"", ""points"": 16.666666666666668, ""description"": ""The response addresses this case using the supplied facts and labels material assumptions or hypothetical examples when it introduces them. Do not require invented assumptions or a boilerplate disclaimer when none is needed; irrelevant or empty responses fail."", ""critical"": false}, {""id"": ""C6"", ""criterion"": ""Case check 6"", ""points"": 16.666666666666668, ""description"": ""Critical-error check: the response substantively addresses this case and does not endorse the following error; an irrelevant, empty or purely evasive response fails this criterion: Claiming one real solution or requiring sine-law SSA examples for this topic."", ""critical"": true}]",high_school
lesson-builder__cn28_04,lesson-builder,Teaching Material Generation,Mathematics,High School,medium,A senior-secondary mathematics teacher requests a motivated introduction to the single concept in the question.,"How can I make students feel the necessity of learning the concept of logarithms (solving exponential equations)?
Provide a concrete response to this case and a brief rationale. Include a feasible way to check the proposed learning or teaching action. State material assumptions. Hypothetical examples are allowed; do not claim unseen classroom outcomes. Equivalent defensible approaches are welcome.","Answer only this case. Accept equivalent correct approaches and examples.
Correctness: For a>0,a!=1,b>0, log_a(b) is the exponent x satisfying a^x=b. For 2^x=7, 2<x<3; the logarithm names the exact exponent without promising an elementary integer expression.
Illustrative application (equivalent approaches accepted; only explicit question requirements are mandatory): Compare solvable integer powers with 2^x=7, motivate inverse reasoning, state domain/base restrictions and check log_2(8)=3.
Reject endorsement of: Using zero/negative log arguments in the real setting or requiring a four-topic lesson.","[{""id"": ""C1"", ""criterion"": ""Case check 1"", ""points"": 16.666666666666668, ""description"": ""Content check (equivalent correct explanations/examples accepted; the anchor example is not mandatory): For a>0,a!=1,b>0, log_a(b) is the exponent x satisfying a^x=b."", ""critical"": true}, {""id"": ""C2"", ""criterion"": ""Case check 2"", ""points"": 16.666666666666668, ""description"": ""Content check (equivalent correct explanations/examples accepted; the anchor example is not mandatory): For 2^x=7, 2<x<3; the logarithm names the exact exponent without promising an elementary integer expression."", ""critical"": true}, {""id"": ""C3"", ""criterion"": ""Case check 3"", ""points"": 16.666666666666668, ""description"": ""Provides a feasible, correct response to the actual user request. The following is an illustrative teaching approach, not a mandatory example, material, numeric value or fixed sequence unless explicitly requested in the question: Compare solvable integer powers with 2^x=7, motivate inverse reasoning, state domain/base restrictions and check log_2(8)=3. Accept other approaches that meet the same stated objective; do not deduct merely for not reproducing this illustration."", ""critical"": false}, {""id"": ""C4"", ""criterion"": ""Case check 4"", ""points"": 16.666666666666668, ""description"": ""The response gives an observable way to check the explanation or next teaching action for this specific case; a check for an unrelated topic does not meet this requirement."", ""critical"": false}, {""id"": ""C5"", ""criterion"": ""Case check 5"", ""points"": 16.666666666666668, ""description"": ""The response addresses this case using the supplied facts and labels material assumptions or hypothetical examples when it introduces them. Do not require invented assumptions or a boilerplate disclaimer when none is needed; irrelevant or empty responses fail."", ""critical"": false}, {""id"": ""C6"", ""criterion"": ""Case check 6"", ""points"": 16.666666666666668, ""description"": ""Critical-error check: the response substantively addresses this case and does not endorse the following error; an irrelevant, empty or purely evasive response fails this criterion: Using zero/negative log arguments in the real setting or requiring a four-topic lesson."", ""critical"": true}]",high_school
hinge-question-designer__cn29_01,hinge-question-designer,Question Generation,Mathematics,senior high school,medium,A senior-secondary mathematics teacher asks for an error-diagnosis plan. No actual student solution is supplied; hypothetical examples must be labelled as such. The task does not require a multiple-choice hinge question.,"How can I diagnose the causes of errors in function domain problems?
Provide a concrete response to this case and a brief rationale. Include a feasible way to check the proposed learning or teaching action. State material assumptions. Hypothetical examples are allowed; do not claim unseen classroom outcomes. Equivalent defensible approaches are welcome.","Answer only this case. Accept equivalent correct approaches and examples.
Correctness: Domain errors need evidence of which original restriction was lost.
Illustrative application (equivalent approaches accepted; only explicit question requirements are mandatory): Use a hypothetical cancelled denominator example, ask for the original forbidden inputs and branch between concept, strategy and arithmetic feedback.
Reject endorsement of: Diagnosing an actual student's thought process without their work or returning nine-topic advice.","[{""id"": ""C1"", ""criterion"": ""Case check 1"", ""points"": 20.0, ""description"": ""Content check (equivalent correct explanations/examples accepted; the anchor example is not mandatory): Domain errors need evidence of which original restriction was lost."", ""critical"": true}, {""id"": ""C2"", ""criterion"": ""Case check 2"", ""points"": 20.0, ""description"": ""Provides a feasible, correct response to the actual user request. The following is an illustrative teaching approach, not a mandatory example, material, numeric value or fixed sequence unless explicitly requested in the question: Use a hypothetical cancelled denominator example, ask for the original forbidden inputs and branch between concept, strategy and arithmetic feedback. Accept other approaches that meet the same stated objective; do not deduct merely for not reproducing this illustration."", ""critical"": false}, {""id"": ""C3"", ""criterion"": ""Case check 3"", ""points"": 20.0, ""description"": ""The response gives an observable way to check the explanation or next teaching action for this specific case; a check for an unrelated topic does not meet this requirement."", ""critical"": false}, {""id"": ""C4"", ""criterion"": ""Case check 4"", ""points"": 20.0, ""description"": ""The response addresses this case using the supplied facts and labels material assumptions or hypothetical examples when it introduces them. Do not require invented assumptions or a boilerplate disclaimer when none is needed; irrelevant or empty responses fail."", ""critical"": false}, {""id"": ""C5"", ""criterion"": ""Case check 5"", ""points"": 20.0, ""description"": ""Critical-error check: the response substantively addresses this case and does not endorse the following error; an irrelevant, empty or purely evasive response fails this criterion: Diagnosing an actual student's thought process without their work or returning nine-topic advice."", ""critical"": true}]",high_school
hinge-question-designer__cn29_02,hinge-question-designer,Question Generation,Mathematics,senior high school,medium,A senior-secondary mathematics teacher asks for an error-diagnosis plan. No actual student solution is supplied; hypothetical examples must be labelled as such. The task does not require a multiple-choice hinge question.,"How can I diagnose the causes of errors in derivative application (extreme values, maximum and minimum values) problems?
Provide a concrete response to this case and a brief rationale. Include a feasible way to check the proposed learning or teaching action. State material assumptions. Hypothetical examples are allowed; do not claim unseen classroom outcomes. Equivalent defensible approaches are welcome.","Answer only this case. Accept equivalent correct approaches and examples.
Correctness: f'(x)=0 is not sufficient for a local extremum; x^3 at zero is a counterexample.
Illustrative application (equivalent approaches accepted; only explicit question requirements are mandatory): Ask for derivative signs and endpoints where relevant, then propose a targeted correction and a transfer check.
Reject endorsement of: Declaring every stationary point an extremum.","[{""id"": ""C1"", ""criterion"": ""Case check 1"", ""points"": 20.0, ""description"": ""Content check (equivalent correct explanations/examples accepted; the anchor example is not mandatory): f'(x)=0 is not sufficient for a local extremum; x^3 at zero is a counterexample."", ""critical"": true}, {""id"": ""C2"", ""criterion"": ""Case check 2"", ""points"": 20.0, ""description"": ""Provides a feasible, correct response to the actual user request. The following is an illustrative teaching approach, not a mandatory example, material, numeric value or fixed sequence unless explicitly requested in the question: Ask for derivative signs and endpoints where relevant, then propose a targeted correction and a transfer check. Accept other approaches that meet the same stated objective; do not deduct merely for not reproducing this illustration."", ""critical"": false}, {""id"": ""C3"", ""criterion"": ""Case check 3"", ""points"": 20.0, ""description"": ""The response gives an observable way to check the explanation or next teaching action for this specific case; a check for an unrelated topic does not meet this requirement."", ""critical"": false}, {""id"": ""C4"", ""criterion"": ""Case check 4"", ""points"": 20.0, ""description"": ""The response addresses this case using the supplied facts and labels material assumptions or hypothetical examples when it introduces them. Do not require invented assumptions or a boilerplate disclaimer when none is needed; irrelevant or empty responses fail."", ""critical"": false}, {""id"": ""C5"", ""criterion"": ""Case check 5"", ""points"": 20.0, ""description"": ""Critical-error check: the response substantively addresses this case and does not endorse the following error; an irrelevant, empty or purely evasive response fails this criterion: Declaring every stationary point an extremum."", ""critical"": true}]",high_school
hinge-question-designer__cn29_03,hinge-question-designer,Question Generation,Mathematics,senior high school,medium,A senior-secondary mathematics teacher asks for an error-diagnosis plan. No actual student solution is supplied; hypothetical examples must be labelled as such. The task does not require a multiple-choice hinge question.,"How can I diagnose the causes of errors in sequence summation (telescoping cancellation, shifting subtraction) problems?
Provide a concrete response to this case and a brief rationale. Include a feasible way to check the proposed learning or teaching action. State material assumptions. Hypothetical examples are allowed; do not claim unseen classroom outcomes. Equivalent defensible approaches are welcome.","Answer only this case. Accept equivalent correct approaches and examples.
Correctness: Telescoping and shifting subtraction depend on explicit endpoints and indices.
Illustrative application (equivalent approaches accepted; only explicit question requirements are mandatory): Expand early and late terms; verify sum from k=1 to n of 1/(k(k+1))=1-1/(n+1).
Reject endorsement of: Cancelling all terms or ignoring boundary terms.","[{""id"": ""C1"", ""criterion"": ""Case check 1"", ""points"": 20.0, ""description"": ""Content check (equivalent correct explanations/examples accepted; the anchor example is not mandatory): Telescoping and shifting subtraction depend on explicit endpoints and indices."", ""critical"": true}, {""id"": ""C2"", ""criterion"": ""Case check 2"", ""points"": 20.0, ""description"": ""Provides a feasible, correct response to the actual user request. The following is an illustrative teaching approach, not a mandatory example, material, numeric value or fixed sequence unless explicitly requested in the question: Expand early and late terms; verify sum from k=1 to n of 1/(k(k+1))=1-1/(n+1). Accept other approaches that meet the same stated objective; do not deduct merely for not reproducing this illustration."", ""critical"": false}, {""id"": ""C3"", ""criterion"": ""Case check 3"", ""points"": 20.0, ""description"": ""The response gives an observable way to check the explanation or next teaching action for this specific case; a check for an unrelated topic does not meet this requirement."", ""critical"": false}, {""id"": ""C4"", ""criterion"": ""Case check 4"", ""points"": 20.0, ""description"": ""The response addresses this case using the supplied facts and labels material assumptions or hypothetical examples when it introduces them. Do not require invented assumptions or a boilerplate disclaimer when none is needed; irrelevant or empty responses fail."", ""critical"": false}, {""id"": ""C5"", ""criterion"": ""Case check 5"", ""points"": 20.0, ""description"": ""Critical-error check: the response substantively addresses this case and does not endorse the following error; an irrelevant, empty or purely evasive response fails this criterion: Cancelling all terms or ignoring boundary terms."", ""critical"": true}]",high_school
hinge-question-designer__cn29_04,hinge-question-designer,Question Generation,Mathematics,senior high school,medium,A senior-secondary mathematics teacher asks for an error-diagnosis plan. No actual student solution is supplied; hypothetical examples must be labelled as such. The task does not require a multiple-choice hinge question.,"How can I diagnose the causes of errors in problems involving simultaneous equations and the discriminant in analytic geometry?
Provide a concrete response to this case and a brief rationale. Include a feasible way to check the proposed learning or teaching action. State material assumptions. Hypothetical examples are allowed; do not claim unseen classroom outcomes. Equivalent defensible approaches are welcome.","Answer only this case. Accept equivalent correct approaches and examples.
Correctness: A discriminant describes real roots of a valid reduced quadratic, not all geometric constraints.
Illustrative application (equivalent approaches accepted; only explicit question requirements are mandatory): Check substitution, leading coefficient and original constraints; distinguish a degenerate linear case from a quadratic.
Reject endorsement of: Applying a discriminant when the quadratic coefficient is zero.","[{""id"": ""C1"", ""criterion"": ""Case check 1"", ""points"": 20.0, ""description"": ""Content check (equivalent correct explanations/examples accepted; the anchor example is not mandatory): A discriminant describes real roots of a valid reduced quadratic, not all geometric constraints."", ""critical"": true}, {""id"": ""C2"", ""criterion"": ""Case check 2"", ""points"": 20.0, ""description"": ""Provides a feasible, correct response to the actual user request. The following is an illustrative teaching approach, not a mandatory example, material, numeric value or fixed sequence unless explicitly requested in the question: Check substitution, leading coefficient and original constraints; distinguish a degenerate linear case from a quadratic. Accept other approaches that meet the same stated objective; do not deduct merely for not reproducing this illustration."", ""critical"": false}, {""id"": ""C3"", ""criterion"": ""Case check 3"", ""points"": 20.0, ""description"": ""The response gives an observable way to check the explanation or next teaching action for this specific case; a check for an unrelated topic does not meet this requirement."", ""critical"": false}, {""id"": ""C4"", ""criterion"": ""Case check 4"", ""points"": 20.0, ""description"": ""The response addresses this case using the supplied facts and labels material assumptions or hypothetical examples when it introduces them. Do not require invented assumptions or a boilerplate disclaimer when none is needed; irrelevant or empty responses fail."", ""critical"": false}, {""id"": ""C5"", ""criterion"": ""Case check 5"", ""points"": 20.0, ""description"": ""Critical-error check: the response substantively addresses this case and does not endorse the following error; an irrelevant, empty or purely evasive response fails this criterion: Applying a discriminant when the quadratic coefficient is zero."", ""critical"": true}]",high_school
hinge-question-designer__cn29_05,hinge-question-designer,Question Generation,Mathematics,senior high school,medium,A senior-secondary mathematics teacher asks for an error-diagnosis plan. No actual student solution is supplied; hypothetical examples must be labelled as such. The task does not require a multiple-choice hinge question.,"How can I diagnose the causes of errors in probability calculation problems (confusion between permutations and combinations)?
Provide a concrete response to this case and a brief rationale. Include a feasible way to check the proposed learning or teaching action. State material assumptions. Hypothetical examples are allowed; do not claim unseen classroom outcomes. Equivalent defensible approaches are welcome.","Answer only this case. Accept equivalent correct approaches and examples.
Correctness: Permutations distinguish order and combinations do not; probability also needs a sample model.
Illustrative application (equivalent approaches accepted; only explicit question requirements are mandatory): Contrast ordered pairs from four people (12) with unordered pairs (6), then inspect which experiment was described.
Reject endorsement of: Choosing nPk or nCk from a keyword without checking outcomes.","[{""id"": ""C1"", ""criterion"": ""Case check 1"", ""points"": 20.0, ""description"": ""Content check (equivalent correct explanations/examples accepted; the anchor example is not mandatory): Permutations distinguish order and combinations do not; probability also needs a sample model."", ""critical"": true}, {""id"": ""C2"", ""criterion"": ""Case check 2"", ""points"": 20.0, ""description"": ""Provides a feasible, correct response to the actual user request. The following is an illustrative teaching approach, not a mandatory example, material, numeric value or fixed sequence unless explicitly requested in the question: Contrast ordered pairs from four people (12) with unordered pairs (6), then inspect which experiment was described. Accept other approaches that meet the same stated objective; do not deduct merely for not reproducing this illustration."", ""critical"": false}, {""id"": ""C3"", ""criterion"": ""Case check 3"", ""points"": 20.0, ""description"": ""The response gives an observable way to check the explanation or next teaching action for this specific case; a check for an unrelated topic does not meet this requirement."", ""critical"": false}, {""id"": ""C4"", ""criterion"": ""Case check 4"", ""points"": 20.0, ""description"": ""The response addresses this case using the supplied facts and labels material assumptions or hypothetical examples when it introduces them. Do not require invented assumptions or a boilerplate disclaimer when none is needed; irrelevant or empty responses fail."", ""critical"": false}, {""id"": ""C5"", ""criterion"": ""Case check 5"", ""points"": 20.0, ""description"": ""Critical-error check: the response substantively addresses this case and does not endorse the following error; an irrelevant, empty or purely evasive response fails this criterion: Choosing nPk or nCk from a keyword without checking outcomes."", ""critical"": true}]",high_school
hinge-question-designer__cn29_06,hinge-question-designer,Question Generation,Mathematics,senior high school,medium,A senior-secondary mathematics teacher asks for an error-diagnosis plan. No actual student solution is supplied; hypothetical examples must be labelled as such. The task does not require a multiple-choice hinge question.,"How can I diagnose the causes of errors in inequality problems where the inequality must always hold?
Provide a concrete response to this case and a brief rationale. Include a feasible way to check the proposed learning or teaching action. State material assumptions. Hypothetical examples are allowed; do not claim unseen classroom outcomes. Equivalent defensible approaches are welcome.","Answer only this case. Accept equivalent correct approaches and examples.
Correctness: For all x, an inequality requires checking the extreme or all cases on the stated domain.
Illustrative application (equivalent approaches accepted; only explicit question requirements are mandatory): Use x^2-2x+c>=0 for all real x, deriving c>=1; distinguish exists from for all.
Reject endorsement of: Verifying one numerical x as proof of a universal statement.","[{""id"": ""C1"", ""criterion"": ""Case check 1"", ""points"": 20.0, ""description"": ""Content check (equivalent correct explanations/examples accepted; the anchor example is not mandatory): For all x, an inequality requires checking the extreme or all cases on the stated domain."", ""critical"": true}, {""id"": ""C2"", ""criterion"": ""Case check 2"", ""points"": 20.0, ""description"": ""Provides a feasible, correct response to the actual user request. The following is an illustrative teaching approach, not a mandatory example, material, numeric value or fixed sequence unless explicitly requested in the question: Use x^2-2x+c>=0 for all real x, deriving c>=1; distinguish exists from for all. Accept other approaches that meet the same stated objective; do not deduct merely for not reproducing this illustration."", ""critical"": false}, {""id"": ""C3"", ""criterion"": ""Case check 3"", ""points"": 20.0, ""description"": ""The response gives an observable way to check the explanation or next teaching action for this specific case; a check for an unrelated topic does not meet this requirement."", ""critical"": false}, {""id"": ""C4"", ""criterion"": ""Case check 4"", ""points"": 20.0, ""description"": ""The response addresses this case using the supplied facts and labels material assumptions or hypothetical examples when it introduces them. Do not require invented assumptions or a boilerplate disclaimer when none is needed; irrelevant or empty responses fail."", ""critical"": false}, {""id"": ""C5"", ""criterion"": ""Case check 5"", ""points"": 20.0, ""description"": ""Critical-error check: the response substantively addresses this case and does not endorse the following error; an irrelevant, empty or purely evasive response fails this criterion: Verifying one numerical x as proof of a universal statement."", ""critical"": true}]",high_school
hinge-question-designer__cn29_07,hinge-question-designer,Question Generation,Mathematics,senior high school,medium,A senior-secondary mathematics teacher asks for an error-diagnosis plan. No actual student solution is supplied; hypothetical examples must be labelled as such. The task does not require a multiple-choice hinge question.,"How can I diagnose the causes of errors in ""side-side-angle multiple solutions"" problems in solving triangles?
Provide a concrete response to this case and a brief rationale. Include a feasible way to check the proposed learning or teaching action. State material assumptions. Hypothetical examples are allowed; do not claim unseen classroom outcomes. Equivalent defensible approaches are welcome.","Answer only this case. Accept equivalent correct approaches and examples.
Correctness: SSA may give two triangles; arcsin alone gives only one candidate.
Illustrative application (equivalent approaches accepted; only explicit question requirements are mandatory): Use A=30 degrees,a=5,b=8 and test both angle candidates against the angle sum.
Reject endorsement of: Always accepting the principal arcsin as the unique solution.","[{""id"": ""C1"", ""criterion"": ""Case check 1"", ""points"": 20.0, ""description"": ""Content check (equivalent correct explanations/examples accepted; the anchor example is not mandatory): SSA may give two triangles; arcsin alone gives only one candidate."", ""critical"": true}, {""id"": ""C2"", ""criterion"": ""Case check 2"", ""points"": 20.0, ""description"": ""Provides a feasible, correct response to the actual user request. The following is an illustrative teaching approach, not a mandatory example, material, numeric value or fixed sequence unless explicitly requested in the question: Use A=30 degrees,a=5,b=8 and test both angle candidates against the angle sum. Accept other approaches that meet the same stated objective; do not deduct merely for not reproducing this illustration."", ""critical"": false}, {""id"": ""C3"", ""criterion"": ""Case check 3"", ""points"": 20.0, ""description"": ""The response gives an observable way to check the explanation or next teaching action for this specific case; a check for an unrelated topic does not meet this requirement."", ""critical"": false}, {""id"": ""C4"", ""criterion"": ""Case check 4"", ""points"": 20.0, ""description"": ""The response addresses this case using the supplied facts and labels material assumptions or hypothetical examples when it introduces them. Do not require invented assumptions or a boilerplate disclaimer when none is needed; irrelevant or empty responses fail."", ""critical"": false}, {""id"": ""C5"", ""criterion"": ""Case check 5"", ""points"": 20.0, ""description"": ""Critical-error check: the response substantively addresses this case and does not endorse the following error; an irrelevant, empty or purely evasive response fails this criterion: Always accepting the principal arcsin as the unique solution."", ""critical"": true}]",high_school
hinge-question-designer__cn29_08,hinge-question-designer,Question Generation,Mathematics,senior high school,medium,A senior-secondary mathematics teacher asks for an error-diagnosis plan. No actual student solution is supplied; hypothetical examples must be labelled as such. The task does not require a multiple-choice hinge question.,"How can I diagnose the causes of errors in modulus and conjugate problems in complex number operations?
Provide a concrete response to this case and a brief rationale. Include a feasible way to check the proposed learning or teaching action. State material assumptions. Hypothetical examples are allowed; do not claim unseen classroom outcomes. Equivalent defensible approaches are welcome.","Answer only this case. Accept equivalent correct approaches and examples.
Correctness: For z=a+bi, modulus is sqrt(a^2+b^2) and conjugate is a-bi.
Illustrative application (equivalent approaches accepted; only explicit question requirements are mandatory): Check z=3+4i gives modulus 5 and conjugate 3-4i, with z*conjugate(z)=25.
Reject endorsement of: Equating modulus with the conjugate or writing modulus as a negative number.","[{""id"": ""C1"", ""criterion"": ""Case check 1"", ""points"": 20.0, ""description"": ""Content check (equivalent correct explanations/examples accepted; the anchor example is not mandatory): For z=a+bi, modulus is sqrt(a^2+b^2) and conjugate is a-bi."", ""critical"": true}, {""id"": ""C2"", ""criterion"": ""Case check 2"", ""points"": 20.0, ""description"": ""Provides a feasible, correct response to the actual user request. The following is an illustrative teaching approach, not a mandatory example, material, numeric value or fixed sequence unless explicitly requested in the question: Check z=3+4i gives modulus 5 and conjugate 3-4i, with z*conjugate(z)=25. Accept other approaches that meet the same stated objective; do not deduct merely for not reproducing this illustration."", ""critical"": false}, {""id"": ""C3"", ""criterion"": ""Case check 3"", ""points"": 20.0, ""description"": ""The response gives an observable way to check the explanation or next teaching action for this specific case; a check for an unrelated topic does not meet this requirement."", ""critical"": false}, {""id"": ""C4"", ""criterion"": ""Case check 4"", ""points"": 20.0, ""description"": ""The response addresses this case using the supplied facts and labels material assumptions or hypothetical examples when it introduces them. Do not require invented assumptions or a boilerplate disclaimer when none is needed; irrelevant or empty responses fail."", ""critical"": false}, {""id"": ""C5"", ""criterion"": ""Case check 5"", ""points"": 20.0, ""description"": ""Critical-error check: the response substantively addresses this case and does not endorse the following error; an irrelevant, empty or purely evasive response fails this criterion: Equating modulus with the conjugate or writing modulus as a negative number."", ""critical"": true}]",high_school
hinge-question-designer__cn29_09,hinge-question-designer,Question Generation,Mathematics,senior high school,medium,A senior-secondary mathematics teacher asks for an error-diagnosis plan. No actual student solution is supplied; hypothetical examples must be labelled as such. The task does not require a multiple-choice hinge question.,"How can I diagnose the causes of errors in coordinate system setup and vector coordinate calculation problems in solid geometry?
Provide a concrete response to this case and a brief rationale. Include a feasible way to check the proposed learning or teaching action. State material assumptions. Hypothetical examples are allowed; do not claim unseen classroom outcomes. Equivalent defensible approaches are welcome.","Answer only this case. Accept equivalent correct approaches and examples.
Correctness: Coordinates require a stated origin, axes, scale and appropriate basis.
Illustrative application (equivalent approaches accepted; only explicit question requirements are mandatory): Check endpoint subtraction and a known geometric length or dot product before inferring an error cause.
Reject endorsement of: Assuming oblique axes are orthonormal or confusing point coordinates with a displacement.","[{""id"": ""C1"", ""criterion"": ""Case check 1"", ""points"": 20.0, ""description"": ""Content check (equivalent correct explanations/examples accepted; the anchor example is not mandatory): Coordinates require a stated origin, axes, scale and appropriate basis."", ""critical"": true}, {""id"": ""C2"", ""criterion"": ""Case check 2"", ""points"": 20.0, ""description"": ""Provides a feasible, correct response to the actual user request. The following is an illustrative teaching approach, not a mandatory example, material, numeric value or fixed sequence unless explicitly requested in the question: Check endpoint subtraction and a known geometric length or dot product before inferring an error cause. Accept other approaches that meet the same stated objective; do not deduct merely for not reproducing this illustration."", ""critical"": false}, {""id"": ""C3"", ""criterion"": ""Case check 3"", ""points"": 20.0, ""description"": ""The response gives an observable way to check the explanation or next teaching action for this specific case; a check for an unrelated topic does not meet this requirement."", ""critical"": false}, {""id"": ""C4"", ""criterion"": ""Case check 4"", ""points"": 20.0, ""description"": ""The response addresses this case using the supplied facts and labels material assumptions or hypothetical examples when it introduces them. Do not require invented assumptions or a boilerplate disclaimer when none is needed; irrelevant or empty responses fail."", ""critical"": false}, {""id"": ""C5"", ""criterion"": ""Case check 5"", ""points"": 20.0, ""description"": ""Critical-error check: the response substantively addresses this case and does not endorse the following error; an irrelevant, empty or purely evasive response fails this criterion: Assuming oblique axes are orthonormal or confusing point coordinates with a displacement."", ""critical"": true}]",high_school
lesson-builder__cn30_01,lesson-builder,Teaching Material Generation,Mathematics,Senior High,hard,A senior-secondary mathematics teacher wants a conceptual explanation of the single topic in the question.,"How can I thoroughly explain the essence of a function's domain?
Provide a concrete response to this case and a brief rationale. Include a feasible way to check the proposed learning or teaching action. State material assumptions. Hypothetical examples are allowed; do not claim unseen classroom outcomes. Equivalent defensible approaches are welcome.","Answer only this case. Accept equivalent correct approaches and examples.
Correctness: Domain states which inputs the original rule permits, including application restrictions.
Illustrative application (equivalent approaches accepted; only explicit question requirements are mandatory): Contrast an algebraic denominator exclusion with a meaningful contextual restriction and check a new input.
Reject endorsement of: Restoring a cancelled forbidden input.","[{""id"": ""C1"", ""criterion"": ""Case check 1"", ""points"": 20.0, ""description"": ""Content check (equivalent correct explanations/examples accepted; the anchor example is not mandatory): Domain states which inputs the original rule permits, including application restrictions."", ""critical"": true}, {""id"": ""C2"", ""criterion"": ""Case check 2"", ""points"": 20.0, ""description"": ""Provides a feasible, correct response to the actual user request. The following is an illustrative teaching approach, not a mandatory example, material, numeric value or fixed sequence unless explicitly requested in the question: Contrast an algebraic denominator exclusion with a meaningful contextual restriction and check a new input. Accept other approaches that meet the same stated objective; do not deduct merely for not reproducing this illustration."", ""critical"": false}, {""id"": ""C3"", ""criterion"": ""Case check 3"", ""points"": 20.0, ""description"": ""The response gives an observable way to check the explanation or next teaching action for this specific case; a check for an unrelated topic does not meet this requirement."", ""critical"": false}, {""id"": ""C4"", ""criterion"": ""Case check 4"", ""points"": 20.0, ""description"": ""The response addresses this case using the supplied facts and labels material assumptions or hypothetical examples when it introduces them. Do not require invented assumptions or a boilerplate disclaimer when none is needed; irrelevant or empty responses fail."", ""critical"": false}, {""id"": ""C5"", ""criterion"": ""Case check 5"", ""points"": 20.0, ""description"": ""Critical-error check: the response substantively addresses this case and does not endorse the following error; an irrelevant, empty or purely evasive response fails this criterion: Restoring a cancelled forbidden input."", ""critical"": true}]",high_school
lesson-builder__cn30_02,lesson-builder,Teaching Material Generation,Mathematics,Senior High,hard,A senior-secondary mathematics teacher wants a conceptual explanation of the single topic in the question.,"How can I thoroughly explain the geometric meaning of eccentricity in conic sections?
Provide a concrete response to this case and a brief rationale. Include a feasible way to check the proposed learning or teaching action. State material assumptions. Hypothetical examples are allowed; do not claim unseen classroom outcomes. Equivalent defensible approaches are welcome.","Answer only this case. Accept equivalent correct approaches and examples.
Correctness: For noncircular conics eccentricity can be expressed as focus distance divided by distance to a directrix; ellipse 0<e<1, parabola e=1, hyperbola e>1.
Illustrative application (equivalent approaches accepted; only explicit question requirements are mandatory): Compare how loci change and explain that a circle has e=0 as the ellipse limiting case, not a finite directrix example.
Reject endorsement of: Claiming e is always c/a for a parabola or giving a circle a finite directrix.","[{""id"": ""C1"", ""criterion"": ""Case check 1"", ""points"": 20.0, ""description"": ""Content check (equivalent correct explanations/examples accepted; the anchor example is not mandatory): For noncircular conics eccentricity can be expressed as focus distance divided by distance to a directrix; ellipse 0<e<1, parabola e=1, hyperbola e>1."", ""critical"": true}, {""id"": ""C2"", ""criterion"": ""Case check 2"", ""points"": 20.0, ""description"": ""Provides a feasible, correct response to the actual user request. The following is an illustrative teaching approach, not a mandatory example, material, numeric value or fixed sequence unless explicitly requested in the question: Compare how loci change and explain that a circle has e=0 as the ellipse limiting case, not a finite directrix example. Accept other approaches that meet the same stated objective; do not deduct merely for not reproducing this illustration."", ""critical"": false}, {""id"": ""C3"", ""criterion"": ""Case check 3"", ""points"": 20.0, ""description"": ""The response gives an observable way to check the explanation or next teaching action for this specific case; a check for an unrelated topic does not meet this requirement."", ""critical"": false}, {""id"": ""C4"", ""criterion"": ""Case check 4"", ""points"": 20.0, ""description"": ""The response addresses this case using the supplied facts and labels material assumptions or hypothetical examples when it introduces them. Do not require invented assumptions or a boilerplate disclaimer when none is needed; irrelevant or empty responses fail."", ""critical"": false}, {""id"": ""C5"", ""criterion"": ""Case check 5"", ""points"": 20.0, ""description"": ""Critical-error check: the response substantively addresses this case and does not endorse the following error; an irrelevant, empty or purely evasive response fails this criterion: Claiming e is always c/a for a parabola or giving a circle a finite directrix."", ""critical"": true}]",high_school
lesson-builder__cn30_03,lesson-builder,Teaching Material Generation,Mathematics,Senior High,hard,A senior-secondary mathematics teacher wants a conceptual explanation of the single topic in the question.,"How can I thoroughly explain the geometric meaning of the derivative (tangent slope)?
Provide a concrete response to this case and a brief rationale. Include a feasible way to check the proposed learning or teaching action. State material assumptions. Hypothetical examples are allowed; do not claim unseen classroom outcomes. Equivalent defensible approaches are welcome.","Answer only this case. Accept equivalent correct approaches and examples.
Correctness: Where a finite derivative exists it is the tangent slope at that point.
Illustrative application (equivalent approaches accepted; only explicit question requirements are mandatory): Compare secant slopes of x^2 near x=1 with limit 2 and distinguish slope from a tangent angle.
Reject endorsement of: Treating a derivative as the area or every vertical tangent as a finite derivative.","[{""id"": ""C1"", ""criterion"": ""Case check 1"", ""points"": 20.0, ""description"": ""Content check (equivalent correct explanations/examples accepted; the anchor example is not mandatory): Where a finite derivative exists it is the tangent slope at that point."", ""critical"": true}, {""id"": ""C2"", ""criterion"": ""Case check 2"", ""points"": 20.0, ""description"": ""Provides a feasible, correct response to the actual user request. The following is an illustrative teaching approach, not a mandatory example, material, numeric value or fixed sequence unless explicitly requested in the question: Compare secant slopes of x^2 near x=1 with limit 2 and distinguish slope from a tangent angle. Accept other approaches that meet the same stated objective; do not deduct merely for not reproducing this illustration."", ""critical"": false}, {""id"": ""C3"", ""criterion"": ""Case check 3"", ""points"": 20.0, ""description"": ""The response gives an observable way to check the explanation or next teaching action for this specific case; a check for an unrelated topic does not meet this requirement."", ""critical"": false}, {""id"": ""C4"", ""criterion"": ""Case check 4"", ""points"": 20.0, ""description"": ""The response addresses this case using the supplied facts and labels material assumptions or hypothetical examples when it introduces them. Do not require invented assumptions or a boilerplate disclaimer when none is needed; irrelevant or empty responses fail."", ""critical"": false}, {""id"": ""C5"", ""criterion"": ""Case check 5"", ""points"": 20.0, ""description"": ""Critical-error check: the response substantively addresses this case and does not endorse the following error; an irrelevant, empty or purely evasive response fails this criterion: Treating a derivative as the area or every vertical tangent as a finite derivative."", ""critical"": true}]",high_school
lesson-builder__cn30_04,lesson-builder,Teaching Material Generation,Mathematics,Senior High,hard,A senior-secondary mathematics teacher wants a conceptual explanation of the single topic in the question.,"How can I thoroughly explain the geometric meaning of the definite integral (area)?
Provide a concrete response to this case and a brief rationale. Include a feasible way to check the proposed learning or teaching action. State material assumptions. Hypothetical examples are allowed; do not claim unseen classroom outcomes. Equivalent defensible approaches are welcome.","Answer only this case. Accept equivalent correct approaches and examples.
Correctness: The definite integral is signed accumulation; geometric area uses absolute value where the function changes sign.
Illustrative application (equivalent approaches accepted; only explicit question requirements are mandatory): Contrast integral of x from -1 to 1, which is 0, with geometric area 1.
Reject endorsement of: Calling a signed integral the positive area in all cases.","[{""id"": ""C1"", ""criterion"": ""Case check 1"", ""points"": 20.0, ""description"": ""Content check (equivalent correct explanations/examples accepted; the anchor example is not mandatory): The definite integral is signed accumulation; geometric area uses absolute value where the function changes sign."", ""critical"": true}, {""id"": ""C2"", ""criterion"": ""Case check 2"", ""points"": 20.0, ""description"": ""Provides a feasible, correct response to the actual user request. The following is an illustrative teaching approach, not a mandatory example, material, numeric value or fixed sequence unless explicitly requested in the question: Contrast integral of x from -1 to 1, which is 0, with geometric area 1. Accept other approaches that meet the same stated objective; do not deduct merely for not reproducing this illustration."", ""critical"": false}, {""id"": ""C3"", ""criterion"": ""Case check 3"", ""points"": 20.0, ""description"": ""The response gives an observable way to check the explanation or next teaching action for this specific case; a check for an unrelated topic does not meet this requirement."", ""critical"": false}, {""id"": ""C4"", ""criterion"": ""Case check 4"", ""points"": 20.0, ""description"": ""The response addresses this case using the supplied facts and labels material assumptions or hypothetical examples when it introduces them. Do not require invented assumptions or a boilerplate disclaimer when none is needed; irrelevant or empty responses fail."", ""critical"": false}, {""id"": ""C5"", ""criterion"": ""Case check 5"", ""points"": 20.0, ""description"": ""Critical-error check: the response substantively addresses this case and does not endorse the following error; an irrelevant, empty or purely evasive response fails this criterion: Calling a signed integral the positive area in all cases."", ""critical"": true}]",high_school
lesson-builder__cn30_05,lesson-builder,Teaching Material Generation,Mathematics,Senior High,hard,A senior-secondary mathematics teacher wants a conceptual explanation of the single topic in the question.,"How can I thoroughly explain the geometric meaning of the modulus of a complex number (distance in the complex plane)?
Provide a concrete response to this case and a brief rationale. Include a feasible way to check the proposed learning or teaching action. State material assumptions. Hypothetical examples are allowed; do not claim unseen classroom outcomes. Equivalent defensible approaches are welcome.","Answer only this case. Accept equivalent correct approaches and examples.
Correctness: The modulus of a+bi is its distance from zero; modulus of z-w is distance between points.
Illustrative application (equivalent approaches accepted; only explicit question requirements are mandatory): Verify 3+4i has modulus 5 and compare distances from different centers.
Reject endorsement of: Omitting the square root or confusing distance with argument.","[{""id"": ""C1"", ""criterion"": ""Case check 1"", ""points"": 20.0, ""description"": ""Content check (equivalent correct explanations/examples accepted; the anchor example is not mandatory): The modulus of a+bi is its distance from zero; modulus of z-w is distance between points."", ""critical"": true}, {""id"": ""C2"", ""criterion"": ""Case check 2"", ""points"": 20.0, ""description"": ""Provides a feasible, correct response to the actual user request. The following is an illustrative teaching approach, not a mandatory example, material, numeric value or fixed sequence unless explicitly requested in the question: Verify 3+4i has modulus 5 and compare distances from different centers. Accept other approaches that meet the same stated objective; do not deduct merely for not reproducing this illustration."", ""critical"": false}, {""id"": ""C3"", ""criterion"": ""Case check 3"", ""points"": 20.0, ""description"": ""The response gives an observable way to check the explanation or next teaching action for this specific case; a check for an unrelated topic does not meet this requirement."", ""critical"": false}, {""id"": ""C4"", ""criterion"": ""Case check 4"", ""points"": 20.0, ""description"": ""The response addresses this case using the supplied facts and labels material assumptions or hypothetical examples when it introduces them. Do not require invented assumptions or a boilerplate disclaimer when none is needed; irrelevant or empty responses fail."", ""critical"": false}, {""id"": ""C5"", ""criterion"": ""Case check 5"", ""points"": 20.0, ""description"": ""Critical-error check: the response substantively addresses this case and does not endorse the following error; an irrelevant, empty or purely evasive response fails this criterion: Omitting the square root or confusing distance with argument."", ""critical"": true}]",high_school
lesson-builder__cn30_06,lesson-builder,Teaching Material Generation,Mathematics,Senior High,hard,A senior-secondary mathematics teacher wants a conceptual explanation of the single topic in the question.,"How can I thoroughly explain the symmetry and recurrence relations of binomial coefficients?
Provide a concrete response to this case and a brief rationale. Include a feasible way to check the proposed learning or teaching action. State material assumptions. Hypothetical examples are allowed; do not claim unseen classroom outcomes. Equivalent defensible approaches are welcome.","Answer only this case. Accept equivalent correct approaches and examples.
Correctness: Binomial symmetry pairs choosing k with omitting n-k; Pascal's recurrence partitions by one distinguished item.
Illustrative application (equivalent approaches accepted; only explicit question requirements are mandatory): Explain C(n,k)=C(n,n-k) and C(n,k)=C(n-1,k-1)+C(n-1,k) with boundaries.
Reject endorsement of: Applying the recurrence without valid indices or confusing term coefficients with binomial coefficients.","[{""id"": ""C1"", ""criterion"": ""Case check 1"", ""points"": 20.0, ""description"": ""Content check (equivalent correct explanations/examples accepted; the anchor example is not mandatory): Binomial symmetry pairs choosing k with omitting n-k; Pascal's recurrence partitions by one distinguished item."", ""critical"": true}, {""id"": ""C2"", ""criterion"": ""Case check 2"", ""points"": 20.0, ""description"": ""Provides a feasible, correct response to the actual user request. The following is an illustrative teaching approach, not a mandatory example, material, numeric value or fixed sequence unless explicitly requested in the question: Explain C(n,k)=C(n,n-k) and C(n,k)=C(n-1,k-1)+C(n-1,k) with boundaries. Accept other approaches that meet the same stated objective; do not deduct merely for not reproducing this illustration."", ""critical"": false}, {""id"": ""C3"", ""criterion"": ""Case check 3"", ""points"": 20.0, ""description"": ""The response gives an observable way to check the explanation or next teaching action for this specific case; a check for an unrelated topic does not meet this requirement."", ""critical"": false}, {""id"": ""C4"", ""criterion"": ""Case check 4"", ""points"": 20.0, ""description"": ""The response addresses this case using the supplied facts and labels material assumptions or hypothetical examples when it introduces them. Do not require invented assumptions or a boilerplate disclaimer when none is needed; irrelevant or empty responses fail."", ""critical"": false}, {""id"": ""C5"", ""criterion"": ""Case check 5"", ""points"": 20.0, ""description"": ""Critical-error check: the response substantively addresses this case and does not endorse the following error; an irrelevant, empty or purely evasive response fails this criterion: Applying the recurrence without valid indices or confusing term coefficients with binomial coefficients."", ""critical"": true}]",high_school
lesson-builder__cn31_01,lesson-builder,Teaching Material Generation,Mathematics,Senior high school,hard,A senior-secondary mathematics teacher wants pupils to choose the correct counting model for the single topic in the question.,"How can I clearly explain the distribution problem of putting identical elements into different boxes (the stars-and-bars method)?
Provide a concrete response to this case and a brief rationale. Include a feasible way to check the proposed learning or teaching action. State material assumptions. Hypothetical examples are allowed; do not claim unseen classroom outcomes. Equivalent defensible approaches are welcome.","Answer only this case. Accept equivalent correct approaches and examples.
Correctness: For n>=0,k>=1, allowing empty boxes gives C(n+k-1,k-1); requiring every box nonempty gives C(n-1,k-1) when n>=k, otherwise zero. For n=4,k=3 the counts are 15 and 3.
Illustrative application (equivalent approaches accepted; only explicit question requirements are mandatory): Use stars and separators to explain a bijection, explicitly separate empty/nonempty cases and compare with labelled balls.
Reject endorsement of: Using k^n for identical balls or silently assuming all boxes are nonempty.","[{""id"": ""C1"", ""criterion"": ""Case check 1"", ""points"": 16.666666666666668, ""description"": ""Content check (equivalent correct explanations/examples accepted; the anchor example is not mandatory): For n>=0,k>=1, allowing empty boxes gives C(n+k-1,k-1); requiring every box nonempty gives C(n-1,k-1) when n>=k, otherwise zero."", ""critical"": true}, {""id"": ""C2"", ""criterion"": ""Case check 2"", ""points"": 16.666666666666668, ""description"": ""Content check (equivalent correct explanations/examples accepted; the anchor example is not mandatory): For n=4,k=3 the counts are 15 and 3."", ""critical"": true}, {""id"": ""C3"", ""criterion"": ""Case check 3"", ""points"": 16.666666666666668, ""description"": ""Provides a feasible, correct response to the actual user request. The following is an illustrative teaching approach, not a mandatory example, material, numeric value or fixed sequence unless explicitly requested in the question: Use stars and separators to explain a bijection, explicitly separate empty/nonempty cases and compare with labelled balls. Accept other approaches that meet the same stated objective; do not deduct merely for not reproducing this illustration."", ""critical"": false}, {""id"": ""C4"", ""criterion"": ""Case check 4"", ""points"": 16.666666666666668, ""description"": ""The response gives an observable way to check the explanation or next teaching action for this specific case; a check for an unrelated topic does not meet this requirement."", ""critical"": false}, {""id"": ""C5"", ""criterion"": ""Case check 5"", ""points"": 16.666666666666668, ""description"": ""The response addresses this case using the supplied facts and labels material assumptions or hypothetical examples when it introduces them. Do not require invented assumptions or a boilerplate disclaimer when none is needed; irrelevant or empty responses fail."", ""critical"": false}, {""id"": ""C6"", ""criterion"": ""Case check 6"", ""points"": 16.666666666666668, ""description"": ""Critical-error check: the response substantively addresses this case and does not endorse the following error; an irrelevant, empty or purely evasive response fails this criterion: Using k^n for identical balls or silently assuming all boxes are nonempty."", ""critical"": true}]",high_school
lesson-builder__cn31_02,lesson-builder,Teaching Material Generation,Mathematics,Senior high school,hard,A senior-secondary mathematics teacher wants pupils to choose the correct counting model for the single topic in the question.,"How can I clearly explain the distribution problem of putting distinct elements into identical boxes (set partitions, Stirling numbers)?
Provide a concrete response to this case and a brief rationale. Include a feasible way to check the proposed learning or teaching action. State material assumptions. Hypothetical examples are allowed; do not claim unseen classroom outcomes. Equivalent defensible approaches are welcome.","Answer only this case. Accept equivalent correct approaches and examples.
Correctness: Partitioning n labelled objects into exactly k nonempty unlabelled groups gives S(n,k); into at most k gives sum from j=0 to k of S(n,j). For n=3,k=2 there are 3 exact-two partitions and 4 at-most-two partitions.
Illustrative application (equivalent approaches accepted; only explicit question requirements are mandatory): List the small partitions and explain why permuting group labels does not create a new partition; state whether empty boxes are allowed.
Reject endorsement of: Multiplying by k! for identical boxes or confusing exactly k with at most k.","[{""id"": ""C1"", ""criterion"": ""Case check 1"", ""points"": 16.666666666666668, ""description"": ""Content check (equivalent correct explanations/examples accepted; the anchor example is not mandatory): Partitioning n labelled objects into exactly k nonempty unlabelled groups gives S(n,k); into at most k gives sum from j=0 to k of S(n,j)."", ""critical"": true}, {""id"": ""C2"", ""criterion"": ""Case check 2"", ""points"": 16.666666666666668, ""description"": ""Content check (equivalent correct explanations/examples accepted; the anchor example is not mandatory): For n=3,k=2 there are 3 exact-two partitions and 4 at-most-two partitions."", ""critical"": true}, {""id"": ""C3"", ""criterion"": ""Case check 3"", ""points"": 16.666666666666668, ""description"": ""Provides a feasible, correct response to the actual user request. The following is an illustrative teaching approach, not a mandatory example, material, numeric value or fixed sequence unless explicitly requested in the question: List the small partitions and explain why permuting group labels does not create a new partition; state whether empty boxes are allowed. Accept other approaches that meet the same stated objective; do not deduct merely for not reproducing this illustration."", ""critical"": false}, {""id"": ""C4"", ""criterion"": ""Case check 4"", ""points"": 16.666666666666668, ""description"": ""The response gives an observable way to check the explanation or next teaching action for this specific case; a check for an unrelated topic does not meet this requirement."", ""critical"": false}, {""id"": ""C5"", ""criterion"": ""Case check 5"", ""points"": 16.666666666666668, ""description"": ""The response addresses this case using the supplied facts and labels material assumptions or hypothetical examples when it introduces them. Do not require invented assumptions or a boilerplate disclaimer when none is needed; irrelevant or empty responses fail."", ""critical"": false}, {""id"": ""C6"", ""criterion"": ""Case check 6"", ""points"": 16.666666666666668, ""description"": ""Critical-error check: the response substantively addresses this case and does not endorse the following error; an irrelevant, empty or purely evasive response fails this criterion: Multiplying by k! for identical boxes or confusing exactly k with at most k."", ""critical"": true}]",high_school
lesson-builder__cn31_03,lesson-builder,Teaching Material Generation,Mathematics,Senior high school,hard,A senior-secondary mathematics teacher wants pupils to choose the correct counting model for the single topic in the question.,"How can I clearly explain derangement problems where elements have numbering restrictions?
Provide a concrete response to this case and a brief rationale. Include a feasible way to check the proposed learning or teaching action. State material assumptions. Hypothetical examples are allowed; do not claim unseen classroom outcomes. Equivalent defensible approaches are welcome.","Answer only this case. Accept equivalent correct approaches and examples.
Correctness: For n labelled items and n matching labelled positions with no fixed point, D_n=n!*sum from j=0 to n of (-1)^j/j!. D_3=2 and D_4=9. Other restrictions require their own counting model.
Illustrative application (equivalent approaches accepted; only explicit question requirements are mandatory): List all n=3 permutations, identify forbidden fixed points, then motivate inclusion-exclusion; explain why subtracting n from n! fails.
Reject endorsement of: Using n!-n or applying the derangement formula to unspecified unrelated restrictions.","[{""id"": ""C1"", ""criterion"": ""Case check 1"", ""points"": 14.285714285714286, ""description"": ""Content check (equivalent correct explanations/examples accepted; the anchor example is not mandatory): For n labelled items and n matching labelled positions with no fixed point, D_n=n!*sum from j=0 to n of (-1)^j/j!."", ""critical"": true}, {""id"": ""C2"", ""criterion"": ""Case check 2"", ""points"": 14.285714285714286, ""description"": ""Content check (equivalent correct explanations/examples accepted; the anchor example is not mandatory): D_3=2 and D_4=9."", ""critical"": true}, {""id"": ""C3"", ""criterion"": ""Case check 3"", ""points"": 14.285714285714286, ""description"": ""Content check (equivalent correct explanations/examples accepted; the anchor example is not mandatory): Other restrictions require their own counting model."", ""critical"": true}, {""id"": ""C4"", ""criterion"": ""Case check 4"", ""points"": 14.285714285714286, ""description"": ""Provides a feasible, correct response to the actual user request. The following is an illustrative teaching approach, not a mandatory example, material, numeric value or fixed sequence unless explicitly requested in the question: List all n=3 permutations, identify forbidden fixed points, then motivate inclusion-exclusion; explain why subtracting n from n! fails. Accept other approaches that meet the same stated objective; do not deduct merely for not reproducing this illustration."", ""critical"": false}, {""id"": ""C5"", ""criterion"": ""Case check 5"", ""points"": 14.285714285714286, ""description"": ""The response gives an observable way to check the explanation or next teaching action for this specific case; a check for an unrelated topic does not meet this requirement."", ""critical"": false}, {""id"": ""C6"", ""criterion"": ""Case check 6"", ""points"": 14.285714285714286, ""description"": ""The response addresses this case using the supplied facts and labels material assumptions or hypothetical examples when it introduces them. Do not require invented assumptions or a boilerplate disclaimer when none is needed; irrelevant or empty responses fail."", ""critical"": false}, {""id"": ""C7"", ""criterion"": ""Case check 7"", ""points"": 14.285714285714286, ""description"": ""Critical-error check: the response substantively addresses this case and does not endorse the following error; an irrelevant, empty or purely evasive response fails this criterion: Using n!-n or applying the derangement formula to unspecified unrelated restrictions."", ""critical"": true}]",high_school
lesson-builder__cn31_04,lesson-builder,Teaching Material Generation,Mathematics,Senior high school,hard,A senior-secondary mathematics teacher wants pupils to choose the correct counting model for the single topic in the question.,"How can I clearly explain the distribution problem where both balls and boxes are numbered and empty boxes are allowed?
Provide a concrete response to this case and a brief rationale. Include a feasible way to check the proposed learning or teaching action. State material assumptions. Hypothetical examples are allowed; do not claim unseen classroom outcomes. Equivalent defensible approaches are welcome.","Answer only this case. Accept equivalent correct approaches and examples.
Correctness: With n labelled balls and k labelled boxes, empty boxes allowed and no capacity restriction, every ball independently chooses one of k boxes: k^n. For n=3,k=2 there are 8 assignments.
Illustrative application (equivalent approaches accepted; only explicit question requirements are mandatory): Use a choice tree or function mapping and contrast with indistinguishable balls and with a nonempty-box requirement.
Reject endorsement of: Using stars-and-bars or requiring each box to be nonempty without stating it.","[{""id"": ""C1"", ""criterion"": ""Case check 1"", ""points"": 16.666666666666668, ""description"": ""Content check (equivalent correct explanations/examples accepted; the anchor example is not mandatory): With n labelled balls and k labelled boxes, empty boxes allowed and no capacity restriction, every ball independently chooses one of k boxes: k^n."", ""critical"": true}, {""id"": ""C2"", ""criterion"": ""Case check 2"", ""points"": 16.666666666666668, ""description"": ""Content check (equivalent correct explanations/examples accepted; the anchor example is not mandatory): For n=3,k=2 there are 8 assignments."", ""critical"": true}, {""id"": ""C3"", ""criterion"": ""Case check 3"", ""points"": 16.666666666666668, ""description"": ""Provides a feasible, correct response to the actual user request. The following is an illustrative teaching approach, not a mandatory example, material, numeric value or fixed sequence unless explicitly requested in the question: Use a choice tree or function mapping and contrast with indistinguishable balls and with a nonempty-box requirement. Accept other approaches that meet the same stated objective; do not deduct merely for not reproducing this illustration."", ""critical"": false}, {""id"": ""C4"", ""criterion"": ""Case check 4"", ""points"": 16.666666666666668, ""description"": ""The response gives an observable way to check the explanation or next teaching action for this specific case; a check for an unrelated topic does not meet this requirement."", ""critical"": false}, {""id"": ""C5"", ""criterion"": ""Case check 5"", ""points"": 16.666666666666668, ""description"": ""The response addresses this case using the supplied facts and labels material assumptions or hypothetical examples when it introduces them. Do not require invented assumptions or a boilerplate disclaimer when none is needed; irrelevant or empty responses fail."", ""critical"": false}, {""id"": ""C6"", ""criterion"": ""Case check 6"", ""points"": 16.666666666666668, ""description"": ""Critical-error check: the response substantively addresses this case and does not endorse the following error; an irrelevant, empty or purely evasive response fails this criterion: Using stars-and-bars or requiring each box to be nonempty without stating it."", ""critical"": true}]",high_school
lesson-builder__cn31_05,lesson-builder,Teaching Material Generation,Mathematics,Senior high school,hard,A senior-secondary mathematics teacher wants pupils to choose the correct counting model for the single topic in the question.,"How can I clearly explain adjacent and non-adjacent permutation and combination problems?
Provide a concrete response to this case and a brief rationale. Include a feasible way to check the proposed learning or teaching action. State material assumptions. Hypothetical examples are allowed; do not claim unseen classroom outcomes. Equivalent defensible approaches are welcome.","Answer only this case. Accept equivalent correct approaches and examples.
Correctness: For five distinct objects A,B,C,D,E in a line, A and B adjacent gives 2*4!=48; nonadjacent gives 5!-48=72. Block internal order and gap counts depend on which objects are labelled.
Illustrative application (equivalent approaches accepted; only explicit question requirements are mandatory): Explain the block method and complement or gap method, and include a small transfer variation with the constraints stated.
Reject endorsement of: Forgetting the AB/BA order or treating every nonadjacency problem as the same formula.","[{""id"": ""C1"", ""criterion"": ""Case check 1"", ""points"": 16.666666666666668, ""description"": ""Content check (equivalent correct explanations/examples accepted; the anchor example is not mandatory): For five distinct objects A,B,C,D,E in a line, A and B adjacent gives 2*4!=48; nonadjacent gives 5!-48=72."", ""critical"": true}, {""id"": ""C2"", ""criterion"": ""Case check 2"", ""points"": 16.666666666666668, ""description"": ""Content check (equivalent correct explanations/examples accepted; the anchor example is not mandatory): Block internal order and gap counts depend on which objects are labelled."", ""critical"": true}, {""id"": ""C3"", ""criterion"": ""Case check 3"", ""points"": 16.666666666666668, ""description"": ""Provides a feasible, correct response to the actual user request. The following is an illustrative teaching approach, not a mandatory example, material, numeric value or fixed sequence unless explicitly requested in the question: Explain the block method and complement or gap method, and include a small transfer variation with the constraints stated. Accept other approaches that meet the same stated objective; do not deduct merely for not reproducing this illustration."", ""critical"": false}, {""id"": ""C4"", ""criterion"": ""Case check 4"", ""points"": 16.666666666666668, ""description"": ""The response gives an observable way to check the explanation or next teaching action for this specific case; a check for an unrelated topic does not meet this requirement."", ""critical"": false}, {""id"": ""C5"", ""criterion"": ""Case check 5"", ""points"": 16.666666666666668, ""description"": ""The response addresses this case using the supplied facts and labels material assumptions or hypothetical examples when it introduces them. Do not require invented assumptions or a boilerplate disclaimer when none is needed; irrelevant or empty responses fail."", ""critical"": false}, {""id"": ""C6"", ""criterion"": ""Case check 6"", ""points"": 16.666666666666668, ""description"": ""Critical-error check: the response substantively addresses this case and does not endorse the following error; an irrelevant, empty or purely evasive response fails this criterion: Forgetting the AB/BA order or treating every nonadjacency problem as the same formula."", ""critical"": true}]",high_school
lesson-builder__cn31_06,lesson-builder,Teaching Material Generation,Mathematics,Senior high school,hard,A senior-secondary mathematics teacher wants pupils to choose the correct counting model for the single topic in the question.,"How can I clearly explain the difference between circular permutations and linear permutations?
Provide a concrete response to this case and a brief rationale. Include a feasible way to check the proposed learning or teaching action. State material assumptions. Hypothetical examples are allowed; do not claim unseen classroom outcomes. Equivalent defensible approaches are welcome.","Answer only this case. Accept equivalent correct approaches and examples.
Correctness: For n distinct objects around an oriented circle where rotations are equivalent but reflections are distinct, count (n-1)!; for n=4, 6 versus 24 in a line. A reflection-equivalent necklace or a table with labelled seats is a different problem.
Illustrative application (equivalent approaches accepted; only explicit question requirements are mandatory): Fix a reference object to justify rotation equivalence, draw examples of rotations and reflections, then test the changed convention.
Reject endorsement of: Dividing by 2 without a reflection convention or applying (n-1)! to labelled seats.","[{""id"": ""C1"", ""criterion"": ""Case check 1"", ""points"": 16.666666666666668, ""description"": ""Content check (equivalent correct explanations/examples accepted; the anchor example is not mandatory): For n distinct objects around an oriented circle where rotations are equivalent but reflections are distinct, count (n-1)!; for n=4, 6 versus 24 in a line."", ""critical"": true}, {""id"": ""C2"", ""criterion"": ""Case check 2"", ""points"": 16.666666666666668, ""description"": ""Content check (equivalent correct explanations/examples accepted; the anchor example is not mandatory): A reflection-equivalent necklace or a table with labelled seats is a different problem."", ""critical"": true}, {""id"": ""C3"", ""criterion"": ""Case check 3"", ""points"": 16.666666666666668, ""description"": ""Provides a feasible, correct response to the actual user request. The following is an illustrative teaching approach, not a mandatory example, material, numeric value or fixed sequence unless explicitly requested in the question: Fix a reference object to justify rotation equivalence, draw examples of rotations and reflections, then test the changed convention. Accept other approaches that meet the same stated objective; do not deduct merely for not reproducing this illustration."", ""critical"": false}, {""id"": ""C4"", ""criterion"": ""Case check 4"", ""points"": 16.666666666666668, ""description"": ""The response gives an observable way to check the explanation or next teaching action for this specific case; a check for an unrelated topic does not meet this requirement."", ""critical"": false}, {""id"": ""C5"", ""criterion"": ""Case check 5"", ""points"": 16.666666666666668, ""description"": ""The response addresses this case using the supplied facts and labels material assumptions or hypothetical examples when it introduces them. Do not require invented assumptions or a boilerplate disclaimer when none is needed; irrelevant or empty responses fail."", ""critical"": false}, {""id"": ""C6"", ""criterion"": ""Case check 6"", ""points"": 16.666666666666668, ""description"": ""Critical-error check: the response substantively addresses this case and does not endorse the following error; an irrelevant, empty or purely evasive response fails this criterion: Dividing by 2 without a reflection convention or applying (n-1)! to labelled seats."", ""critical"": true}]",high_school
lesson-builder__cn31_07,lesson-builder,Teaching Material Generation,Mathematics,Senior high school,hard,A senior-secondary mathematics teacher wants pupils to choose the correct counting model for the single topic in the question.,"How can I clearly explain the equivalence and common pitfalls of grouping then distributing versus direct permutation?
Provide a concrete response to this case and a brief rationale. Include a feasible way to check the proposed learning or teaching action. State material assumptions. Hypothetical examples are allowed; do not claim unseen classroom outcomes. Equivalent defensible approaches are welcome.","Answer only this case. Accept equivalent correct approaches and examples.
Correctness: Partition six labelled people into two unlabelled groups of three: C(6,3)/2=10. Assign those groups to two labelled rooms: 10*2!=20=C(6,3). Dividing by a factorial is justified only for genuine symmetry.
Illustrative application (equivalent approaches accepted; only explicit question requirements are mandatory): Represent one concrete allocation both ways and explain exactly what is counted twice before division.
Reject endorsement of: Blindly dividing by k! when groups already have distinct labels or sizes.","[{""id"": ""C1"", ""criterion"": ""Case check 1"", ""points"": 14.285714285714286, ""description"": ""Content check (equivalent correct explanations/examples accepted; the anchor example is not mandatory): Partition six labelled people into two unlabelled groups of three: C(6,3)/2=10."", ""critical"": true}, {""id"": ""C2"", ""criterion"": ""Case check 2"", ""points"": 14.285714285714286, ""description"": ""Content check (equivalent correct explanations/examples accepted; the anchor example is not mandatory): Assign those groups to two labelled rooms: 10*2!=20=C(6,3)."", ""critical"": true}, {""id"": ""C3"", ""criterion"": ""Case check 3"", ""points"": 14.285714285714286, ""description"": ""Content check (equivalent correct explanations/examples accepted; the anchor example is not mandatory): Dividing by a factorial is justified only for genuine symmetry."", ""critical"": true}, {""id"": ""C4"", ""criterion"": ""Case check 4"", ""points"": 14.285714285714286, ""description"": ""Provides a feasible, correct response to the actual user request. The following is an illustrative teaching approach, not a mandatory example, material, numeric value or fixed sequence unless explicitly requested in the question: Represent one concrete allocation both ways and explain exactly what is counted twice before division. Accept other approaches that meet the same stated objective; do not deduct merely for not reproducing this illustration."", ""critical"": false}, {""id"": ""C5"", ""criterion"": ""Case check 5"", ""points"": 14.285714285714286, ""description"": ""The response gives an observable way to check the explanation or next teaching action for this specific case; a check for an unrelated topic does not meet this requirement."", ""critical"": false}, {""id"": ""C6"", ""criterion"": ""Case check 6"", ""points"": 14.285714285714286, ""description"": ""The response addresses this case using the supplied facts and labels material assumptions or hypothetical examples when it introduces them. Do not require invented assumptions or a boilerplate disclaimer when none is needed; irrelevant or empty responses fail."", ""critical"": false}, {""id"": ""C7"", ""criterion"": ""Case check 7"", ""points"": 14.285714285714286, ""description"": ""Critical-error check: the response substantively addresses this case and does not endorse the following error; an irrelevant, empty or purely evasive response fails this criterion: Blindly dividing by k! when groups already have distinct labels or sizes."", ""critical"": true}]",high_school
lesson-builder__cn31_08,lesson-builder,Teaching Material Generation,Mathematics,Senior high school,hard,A senior-secondary mathematics teacher wants pupils to choose the correct counting model for the single topic in the question.,"How can I clearly explain the relationship between coefficients and combination numbers in the binomial theorem?
Provide a concrete response to this case and a brief rationale. Include a feasible way to check the proposed learning or teaching action. State material assumptions. Hypothetical examples are allowed; do not claim unseen classroom outcomes. Equivalent defensible approaches are welcome.","Answer only this case. Accept equivalent correct approaches and examples.
Correctness: In (2x-1)^3 the coefficients are 8,-12,6,-1, while the binomial coefficients are 1,3,3,1. The x^2 coefficient is C(3,1)*2^2*(-1)=-12.
Illustrative application (equivalent approaches accepted; only explicit question requirements are mandatory): Choose a term from each factor, connect the count of choices to C(n,k) and keep scalar/sign factors separate.
Reject endorsement of: Reporting the binomial coefficient as the whole term coefficient.","[{""id"": ""C1"", ""criterion"": ""Case check 1"", ""points"": 16.666666666666668, ""description"": ""Content check (equivalent correct explanations/examples accepted; the anchor example is not mandatory): In (2x-1)^3 the coefficients are 8,-12,6,-1, while the binomial coefficients are 1,3,3,1."", ""critical"": true}, {""id"": ""C2"", ""criterion"": ""Case check 2"", ""points"": 16.666666666666668, ""description"": ""Content check (equivalent correct explanations/examples accepted; the anchor example is not mandatory): The x^2 coefficient is C(3,1)*2^2*(-1)=-12."", ""critical"": true}, {""id"": ""C3"", ""criterion"": ""Case check 3"", ""points"": 16.666666666666668, ""description"": ""Provides a feasible, correct response to the actual user request. The following is an illustrative teaching approach, not a mandatory example, material, numeric value or fixed sequence unless explicitly requested in the question: Choose a term from each factor, connect the count of choices to C(n,k) and keep scalar/sign factors separate. Accept other approaches that meet the same stated objective; do not deduct merely for not reproducing this illustration."", ""critical"": false}, {""id"": ""C4"", ""criterion"": ""Case check 4"", ""points"": 16.666666666666668, ""description"": ""The response gives an observable way to check the explanation or next teaching action for this specific case; a check for an unrelated topic does not meet this requirement."", ""critical"": false}, {""id"": ""C5"", ""criterion"": ""Case check 5"", ""points"": 16.666666666666668, ""description"": ""The response addresses this case using the supplied facts and labels material assumptions or hypothetical examples when it introduces them. Do not require invented assumptions or a boilerplate disclaimer when none is needed; irrelevant or empty responses fail."", ""critical"": false}, {""id"": ""C6"", ""criterion"": ""Case check 6"", ""points"": 16.666666666666668, ""description"": ""Critical-error check: the response substantively addresses this case and does not endorse the following error; an irrelevant, empty or purely evasive response fails this criterion: Reporting the binomial coefficient as the whole term coefficient."", ""critical"": true}]",high_school
self-efficacy-builder-sequence__cn35_01,self-efficacy-builder-sequence,Personalized Content Creation,Educational Psychology,Elementary School,medium,A primary-school teacher is concerned about homework avoidance. The observations do not establish a clinical diagnosis.,"In my class, some children have long been unwilling to do homework. As soon as homework is mentioned, they look miserable and feel they cannot learn anything well. How can I identify their tendency toward ""homework resistance"" and ""not being able to learn""?
Provide a concrete response to this case and a brief rationale. Include a feasible way to check the proposed learning or teaching action. State material assumptions. Hypothetical examples are allowed; do not claim unseen classroom outcomes. Equivalent defensible approaches are welcome.","Answer only this case. Accept equivalent correct approaches and examples.
Correctness: Avoidance and negative self-statements are observations, not a diagnosis of inability.
Illustrative application (equivalent approaches accepted; only explicit question requirements are mandatory): Collect a small work sample, ask privately about the sticking point and distinguish skill gaps from task or confidence barriers.
Reject endorsement of: Labelling a child lazy or diagnosing a disorder from homework refusal.","[{""id"": ""C1"", ""criterion"": ""Case check 1"", ""points"": 20.0, ""description"": ""Content check (equivalent correct explanations/examples accepted; the anchor example is not mandatory): Avoidance and negative self-statements are observations, not a diagnosis of inability."", ""critical"": true}, {""id"": ""C2"", ""criterion"": ""Case check 2"", ""points"": 20.0, ""description"": ""Provides a feasible, correct response to the actual user request. The following is an illustrative teaching approach, not a mandatory example, material, numeric value or fixed sequence unless explicitly requested in the question: Collect a small work sample, ask privately about the sticking point and distinguish skill gaps from task or confidence barriers. Accept other approaches that meet the same stated objective; do not deduct merely for not reproducing this illustration."", ""critical"": false}, {""id"": ""C3"", ""criterion"": ""Case check 3"", ""points"": 20.0, ""description"": ""The response gives an observable way to check the explanation or next teaching action for this specific case; a check for an unrelated topic does not meet this requirement."", ""critical"": false}, {""id"": ""C4"", ""criterion"": ""Case check 4"", ""points"": 20.0, ""description"": ""The response addresses this case using the supplied facts and labels material assumptions or hypothetical examples when it introduces them. Do not require invented assumptions or a boilerplate disclaimer when none is needed; irrelevant or empty responses fail."", ""critical"": false}, {""id"": ""C5"", ""criterion"": ""Case check 5"", ""points"": 20.0, ""description"": ""Critical-error check: the response substantively addresses this case and does not endorse the following error; an irrelevant, empty or purely evasive response fails this criterion: Labelling a child lazy or diagnosing a disorder from homework refusal."", ""critical"": true}]",elementary
self-efficacy-builder-sequence__cn35_02,self-efficacy-builder-sequence,Personalized Content Creation,Educational Psychology,Elementary School,medium,A primary-school teacher is concerned about homework avoidance. The observations do not establish a clinical diagnosis.,"Why do children resist homework? Is it an ability issue, incorrect learning methods, or do they have other underlying reasons? How can I gain a deeper understanding and find the real reason they dislike doing homework?
Provide a concrete response to this case and a brief rationale. Include a feasible way to check the proposed learning or teaching action. State material assumptions. Hypothetical examples are allowed; do not claim unseen classroom outcomes. Equivalent defensible approaches are welcome.","Answer only this case. Accept equivalent correct approaches and examples.
Correctness: Homework resistance can have multiple causes including difficulty, access and task meaning.
Illustrative application (equivalent approaches accepted; only explicit question requirements are mandatory): Ask nonjudgmental questions, compare performance with support and choose a provisional intervention with a check.
Reject endorsement of: Declaring a single psychological cause without evidence.","[{""id"": ""C1"", ""criterion"": ""Case check 1"", ""points"": 20.0, ""description"": ""Content check (equivalent correct explanations/examples accepted; the anchor example is not mandatory): Homework resistance can have multiple causes including difficulty, access and task meaning."", ""critical"": true}, {""id"": ""C2"", ""criterion"": ""Case check 2"", ""points"": 20.0, ""description"": ""Provides a feasible, correct response to the actual user request. The following is an illustrative teaching approach, not a mandatory example, material, numeric value or fixed sequence unless explicitly requested in the question: Ask nonjudgmental questions, compare performance with support and choose a provisional intervention with a check. Accept other approaches that meet the same stated objective; do not deduct merely for not reproducing this illustration."", ""critical"": false}, {""id"": ""C3"", ""criterion"": ""Case check 3"", ""points"": 20.0, ""description"": ""The response gives an observable way to check the explanation or next teaching action for this specific case; a check for an unrelated topic does not meet this requirement."", ""critical"": false}, {""id"": ""C4"", ""criterion"": ""Case check 4"", ""points"": 20.0, ""description"": ""The response addresses this case using the supplied facts and labels material assumptions or hypothetical examples when it introduces them. Do not require invented assumptions or a boilerplate disclaimer when none is needed; irrelevant or empty responses fail."", ""critical"": false}, {""id"": ""C5"", ""criterion"": ""Case check 5"", ""points"": 20.0, ""description"": ""Critical-error check: the response substantively addresses this case and does not endorse the following error; an irrelevant, empty or purely evasive response fails this criterion: Declaring a single psychological cause without evidence."", ""critical"": true}]",elementary
self-efficacy-builder-sequence__cn35_03,self-efficacy-builder-sequence,Personalized Content Creation,Educational Psychology,Elementary School,medium,A primary-school teacher is concerned about homework avoidance. The observations do not establish a clinical diagnosis.,"For the children who always feel they cannot learn well, I hope to give them homework they can complete successfully so they can regain confidence. How should I design these ""small goals"" and homework tasks?
Provide a concrete response to this case and a brief rationale. Include a feasible way to check the proposed learning or teaching action. State material assumptions. Hypothetical examples are allowed; do not claim unseen classroom outcomes. Equivalent defensible approaches are welcome.","Answer only this case. Accept equivalent correct approaches and examples.
Correctness: A small goal should be attainable with support while advancing a real learning objective.
Illustrative application (equivalent approaches accepted; only explicit question requirements are mandatory): Break a task into a visible first success, feedback and a slightly less supported retry.
Reject endorsement of: Giving meaningless easy work indefinitely or promising immediate confidence recovery.","[{""id"": ""C1"", ""criterion"": ""Case check 1"", ""points"": 20.0, ""description"": ""Content check (equivalent correct explanations/examples accepted; the anchor example is not mandatory): A small goal should be attainable with support while advancing a real learning objective."", ""critical"": true}, {""id"": ""C2"", ""criterion"": ""Case check 2"", ""points"": 20.0, ""description"": ""Provides a feasible, correct response to the actual user request. The following is an illustrative teaching approach, not a mandatory example, material, numeric value or fixed sequence unless explicitly requested in the question: Break a task into a visible first success, feedback and a slightly less supported retry. Accept other approaches that meet the same stated objective; do not deduct merely for not reproducing this illustration."", ""critical"": false}, {""id"": ""C3"", ""criterion"": ""Case check 3"", ""points"": 20.0, ""description"": ""The response gives an observable way to check the explanation or next teaching action for this specific case; a check for an unrelated topic does not meet this requirement."", ""critical"": false}, {""id"": ""C4"", ""criterion"": ""Case check 4"", ""points"": 20.0, ""description"": ""The response addresses this case using the supplied facts and labels material assumptions or hypothetical examples when it introduces them. Do not require invented assumptions or a boilerplate disclaimer when none is needed; irrelevant or empty responses fail."", ""critical"": false}, {""id"": ""C5"", ""criterion"": ""Case check 5"", ""points"": 20.0, ""description"": ""Critical-error check: the response substantively addresses this case and does not endorse the following error; an irrelevant, empty or purely evasive response fails this criterion: Giving meaningless easy work indefinitely or promising immediate confidence recovery."", ""critical"": true}]",elementary
self-efficacy-builder-sequence__cn35_04,self-efficacy-builder-sequence,Personalized Content Creation,Educational Psychology,Elementary School,medium,A primary-school teacher is concerned about homework avoidance. The observations do not establish a clinical diagnosis.,"I hope that through praise and encouragement, children will gradually come to like doing homework and feel they can learn well. How can I use positive feedback to improve their motivation and confidence in learning?
Provide a concrete response to this case and a brief rationale. Include a feasible way to check the proposed learning or teaching action. State material assumptions. Hypothetical examples are allowed; do not claim unseen classroom outcomes. Equivalent defensible approaches are welcome.","Answer only this case. Accept equivalent correct approaches and examples.
Correctness: Feedback should refer to observed strategies and progress.
Illustrative application (equivalent approaches accepted; only explicit question requirements are mandatory): Provide a specific teacher statement and an achievable next step, then ask what helped.
Reject endorsement of: Empty ability praise or rewards as a guaranteed cure.","[{""id"": ""C1"", ""criterion"": ""Case check 1"", ""points"": 20.0, ""description"": ""Content check (equivalent correct explanations/examples accepted; the anchor example is not mandatory): Feedback should refer to observed strategies and progress."", ""critical"": true}, {""id"": ""C2"", ""criterion"": ""Case check 2"", ""points"": 20.0, ""description"": ""Provides a feasible, correct response to the actual user request. The following is an illustrative teaching approach, not a mandatory example, material, numeric value or fixed sequence unless explicitly requested in the question: Provide a specific teacher statement and an achievable next step, then ask what helped. Accept other approaches that meet the same stated objective; do not deduct merely for not reproducing this illustration."", ""critical"": false}, {""id"": ""C3"", ""criterion"": ""Case check 3"", ""points"": 20.0, ""description"": ""The response gives an observable way to check the explanation or next teaching action for this specific case; a check for an unrelated topic does not meet this requirement."", ""critical"": false}, {""id"": ""C4"", ""criterion"": ""Case check 4"", ""points"": 20.0, ""description"": ""The response addresses this case using the supplied facts and labels material assumptions or hypothetical examples when it introduces them. Do not require invented assumptions or a boilerplate disclaimer when none is needed; irrelevant or empty responses fail."", ""critical"": false}, {""id"": ""C5"", ""criterion"": ""Case check 5"", ""points"": 20.0, ""description"": ""Critical-error check: the response substantively addresses this case and does not endorse the following error; an irrelevant, empty or purely evasive response fails this criterion: Empty ability praise or rewards as a guaranteed cure."", ""critical"": true}]",elementary
self-efficacy-builder-sequence__cn35_05,self-efficacy-builder-sequence,Personalized Content Creation,Educational Psychology,Elementary School,medium,A primary-school teacher is concerned about homework avoidance. The observations do not establish a clinical diagnosis.,"I need to communicate with parents so they know that when helping their children with homework at home, they should not always take over or do things for the child, and should not constantly criticize. How should I guide parents to support their children's independent learning?
Provide a concrete response to this case and a brief rationale. Include a feasible way to check the proposed learning or teaching action. State material assumptions. Hypothetical examples are allowed; do not claim unseen classroom outcomes. Equivalent defensible approaches are welcome.","Answer only this case. Accept equivalent correct approaches and examples.
Correctness: Parents can support independence by prompting and gradually reducing help.
Illustrative application (equivalent approaches accepted; only explicit question requirements are mandatory): Give a brief home routine, a worked supportive prompt and a route to tell the teacher about difficulty.
Reject endorsement of: Requiring parents to complete the assignment or blaming them for all avoidance.","[{""id"": ""C1"", ""criterion"": ""Case check 1"", ""points"": 20.0, ""description"": ""Content check (equivalent correct explanations/examples accepted; the anchor example is not mandatory): Parents can support independence by prompting and gradually reducing help."", ""critical"": true}, {""id"": ""C2"", ""criterion"": ""Case check 2"", ""points"": 20.0, ""description"": ""Provides a feasible, correct response to the actual user request. The following is an illustrative teaching approach, not a mandatory example, material, numeric value or fixed sequence unless explicitly requested in the question: Give a brief home routine, a worked supportive prompt and a route to tell the teacher about difficulty. Accept other approaches that meet the same stated objective; do not deduct merely for not reproducing this illustration."", ""critical"": false}, {""id"": ""C3"", ""criterion"": ""Case check 3"", ""points"": 20.0, ""description"": ""The response gives an observable way to check the explanation or next teaching action for this specific case; a check for an unrelated topic does not meet this requirement."", ""critical"": false}, {""id"": ""C4"", ""criterion"": ""Case check 4"", ""points"": 20.0, ""description"": ""The response addresses this case using the supplied facts and labels material assumptions or hypothetical examples when it introduces them. Do not require invented assumptions or a boilerplate disclaimer when none is needed; irrelevant or empty responses fail."", ""critical"": false}, {""id"": ""C5"", ""criterion"": ""Case check 5"", ""points"": 20.0, ""description"": ""Critical-error check: the response substantively addresses this case and does not endorse the following error; an irrelevant, empty or purely evasive response fails this criterion: Requiring parents to complete the assignment or blaming them for all avoidance."", ""critical"": true}]",elementary
self-efficacy-builder-sequence__cn35_06,self-efficacy-builder-sequence,Personalized Content Creation,Educational Psychology,Elementary School,medium,A primary-school teacher is concerned about homework avoidance. The observations do not establish a clinical diagnosis.,"Several subject teachers in my class have reported that this child does not like doing homework. How should I coordinate all our teachers so we can work together and use a consistent approach to help this child?
Provide a concrete response to this case and a brief rationale. Include a feasible way to check the proposed learning or teaching action. State material assumptions. Hypothetical examples are allowed; do not claim unseen classroom outcomes. Equivalent defensible approaches are welcome.","Answer only this case. Accept equivalent correct approaches and examples.
Correctness: Coordination requires a small shared goal and consistent evidence, with appropriate privacy.
Illustrative application (equivalent approaches accepted; only explicit question requirements are mandatory): Agree on manageable workload, a common supportive response and a review point across teachers.
Reject endorsement of: Publicly labelling a child or collecting unnecessary sensitive details.","[{""id"": ""C1"", ""criterion"": ""Case check 1"", ""points"": 20.0, ""description"": ""Content check (equivalent correct explanations/examples accepted; the anchor example is not mandatory): Coordination requires a small shared goal and consistent evidence, with appropriate privacy."", ""critical"": true}, {""id"": ""C2"", ""criterion"": ""Case check 2"", ""points"": 20.0, ""description"": ""Provides a feasible, correct response to the actual user request. The following is an illustrative teaching approach, not a mandatory example, material, numeric value or fixed sequence unless explicitly requested in the question: Agree on manageable workload, a common supportive response and a review point across teachers. Accept other approaches that meet the same stated objective; do not deduct merely for not reproducing this illustration."", ""critical"": false}, {""id"": ""C3"", ""criterion"": ""Case check 3"", ""points"": 20.0, ""description"": ""The response gives an observable way to check the explanation or next teaching action for this specific case; a check for an unrelated topic does not meet this requirement."", ""critical"": false}, {""id"": ""C4"", ""criterion"": ""Case check 4"", ""points"": 20.0, ""description"": ""The response addresses this case using the supplied facts and labels material assumptions or hypothetical examples when it introduces them. Do not require invented assumptions or a boilerplate disclaimer when none is needed; irrelevant or empty responses fail."", ""critical"": false}, {""id"": ""C5"", ""criterion"": ""Case check 5"", ""points"": 20.0, ""description"": ""Critical-error check: the response substantively addresses this case and does not endorse the following error; an irrelevant, empty or purely evasive response fails this criterion: Publicly labelling a child or collecting unnecessary sensitive details."", ""critical"": true}]",elementary
project-brief-designer__cn43_01,project-brief-designer,Teaching Material Generation,Labor Education,Upper Elementary (Grades 4-6),medium,An upper-primary teacher is designing practical labor education for Grades 4-6. Resources beyond those in the question are unspecified.,"I am an upper elementary school teacher. Our school now requires us to carry out labor education. I want to design some labor projects that are suitable for our grade level and can interest the children. What specific activities can we do?
Provide a concrete response to this case and a brief rationale. Include a feasible way to check the proposed learning or teaching action. State material assumptions. Hypothetical examples are allowed; do not claim unseen classroom outcomes. Equivalent defensible approaches are welcome.","Answer only this case. Accept equivalent correct approaches and examples.
Correctness: Upper-primary labor projects should have an age-appropriate purpose and observable skills.
Illustrative application (equivalent approaches accepted; only explicit question requirements are mandatory): Offer a few feasible options with materials, time and one success criterion each, letting the teacher choose based on resources.
Reject endorsement of: Assuming every school has a garden, workshop or budget.","[{""id"": ""C1"", ""criterion"": ""Case check 1"", ""points"": 20.0, ""description"": ""Content check (equivalent correct explanations/examples accepted; the anchor example is not mandatory): Upper-primary labor projects should have an age-appropriate purpose and observable skills."", ""critical"": true}, {""id"": ""C2"", ""criterion"": ""Case check 2"", ""points"": 20.0, ""description"": ""Provides a feasible, correct response to the actual user request. The following is an illustrative teaching approach, not a mandatory example, material, numeric value or fixed sequence unless explicitly requested in the question: Offer a few feasible options with materials, time and one success criterion each, letting the teacher choose based on resources. Accept other approaches that meet the same stated objective; do not deduct merely for not reproducing this illustration."", ""critical"": false}, {""id"": ""C3"", ""criterion"": ""Case check 3"", ""points"": 20.0, ""description"": ""The response gives an observable way to check the explanation or next teaching action for this specific case; a check for an unrelated topic does not meet this requirement."", ""critical"": false}, {""id"": ""C4"", ""criterion"": ""Case check 4"", ""points"": 20.0, ""description"": ""The response addresses this case using the supplied facts and labels material assumptions or hypothetical examples when it introduces them. Do not require invented assumptions or a boilerplate disclaimer when none is needed; irrelevant or empty responses fail."", ""critical"": false}, {""id"": ""C5"", ""criterion"": ""Case check 5"", ""points"": 20.0, ""description"": ""Critical-error check: the response substantively addresses this case and does not endorse the following error; an irrelevant, empty or purely evasive response fails this criterion: Assuming every school has a garden, workshop or budget."", ""critical"": true}]",elementary
project-brief-designer__cn43_02,project-brief-designer,Teaching Material Generation,Labor Education,Upper Elementary (Grades 4-6),medium,An upper-primary teacher is designing practical labor education for Grades 4-6. Resources beyond those in the question are unspecified.,"I plan to organize some hands-on labor practice activities for the children, such as planting and making small inventions. I am worried about their safety, and I also want to use the opportunity to develop their safety awareness. What should I pay attention to?
Provide a concrete response to this case and a brief rationale. Include a feasible way to check the proposed learning or teaching action. State material assumptions. Hypothetical examples are allowed; do not claim unseen classroom outcomes. Equivalent defensible approaches are welcome.","Answer only this case. Accept equivalent correct approaches and examples.
Correctness: Safety learning needs supervision and a task-specific risk check before activity.
Illustrative application (equivalent approaches accepted; only explicit question requirements are mandatory): Choose an age-appropriate planting or simple construction example with safe materials, roles and a stop/help rule.
Reject endorsement of: Handing out unfamiliar hazardous tools without preparation or claiming risk is zero.","[{""id"": ""C1"", ""criterion"": ""Case check 1"", ""points"": 20.0, ""description"": ""Content check (equivalent correct explanations/examples accepted; the anchor example is not mandatory): Safety learning needs supervision and a task-specific risk check before activity."", ""critical"": true}, {""id"": ""C2"", ""criterion"": ""Case check 2"", ""points"": 20.0, ""description"": ""Provides a feasible, correct response to the actual user request. The following is an illustrative teaching approach, not a mandatory example, material, numeric value or fixed sequence unless explicitly requested in the question: Choose an age-appropriate planting or simple construction example with safe materials, roles and a stop/help rule. Accept other approaches that meet the same stated objective; do not deduct merely for not reproducing this illustration."", ""critical"": false}, {""id"": ""C3"", ""criterion"": ""Case check 3"", ""points"": 20.0, ""description"": ""The response gives an observable way to check the explanation or next teaching action for this specific case; a check for an unrelated topic does not meet this requirement."", ""critical"": false}, {""id"": ""C4"", ""criterion"": ""Case check 4"", ""points"": 20.0, ""description"": ""The response addresses this case using the supplied facts and labels material assumptions or hypothetical examples when it introduces them. Do not require invented assumptions or a boilerplate disclaimer when none is needed; irrelevant or empty responses fail."", ""critical"": false}, {""id"": ""C5"", ""criterion"": ""Case check 5"", ""points"": 20.0, ""description"": ""Critical-error check: the response substantively addresses this case and does not endorse the following error; an irrelevant, empty or purely evasive response fails this criterion: Handing out unfamiliar hazardous tools without preparation or claiming risk is zero."", ""critical"": true}]",elementary
project-brief-designer__cn43_03,project-brief-designer,Teaching Material Generation,Labor Education,Upper Elementary (Grades 4-6),medium,An upper-primary teacher is designing practical labor education for Grades 4-6. Resources beyond those in the question are unspecified.,"I do not want labor class to be just simple hands-on work; I want to use labor to cultivate the children's teamwork and problem-solving abilities. What should I do to achieve this goal?
Provide a concrete response to this case and a brief rationale. Include a feasible way to check the proposed learning or teaching action. State material assumptions. Hypothetical examples are allowed; do not claim unseen classroom outcomes. Equivalent defensible approaches are welcome.","Answer only this case. Accept equivalent correct approaches and examples.
Correctness: Teamwork develops through interdependent contributions and reflection on decisions.
Illustrative application (equivalent approaches accepted; only explicit question requirements are mandatory): Assign meaningful rotating roles, introduce one solvable design problem and check individual contributions.
Reject endorsement of: Assuming group seating automatically creates collaboration.","[{""id"": ""C1"", ""criterion"": ""Case check 1"", ""points"": 20.0, ""description"": ""Content check (equivalent correct explanations/examples accepted; the anchor example is not mandatory): Teamwork develops through interdependent contributions and reflection on decisions."", ""critical"": true}, {""id"": ""C2"", ""criterion"": ""Case check 2"", ""points"": 20.0, ""description"": ""Provides a feasible, correct response to the actual user request. The following is an illustrative teaching approach, not a mandatory example, material, numeric value or fixed sequence unless explicitly requested in the question: Assign meaningful rotating roles, introduce one solvable design problem and check individual contributions. Accept other approaches that meet the same stated objective; do not deduct merely for not reproducing this illustration."", ""critical"": false}, {""id"": ""C3"", ""criterion"": ""Case check 3"", ""points"": 20.0, ""description"": ""The response gives an observable way to check the explanation or next teaching action for this specific case; a check for an unrelated topic does not meet this requirement."", ""critical"": false}, {""id"": ""C4"", ""criterion"": ""Case check 4"", ""points"": 20.0, ""description"": ""The response addresses this case using the supplied facts and labels material assumptions or hypothetical examples when it introduces them. Do not require invented assumptions or a boilerplate disclaimer when none is needed; irrelevant or empty responses fail."", ""critical"": false}, {""id"": ""C5"", ""criterion"": ""Case check 5"", ""points"": 20.0, ""description"": ""Critical-error check: the response substantively addresses this case and does not endorse the following error; an irrelevant, empty or purely evasive response fails this criterion: Assuming group seating automatically creates collaboration."", ""critical"": true}]",elementary
project-brief-designer__cn43_04,project-brief-designer,Teaching Material Generation,Labor Education,Upper Elementary (Grades 4-6),medium,An upper-primary teacher is designing practical labor education for Grades 4-6. Resources beyond those in the question are unspecified.,"We have carried out labor skills training, but we do not know how to assess the children's learning and progress. Are there any good evaluation methods that can help me understand how well they are learning?
Provide a concrete response to this case and a brief rationale. Include a feasible way to check the proposed learning or teaching action. State material assumptions. Hypothetical examples are allowed; do not claim unseen classroom outcomes. Equivalent defensible approaches are welcome.","Answer only this case. Accept equivalent correct approaches and examples.
Correctness: Assess process and skill evidence rather than appearance alone.
Illustrative application (equivalent approaches accepted; only explicit question requirements are mandatory): Give a short observation rubric, a student explanation and before/after evidence of one improvement.
Reject endorsement of: Giving the same group score as proof of every student's mastery.","[{""id"": ""C1"", ""criterion"": ""Case check 1"", ""points"": 20.0, ""description"": ""Content check (equivalent correct explanations/examples accepted; the anchor example is not mandatory): Assess process and skill evidence rather than appearance alone."", ""critical"": true}, {""id"": ""C2"", ""criterion"": ""Case check 2"", ""points"": 20.0, ""description"": ""Provides a feasible, correct response to the actual user request. The following is an illustrative teaching approach, not a mandatory example, material, numeric value or fixed sequence unless explicitly requested in the question: Give a short observation rubric, a student explanation and before/after evidence of one improvement. Accept other approaches that meet the same stated objective; do not deduct merely for not reproducing this illustration."", ""critical"": false}, {""id"": ""C3"", ""criterion"": ""Case check 3"", ""points"": 20.0, ""description"": ""The response gives an observable way to check the explanation or next teaching action for this specific case; a check for an unrelated topic does not meet this requirement."", ""critical"": false}, {""id"": ""C4"", ""criterion"": ""Case check 4"", ""points"": 20.0, ""description"": ""The response addresses this case using the supplied facts and labels material assumptions or hypothetical examples when it introduces them. Do not require invented assumptions or a boilerplate disclaimer when none is needed; irrelevant or empty responses fail."", ""critical"": false}, {""id"": ""C5"", ""criterion"": ""Case check 5"", ""points"": 20.0, ""description"": ""Critical-error check: the response substantively addresses this case and does not endorse the following error; an irrelevant, empty or purely evasive response fails this criterion: Giving the same group score as proof of every student's mastery."", ""critical"": true}]",elementary
project-brief-designer__cn43_05,project-brief-designer,Teaching Material Generation,Labor Education,Upper Elementary (Grades 4-6),medium,An upper-primary teacher is designing practical labor education for Grades 4-6. Resources beyond those in the question are unspecified.,"I want labor education to not just be a standalone subject; I hope to integrate it with main subjects like Chinese and math. Are there any good methods to integrate labor education into daily subject teaching?
Provide a concrete response to this case and a brief rationale. Include a feasible way to check the proposed learning or teaching action. State material assumptions. Hypothetical examples are allowed; do not claim unseen classroom outcomes. Equivalent defensible approaches are welcome.","Answer only this case. Accept equivalent correct approaches and examples.
Correctness: Integration should preserve an assessable goal in each subject.
Illustrative application (equivalent approaches accepted; only explicit question requirements are mandatory): Connect a labor task to a measurement/calculation and a clear written/oral explanation with separate checks.
Reject endorsement of: Decorating a practical task with unrelated subject labels.","[{""id"": ""C1"", ""criterion"": ""Case check 1"", ""points"": 20.0, ""description"": ""Content check (equivalent correct explanations/examples accepted; the anchor example is not mandatory): Integration should preserve an assessable goal in each subject."", ""critical"": true}, {""id"": ""C2"", ""criterion"": ""Case check 2"", ""points"": 20.0, ""description"": ""Provides a feasible, correct response to the actual user request. The following is an illustrative teaching approach, not a mandatory example, material, numeric value or fixed sequence unless explicitly requested in the question: Connect a labor task to a measurement/calculation and a clear written/oral explanation with separate checks. Accept other approaches that meet the same stated objective; do not deduct merely for not reproducing this illustration."", ""critical"": false}, {""id"": ""C3"", ""criterion"": ""Case check 3"", ""points"": 20.0, ""description"": ""The response gives an observable way to check the explanation or next teaching action for this specific case; a check for an unrelated topic does not meet this requirement."", ""critical"": false}, {""id"": ""C4"", ""criterion"": ""Case check 4"", ""points"": 20.0, ""description"": ""The response addresses this case using the supplied facts and labels material assumptions or hypothetical examples when it introduces them. Do not require invented assumptions or a boilerplate disclaimer when none is needed; irrelevant or empty responses fail."", ""critical"": false}, {""id"": ""C5"", ""criterion"": ""Case check 5"", ""points"": 20.0, ""description"": ""Critical-error check: the response substantively addresses this case and does not endorse the following error; an irrelevant, empty or purely evasive response fails this criterion: Decorating a practical task with unrelated subject labels."", ""critical"": true}]",elementary
project-brief-designer__cn43_06,project-brief-designer,Teaching Material Generation,Labor Education,Upper Elementary (Grades 4-6),medium,An upper-primary teacher is designing practical labor education for Grades 4-6. Resources beyond those in the question are unspecified.,"Some children in my class are not very interested in hands-on labor, and some even feel a bit resistant. How should I guide them and stimulate their enthusiasm for participating in labor?
Provide a concrete response to this case and a brief rationale. Include a feasible way to check the proposed learning or teaching action. State material assumptions. Hypothetical examples are allowed; do not claim unseen classroom outcomes. Equivalent defensible approaches are welcome.","Answer only this case. Accept equivalent correct approaches and examples.
Correctness: Reluctance may reflect access, confidence or lack of meaning.
Illustrative application (equivalent approaches accepted; only explicit question requirements are mandatory): Offer bounded choices, a small supported role and feedback, then ask whether participation improved.
Reject endorsement of: Coercion or assuming unwillingness proves a character defect.","[{""id"": ""C1"", ""criterion"": ""Case check 1"", ""points"": 20.0, ""description"": ""Content check (equivalent correct explanations/examples accepted; the anchor example is not mandatory): Reluctance may reflect access, confidence or lack of meaning."", ""critical"": true}, {""id"": ""C2"", ""criterion"": ""Case check 2"", ""points"": 20.0, ""description"": ""Provides a feasible, correct response to the actual user request. The following is an illustrative teaching approach, not a mandatory example, material, numeric value or fixed sequence unless explicitly requested in the question: Offer bounded choices, a small supported role and feedback, then ask whether participation improved. Accept other approaches that meet the same stated objective; do not deduct merely for not reproducing this illustration."", ""critical"": false}, {""id"": ""C3"", ""criterion"": ""Case check 3"", ""points"": 20.0, ""description"": ""The response gives an observable way to check the explanation or next teaching action for this specific case; a check for an unrelated topic does not meet this requirement."", ""critical"": false}, {""id"": ""C4"", ""criterion"": ""Case check 4"", ""points"": 20.0, ""description"": ""The response addresses this case using the supplied facts and labels material assumptions or hypothetical examples when it introduces them. Do not require invented assumptions or a boilerplate disclaimer when none is needed; irrelevant or empty responses fail."", ""critical"": false}, {""id"": ""C5"", ""criterion"": ""Case check 5"", ""points"": 20.0, ""description"": ""Critical-error check: the response substantively addresses this case and does not endorse the following error; an irrelevant, empty or purely evasive response fails this criterion: Coercion or assuming unwillingness proves a character defect."", ""critical"": true}]",elementary
lesson-builder__cn50_01,lesson-builder,Teaching Material Generation,Science,Grade 2 (primary),medium,A primary science teacher is teaching cooperation during practical work. Use the grade specified in the question; otherwise state an age assumption.,"This is my first time teaching a second-grade science lab class. The students have never been divided into groups before and just crowd together chaotically. How should I teach them the most basic group cooperation?
Provide a concrete response to this case and a brief rationale. Include a feasible way to check the proposed learning or teaching action. State material assumptions. Hypothetical examples are allowed; do not claim unseen classroom outcomes. Equivalent defensible approaches are welcome.","Answer only this case. Accept equivalent correct approaches and examples.
Correctness: New second-graders need explicit modeling of a small cooperation routine.
Illustrative application (equivalent approaches accepted; only explicit question requirements are mandatory): Demonstrate four meaningful roles, rehearse one simple handover and observe before starting the experiment.
Reject endorsement of: Saying cooperate without teaching observable actions.","[{""id"": ""C1"", ""criterion"": ""Case check 1"", ""points"": 20.0, ""description"": ""Content check (equivalent correct explanations/examples accepted; the anchor example is not mandatory): New second-graders need explicit modeling of a small cooperation routine."", ""critical"": true}, {""id"": ""C2"", ""criterion"": ""Case check 2"", ""points"": 20.0, ""description"": ""Provides a feasible, correct response to the actual user request. The following is an illustrative teaching approach, not a mandatory example, material, numeric value or fixed sequence unless explicitly requested in the question: Demonstrate four meaningful roles, rehearse one simple handover and observe before starting the experiment. Accept other approaches that meet the same stated objective; do not deduct merely for not reproducing this illustration."", ""critical"": false}, {""id"": ""C3"", ""criterion"": ""Case check 3"", ""points"": 20.0, ""description"": ""The response gives an observable way to check the explanation or next teaching action for this specific case; a check for an unrelated topic does not meet this requirement."", ""critical"": false}, {""id"": ""C4"", ""criterion"": ""Case check 4"", ""points"": 20.0, ""description"": ""The response addresses this case using the supplied facts and labels material assumptions or hypothetical examples when it introduces them. Do not require invented assumptions or a boilerplate disclaimer when none is needed; irrelevant or empty responses fail."", ""critical"": false}, {""id"": ""C5"", ""criterion"": ""Case check 5"", ""points"": 20.0, ""description"": ""Critical-error check: the response substantively addresses this case and does not endorse the following error; an irrelevant, empty or purely evasive response fails this criterion: Saying cooperate without teaching observable actions."", ""critical"": true}]",elementary
lesson-builder__cn50_02,lesson-builder,Teaching Material Generation,Science,Primary; grade unspecified,medium,A primary science teacher is teaching cooperation during practical work. Use the grade specified in the question; otherwise state an age assumption.,"When groups do the ""What does a magnet attract?"" experiment, there are always two students grabbing the magnet while the other two stand by watching. My saying ""cooperate"" doesn't work. What should I do?
Provide a concrete response to this case and a brief rationale. Include a feasible way to check the proposed learning or teaching action. State material assumptions. Hypothetical examples are allowed; do not claim unseen classroom outcomes. Equivalent defensible approaches are welcome.","Answer only this case. Accept equivalent correct approaches and examples.
Correctness: Shared magnets need equitable turn-taking and roles that all contribute.
Illustrative application (equivalent approaches accepted; only explicit question requirements are mandatory): Pause grabbing, model passing and rotate operator/observer/recorder/material roles with a participation check.
Reject endorsement of: Permanently assigning operation to the strongest pupil.","[{""id"": ""C1"", ""criterion"": ""Case check 1"", ""points"": 20.0, ""description"": ""Content check (equivalent correct explanations/examples accepted; the anchor example is not mandatory): Shared magnets need equitable turn-taking and roles that all contribute."", ""critical"": true}, {""id"": ""C2"", ""criterion"": ""Case check 2"", ""points"": 20.0, ""description"": ""Provides a feasible, correct response to the actual user request. The following is an illustrative teaching approach, not a mandatory example, material, numeric value or fixed sequence unless explicitly requested in the question: Pause grabbing, model passing and rotate operator/observer/recorder/material roles with a participation check. Accept other approaches that meet the same stated objective; do not deduct merely for not reproducing this illustration."", ""critical"": false}, {""id"": ""C3"", ""criterion"": ""Case check 3"", ""points"": 20.0, ""description"": ""The response gives an observable way to check the explanation or next teaching action for this specific case; a check for an unrelated topic does not meet this requirement."", ""critical"": false}, {""id"": ""C4"", ""criterion"": ""Case check 4"", ""points"": 20.0, ""description"": ""The response addresses this case using the supplied facts and labels material assumptions or hypothetical examples when it introduces them. Do not require invented assumptions or a boilerplate disclaimer when none is needed; irrelevant or empty responses fail."", ""critical"": false}, {""id"": ""C5"", ""criterion"": ""Case check 5"", ""points"": 20.0, ""description"": ""Critical-error check: the response substantively addresses this case and does not endorse the following error; an irrelevant, empty or purely evasive response fails this criterion: Permanently assigning operation to the strongest pupil."", ""critical"": true}]",elementary
lesson-builder__cn50_03,lesson-builder,Teaching Material Generation,Science,Primary; grade unspecified,medium,A primary science teacher is teaching cooperation during practical work. Use the grade specified in the question; otherwise state an age assumption.,"When students divide up tasks, they always argue. They all want to be the ""operator"" and don't want to be the ""recorder."" Rock-paper-scissors doesn't work either. How should I resolve this fairly?
Provide a concrete response to this case and a brief rationale. Include a feasible way to check the proposed learning or teaching action. State material assumptions. Hypothetical examples are allowed; do not claim unseen classroom outcomes. Equivalent defensible approaches are welcome.","Answer only this case. Accept equivalent correct approaches and examples.
Correctness: Fairness requires meaningful roles and equitable opportunities over time; random selection can choose an initial turn if followed by accessible rotation.
Illustrative application (equivalent approaches accepted; only explicit question requirements are mandatory): Explain each role's value, set a short rotation and offer a supported first turn.
Reject endorsement of: Using the same winner-takes-all game repeatedly as the whole solution.","[{""id"": ""C1"", ""criterion"": ""Case check 1"", ""points"": 20.0, ""description"": ""Content check (equivalent correct explanations/examples accepted; the anchor example is not mandatory): Fairness requires meaningful roles and equitable opportunities over time; random selection can choose an initial turn if followed by accessible rotation."", ""critical"": true}, {""id"": ""C2"", ""criterion"": ""Case check 2"", ""points"": 20.0, ""description"": ""Provides a feasible, correct response to the actual user request. The following is an illustrative teaching approach, not a mandatory example, material, numeric value or fixed sequence unless explicitly requested in the question: Explain each role's value, set a short rotation and offer a supported first turn. Accept other approaches that meet the same stated objective; do not deduct merely for not reproducing this illustration."", ""critical"": false}, {""id"": ""C3"", ""criterion"": ""Case check 3"", ""points"": 20.0, ""description"": ""The response gives an observable way to check the explanation or next teaching action for this specific case; a check for an unrelated topic does not meet this requirement."", ""critical"": false}, {""id"": ""C4"", ""criterion"": ""Case check 4"", ""points"": 20.0, ""description"": ""The response addresses this case using the supplied facts and labels material assumptions or hypothetical examples when it introduces them. Do not require invented assumptions or a boilerplate disclaimer when none is needed; irrelevant or empty responses fail."", ""critical"": false}, {""id"": ""C5"", ""criterion"": ""Case check 5"", ""points"": 20.0, ""description"": ""Critical-error check: the response substantively addresses this case and does not endorse the following error; an irrelevant, empty or purely evasive response fails this criterion: Using the same winner-takes-all game repeatedly as the whole solution."", ""critical"": true}]",elementary
lesson-builder__cn50_04,lesson-builder,Teaching Material Generation,Science,Primary; grade unspecified,medium,A primary science teacher is teaching cooperation during practical work. Use the grade specified in the question; otherwise state an age assumption.,"During group discussions, students all rush to talk and no one listens to others' opinions, so the experiment plan never gets decided. How do I teach them to listen?
Provide a concrete response to this case and a brief rationale. Include a feasible way to check the proposed learning or teaching action. State material assumptions. Hypothetical examples are allowed; do not claim unseen classroom outcomes. Equivalent defensible approaches are welcome.","Answer only this case. Accept equivalent correct approaches and examples.
Correctness: Listening can be taught as an observable turn-taking routine.
Illustrative application (equivalent approaches accepted; only explicit question requirements are mandatory): Model a short turn and paraphrase before adding an idea; use the routine to decide one experiment step.
Reject endorsement of: Requiring silence without checking comprehension.","[{""id"": ""C1"", ""criterion"": ""Case check 1"", ""points"": 20.0, ""description"": ""Content check (equivalent correct explanations/examples accepted; the anchor example is not mandatory): Listening can be taught as an observable turn-taking routine."", ""critical"": true}, {""id"": ""C2"", ""criterion"": ""Case check 2"", ""points"": 20.0, ""description"": ""Provides a feasible, correct response to the actual user request. The following is an illustrative teaching approach, not a mandatory example, material, numeric value or fixed sequence unless explicitly requested in the question: Model a short turn and paraphrase before adding an idea; use the routine to decide one experiment step. Accept other approaches that meet the same stated objective; do not deduct merely for not reproducing this illustration."", ""critical"": false}, {""id"": ""C3"", ""criterion"": ""Case check 3"", ""points"": 20.0, ""description"": ""The response gives an observable way to check the explanation or next teaching action for this specific case; a check for an unrelated topic does not meet this requirement."", ""critical"": false}, {""id"": ""C4"", ""criterion"": ""Case check 4"", ""points"": 20.0, ""description"": ""The response addresses this case using the supplied facts and labels material assumptions or hypothetical examples when it introduces them. Do not require invented assumptions or a boilerplate disclaimer when none is needed; irrelevant or empty responses fail."", ""critical"": false}, {""id"": ""C5"", ""criterion"": ""Case check 5"", ""points"": 20.0, ""description"": ""Critical-error check: the response substantively addresses this case and does not endorse the following error; an irrelevant, empty or purely evasive response fails this criterion: Requiring silence without checking comprehension."", ""critical"": true}]",elementary
lesson-builder__cn50_05,lesson-builder,Teaching Material Generation,Science,Primary; grade unspecified,medium,A primary science teacher is teaching cooperation during practical work. Use the grade specified in the question; otherwise state an age assumption.,"There is a very introverted student in my class who hides in the back during every group activity and never speaks or does the hands-on work. How can I get him to participate?
Provide a concrete response to this case and a brief rationale. Include a feasible way to check the proposed learning or teaching action. State material assumptions. Hypothetical examples are allowed; do not claim unseen classroom outcomes. Equivalent defensible approaches are welcome.","Answer only this case. Accept equivalent correct approaches and examples.
Correctness: Quiet students need accessible routes into a meaningful contribution.
Illustrative application (equivalent approaches accepted; only explicit question requirements are mandatory): Offer a prepared partner turn or nonpublic contribution, then gradually increase participation with their input.
Reject endorsement of: Forcing public speech or assigning quiet pupils permanently to recording.","[{""id"": ""C1"", ""criterion"": ""Case check 1"", ""points"": 20.0, ""description"": ""Content check (equivalent correct explanations/examples accepted; the anchor example is not mandatory): Quiet students need accessible routes into a meaningful contribution."", ""critical"": true}, {""id"": ""C2"", ""criterion"": ""Case check 2"", ""points"": 20.0, ""description"": ""Provides a feasible, correct response to the actual user request. The following is an illustrative teaching approach, not a mandatory example, material, numeric value or fixed sequence unless explicitly requested in the question: Offer a prepared partner turn or nonpublic contribution, then gradually increase participation with their input. Accept other approaches that meet the same stated objective; do not deduct merely for not reproducing this illustration."", ""critical"": false}, {""id"": ""C3"", ""criterion"": ""Case check 3"", ""points"": 20.0, ""description"": ""The response gives an observable way to check the explanation or next teaching action for this specific case; a check for an unrelated topic does not meet this requirement."", ""critical"": false}, {""id"": ""C4"", ""criterion"": ""Case check 4"", ""points"": 20.0, ""description"": ""The response addresses this case using the supplied facts and labels material assumptions or hypothetical examples when it introduces them. Do not require invented assumptions or a boilerplate disclaimer when none is needed; irrelevant or empty responses fail."", ""critical"": false}, {""id"": ""C5"", ""criterion"": ""Case check 5"", ""points"": 20.0, ""description"": ""Critical-error check: the response substantively addresses this case and does not endorse the following error; an irrelevant, empty or purely evasive response fails this criterion: Forcing public speech or assigning quiet pupils permanently to recording."", ""critical"": true}]",elementary
lesson-builder__cn50_06,lesson-builder,Teaching Material Generation,Science,Primary; grade unspecified,medium,A primary science teacher is teaching cooperation during practical work. Use the grade specified in the question; otherwise state an age assumption.,"During the ""Measuring Water Temperature"" experiment, students grabbed the thermometers and almost broke them. What should I do first before handing out materials?
Provide a concrete response to this case and a brief rationale. Include a feasible way to check the proposed learning or teaching action. State material assumptions. Hypothetical examples are allowed; do not claim unseen classroom outcomes. Equivalent defensible approaches are welcome.","Answer only this case. Accept equivalent correct approaches and examples.
Correctness: Material handling should be modeled before distribution.
Illustrative application (equivalent approaches accepted; only explicit question requirements are mandatory): Demonstrate an appropriate thermometer handover, designate a materials role and confirm a stop signal before work.
Reject endorsement of: Distributing fragile equipment before explaining safe handling.","[{""id"": ""C1"", ""criterion"": ""Case check 1"", ""points"": 20.0, ""description"": ""Content check (equivalent correct explanations/examples accepted; the anchor example is not mandatory): Material handling should be modeled before distribution."", ""critical"": true}, {""id"": ""C2"", ""criterion"": ""Case check 2"", ""points"": 20.0, ""description"": ""Provides a feasible, correct response to the actual user request. The following is an illustrative teaching approach, not a mandatory example, material, numeric value or fixed sequence unless explicitly requested in the question: Demonstrate an appropriate thermometer handover, designate a materials role and confirm a stop signal before work. Accept other approaches that meet the same stated objective; do not deduct merely for not reproducing this illustration."", ""critical"": false}, {""id"": ""C3"", ""criterion"": ""Case check 3"", ""points"": 20.0, ""description"": ""The response gives an observable way to check the explanation or next teaching action for this specific case; a check for an unrelated topic does not meet this requirement."", ""critical"": false}, {""id"": ""C4"", ""criterion"": ""Case check 4"", ""points"": 20.0, ""description"": ""The response addresses this case using the supplied facts and labels material assumptions or hypothetical examples when it introduces them. Do not require invented assumptions or a boilerplate disclaimer when none is needed; irrelevant or empty responses fail."", ""critical"": false}, {""id"": ""C5"", ""criterion"": ""Case check 5"", ""points"": 20.0, ""description"": ""Critical-error check: the response substantively addresses this case and does not endorse the following error; an irrelevant, empty or purely evasive response fails this criterion: Distributing fragile equipment before explaining safe handling."", ""critical"": true}]",elementary
lesson-builder__cn50_07,lesson-builder,Teaching Material Generation,Science,Primary; grade unspecified,medium,A primary science teacher is teaching cooperation during practical work. Use the grade specified in the question; otherwise state an age assumption.,"After experiments, when I ask groups to report, it is always the same person speaking and the others lower their heads. How can I get everyone to participate in the report?
Provide a concrete response to this case and a brief rationale. Include a feasible way to check the proposed learning or teaching action. State material assumptions. Hypothetical examples are allowed; do not claim unseen classroom outcomes. Equivalent defensible approaches are welcome.","Answer only this case. Accept equivalent correct approaches and examples.
Correctness: Reporting can distribute evidence across group members.
Illustrative application (equivalent approaches accepted; only explicit question requirements are mandatory): Let students prepare a short contribution or alternate accessible format and rotate speaking responsibilities.
Reject endorsement of: Cold-calling an unprepared anxious child as the only participation mechanism.","[{""id"": ""C1"", ""criterion"": ""Case check 1"", ""points"": 20.0, ""description"": ""Content check (equivalent correct explanations/examples accepted; the anchor example is not mandatory): Reporting can distribute evidence across group members."", ""critical"": true}, {""id"": ""C2"", ""criterion"": ""Case check 2"", ""points"": 20.0, ""description"": ""Provides a feasible, correct response to the actual user request. The following is an illustrative teaching approach, not a mandatory example, material, numeric value or fixed sequence unless explicitly requested in the question: Let students prepare a short contribution or alternate accessible format and rotate speaking responsibilities. Accept other approaches that meet the same stated objective; do not deduct merely for not reproducing this illustration."", ""critical"": false}, {""id"": ""C3"", ""criterion"": ""Case check 3"", ""points"": 20.0, ""description"": ""The response gives an observable way to check the explanation or next teaching action for this specific case; a check for an unrelated topic does not meet this requirement."", ""critical"": false}, {""id"": ""C4"", ""criterion"": ""Case check 4"", ""points"": 20.0, ""description"": ""The response addresses this case using the supplied facts and labels material assumptions or hypothetical examples when it introduces them. Do not require invented assumptions or a boilerplate disclaimer when none is needed; irrelevant or empty responses fail."", ""critical"": false}, {""id"": ""C5"", ""criterion"": ""Case check 5"", ""points"": 20.0, ""description"": ""Critical-error check: the response substantively addresses this case and does not endorse the following error; an irrelevant, empty or purely evasive response fails this criterion: Cold-calling an unprepared anxious child as the only participation mechanism."", ""critical"": true}]",elementary
lesson-builder__cn50_08,lesson-builder,Teaching Material Generation,Science,Primary; grade unspecified,medium,A primary science teacher is teaching cooperation during practical work. Use the grade specified in the question; otherwise state an age assumption.,"I only have one class period to do the ""Dinosaur Fossil Measurement"" experiment. I need to both complete the experiment task and teach cooperation, but there isn't enough time. What should I do?
Provide a concrete response to this case and a brief rationale. Include a feasible way to check the proposed learning or teaching action. State material assumptions. Hypothetical examples are allowed; do not claim unseen classroom outcomes. Equivalent defensible approaches are welcome.","Answer only this case. Accept equivalent correct approaches and examples.
Correctness: One period cannot support unlimited inquiry and cooperation instruction.
Illustrative application (equivalent approaches accepted; only explicit question requirements are mandatory): Choose one measurement goal and one cooperation behavior, budget both and include a short debrief.
Reject endorsement of: Omitting all cooperation instruction or claiming every possible objective fits.","[{""id"": ""C1"", ""criterion"": ""Case check 1"", ""points"": 20.0, ""description"": ""Content check (equivalent correct explanations/examples accepted; the anchor example is not mandatory): One period cannot support unlimited inquiry and cooperation instruction."", ""critical"": true}, {""id"": ""C2"", ""criterion"": ""Case check 2"", ""points"": 20.0, ""description"": ""Provides a feasible, correct response to the actual user request. The following is an illustrative teaching approach, not a mandatory example, material, numeric value or fixed sequence unless explicitly requested in the question: Choose one measurement goal and one cooperation behavior, budget both and include a short debrief. Accept other approaches that meet the same stated objective; do not deduct merely for not reproducing this illustration."", ""critical"": false}, {""id"": ""C3"", ""criterion"": ""Case check 3"", ""points"": 20.0, ""description"": ""The response gives an observable way to check the explanation or next teaching action for this specific case; a check for an unrelated topic does not meet this requirement."", ""critical"": false}, {""id"": ""C4"", ""criterion"": ""Case check 4"", ""points"": 20.0, ""description"": ""The response addresses this case using the supplied facts and labels material assumptions or hypothetical examples when it introduces them. Do not require invented assumptions or a boilerplate disclaimer when none is needed; irrelevant or empty responses fail."", ""critical"": false}, {""id"": ""C5"", ""criterion"": ""Case check 5"", ""points"": 20.0, ""description"": ""Critical-error check: the response substantively addresses this case and does not endorse the following error; an irrelevant, empty or purely evasive response fails this criterion: Omitting all cooperation instruction or claiming every possible objective fits."", ""critical"": true}]",elementary
lesson-builder__cn50_09,lesson-builder,Teaching Material Generation,Science,Primary; grade unspecified,medium,A primary science teacher is teaching cooperation during practical work. Use the grade specified in the question; otherwise state an age assumption.,"A student says, ""I'm faster doing it myself. Why should I work with others?"" and is unwilling to participate in group cooperation. How should I explain?
Provide a concrete response to this case and a brief rationale. Include a feasible way to check the proposed learning or teaching action. State material assumptions. Hypothetical examples are allowed; do not claim unseen classroom outcomes. Equivalent defensible approaches are welcome.","Answer only this case. Accept equivalent correct approaches and examples.
Correctness: Explain the value of collaboration through complementary evidence and checking, not slower work for its own sake.
Illustrative application (equivalent approaches accepted; only explicit question requirements are mandatory): Give a small task where members compare measurements or explanations and retain individual accountability.
Reject endorsement of: Claiming groups are always faster than individuals.","[{""id"": ""C1"", ""criterion"": ""Case check 1"", ""points"": 20.0, ""description"": ""Content check (equivalent correct explanations/examples accepted; the anchor example is not mandatory): Explain the value of collaboration through complementary evidence and checking, not slower work for its own sake."", ""critical"": true}, {""id"": ""C2"", ""criterion"": ""Case check 2"", ""points"": 20.0, ""description"": ""Provides a feasible, correct response to the actual user request. The following is an illustrative teaching approach, not a mandatory example, material, numeric value or fixed sequence unless explicitly requested in the question: Give a small task where members compare measurements or explanations and retain individual accountability. Accept other approaches that meet the same stated objective; do not deduct merely for not reproducing this illustration."", ""critical"": false}, {""id"": ""C3"", ""criterion"": ""Case check 3"", ""points"": 20.0, ""description"": ""The response gives an observable way to check the explanation or next teaching action for this specific case; a check for an unrelated topic does not meet this requirement."", ""critical"": false}, {""id"": ""C4"", ""criterion"": ""Case check 4"", ""points"": 20.0, ""description"": ""The response addresses this case using the supplied facts and labels material assumptions or hypothetical examples when it introduces them. Do not require invented assumptions or a boilerplate disclaimer when none is needed; irrelevant or empty responses fail."", ""critical"": false}, {""id"": ""C5"", ""criterion"": ""Case check 5"", ""points"": 20.0, ""description"": ""Critical-error check: the response substantively addresses this case and does not endorse the following error; an irrelevant, empty or purely evasive response fails this criterion: Claiming groups are always faster than individuals."", ""critical"": true}]",elementary
lesson-builder__cn50_10,lesson-builder,Teaching Material Generation,Science,Primary; grade unspecified,medium,A primary science teacher is teaching cooperation during practical work. Use the grade specified in the question; otherwise state an age assumption.,"After the last experiment, I forgot to do a debrief. This time when doing a new experiment, the students returned to a chaotic state. How can I quickly reinforce the previous cooperation habits?
Provide a concrete response to this case and a brief rationale. Include a feasible way to check the proposed learning or teaching action. State material assumptions. Hypothetical examples are allowed; do not claim unseen classroom outcomes. Equivalent defensible approaches are welcome.","Answer only this case. Accept equivalent correct approaches and examples.
Correctness: A short retrieval and rehearsal can reactivate a routine.
Illustrative application (equivalent approaches accepted; only explicit question requirements are mandatory): Ask students to demonstrate one previous rule, practice it and close with evidence of one improvement.
Reject endorsement of: Repeating a long lecture on every rule without practice.","[{""id"": ""C1"", ""criterion"": ""Case check 1"", ""points"": 20.0, ""description"": ""Content check (equivalent correct explanations/examples accepted; the anchor example is not mandatory): A short retrieval and rehearsal can reactivate a routine."", ""critical"": true}, {""id"": ""C2"", ""criterion"": ""Case check 2"", ""points"": 20.0, ""description"": ""Provides a feasible, correct response to the actual user request. The following is an illustrative teaching approach, not a mandatory example, material, numeric value or fixed sequence unless explicitly requested in the question: Ask students to demonstrate one previous rule, practice it and close with evidence of one improvement. Accept other approaches that meet the same stated objective; do not deduct merely for not reproducing this illustration."", ""critical"": false}, {""id"": ""C3"", ""criterion"": ""Case check 3"", ""points"": 20.0, ""description"": ""The response gives an observable way to check the explanation or next teaching action for this specific case; a check for an unrelated topic does not meet this requirement."", ""critical"": false}, {""id"": ""C4"", ""criterion"": ""Case check 4"", ""points"": 20.0, ""description"": ""The response addresses this case using the supplied facts and labels material assumptions or hypothetical examples when it introduces them. Do not require invented assumptions or a boilerplate disclaimer when none is needed; irrelevant or empty responses fail."", ""critical"": false}, {""id"": ""C5"", ""criterion"": ""Case check 5"", ""points"": 20.0, ""description"": ""Critical-error check: the response substantively addresses this case and does not endorse the following error; an irrelevant, empty or purely evasive response fails this criterion: Repeating a long lecture on every rule without practice."", ""critical"": true}]",elementary
lesson-builder__cn51_01,lesson-builder,Teaching Material Generation,Science,Grade 3 (primary),medium,A primary science teacher asks about one assessment difficulty. Use only the resources and project duration stated in this question.,"I am a rural elementary school science teacher. I have no computer and no evaluation platform, only paper and pencil. How can I design a practical process-based assessment for the third-grade ""Changes in the Three States of Water"" lab lesson?
Provide a concrete response to this case and a brief rationale. Include a feasible way to check the proposed learning or teaching action. State material assumptions. Hypothetical examples are allowed; do not claim unseen classroom outcomes. Equivalent defensible approaches are welcome.","Answer only this case. Accept equivalent correct approaches and examples.
Correctness: A paper-and-pencil process record can track prediction, observation and evidence-based explanation of changes of state.
Illustrative application (equivalent approaches accepted; only explicit question requirements are mandatory): Give a one-page third-grade checklist with a concrete observation field, a short feedback box and a revision opportunity; respect the no-computer constraint.
Reject endorsement of: Requiring an online platform or scoring only the final result.","[{""id"": ""C1"", ""criterion"": ""Case check 1"", ""points"": 20.0, ""description"": ""Content check (equivalent correct explanations/examples accepted; the anchor example is not mandatory): A paper-and-pencil process record can track prediction, observation and evidence-based explanation of changes of state."", ""critical"": true}, {""id"": ""C2"", ""criterion"": ""Case check 2"", ""points"": 20.0, ""description"": ""Provides a feasible, correct response to the actual user request. The following is an illustrative teaching approach, not a mandatory example, material, numeric value or fixed sequence unless explicitly requested in the question: Give a one-page third-grade checklist with a concrete observation field, a short feedback box and a revision opportunity; respect the no-computer constraint. Accept other approaches that meet the same stated objective; do not deduct merely for not reproducing this illustration."", ""critical"": false}, {""id"": ""C3"", ""criterion"": ""Case check 3"", ""points"": 20.0, ""description"": ""The response gives an observable way to check the explanation or next teaching action for this specific case; a check for an unrelated topic does not meet this requirement."", ""critical"": false}, {""id"": ""C4"", ""criterion"": ""Case check 4"", ""points"": 20.0, ""description"": ""The response addresses this case using the supplied facts and labels material assumptions or hypothetical examples when it introduces them. Do not require invented assumptions or a boilerplate disclaimer when none is needed; irrelevant or empty responses fail."", ""critical"": false}, {""id"": ""C5"", ""criterion"": ""Case check 5"", ""points"": 20.0, ""description"": ""Critical-error check: the response substantively addresses this case and does not endorse the following error; an irrelevant, empty or purely evasive response fails this criterion: Requiring an online platform or scoring only the final result."", ""critical"": true}]",elementary
lesson-builder__cn51_02,lesson-builder,Teaching Material Generation,Science,Primary; grade unspecified,medium,A primary science teacher asks about one assessment difficulty. Use only the resources and project duration stated in this question.,"I am a novice science teacher. After an experiment, I only know how to give students grades like ""Excellent / Good / Average"". I don't know how to do process-based assessment. Can you give me the simplest template?
Provide a concrete response to this case and a brief rationale. Include a feasible way to check the proposed learning or teaching action. State material assumptions. Hypothetical examples are allowed; do not claim unseen classroom outcomes. Equivalent defensible approaches are welcome.","Answer only this case. Accept equivalent correct approaches and examples.
Correctness: The simplest useful template links a learning target to an observable action, recorded evidence, feedback and a next attempt.
Illustrative application (equivalent approaches accepted; only explicit question requirements are mandatory): Provide a reusable small table and one completed example, beyond Excellent/Good/Average labels.
Reject endorsement of: Giving only a rank with no evidence or improvement step.","[{""id"": ""C1"", ""criterion"": ""Case check 1"", ""points"": 20.0, ""description"": ""Content check (equivalent correct explanations/examples accepted; the anchor example is not mandatory): The simplest useful template links a learning target to an observable action, recorded evidence, feedback and a next attempt."", ""critical"": true}, {""id"": ""C2"", ""criterion"": ""Case check 2"", ""points"": 20.0, ""description"": ""Provides a feasible, correct response to the actual user request. The following is an illustrative teaching approach, not a mandatory example, material, numeric value or fixed sequence unless explicitly requested in the question: Provide a reusable small table and one completed example, beyond Excellent/Good/Average labels. Accept other approaches that meet the same stated objective; do not deduct merely for not reproducing this illustration."", ""critical"": false}, {""id"": ""C3"", ""criterion"": ""Case check 3"", ""points"": 20.0, ""description"": ""The response gives an observable way to check the explanation or next teaching action for this specific case; a check for an unrelated topic does not meet this requirement."", ""critical"": false}, {""id"": ""C4"", ""criterion"": ""Case check 4"", ""points"": 20.0, ""description"": ""The response addresses this case using the supplied facts and labels material assumptions or hypothetical examples when it introduces them. Do not require invented assumptions or a boilerplate disclaimer when none is needed; irrelevant or empty responses fail."", ""critical"": false}, {""id"": ""C5"", ""criterion"": ""Case check 5"", ""points"": 20.0, ""description"": ""Critical-error check: the response substantively addresses this case and does not endorse the following error; an irrelevant, empty or purely evasive response fails this criterion: Giving only a rank with no evidence or improvement step."", ""critical"": true}]",elementary
lesson-builder__cn51_03,lesson-builder,Teaching Material Generation,Science,Primary; grade unspecified,medium,A primary science teacher asks about one assessment difficulty. Use only the resources and project duration stated in this question.,"I asked students to self-assess against the criteria, but they all gave themselves full marks and did not seriously check their own problems. What should I do?
Provide a concrete response to this case and a brief rationale. Include a feasible way to check the proposed learning or teaching action. State material assumptions. Hypothetical examples are allowed; do not claim unseen classroom outcomes. Equivalent defensible approaches are welcome.","Answer only this case. Accept equivalent correct approaches and examples.
Correctness: Self-assessment needs shared criteria and examples; a high self-score alone is not proof of dishonesty.
Illustrative application (equivalent approaches accepted; only explicit question requirements are mandatory): Calibrate one sample together, require students to cite their work and choose a supported improvement, then compare with a teacher check.
Reject endorsement of: Automatically subtracting marks from every self-awarded full score.","[{""id"": ""C1"", ""criterion"": ""Case check 1"", ""points"": 20.0, ""description"": ""Content check (equivalent correct explanations/examples accepted; the anchor example is not mandatory): Self-assessment needs shared criteria and examples; a high self-score alone is not proof of dishonesty."", ""critical"": true}, {""id"": ""C2"", ""criterion"": ""Case check 2"", ""points"": 20.0, ""description"": ""Provides a feasible, correct response to the actual user request. The following is an illustrative teaching approach, not a mandatory example, material, numeric value or fixed sequence unless explicitly requested in the question: Calibrate one sample together, require students to cite their work and choose a supported improvement, then compare with a teacher check. Accept other approaches that meet the same stated objective; do not deduct merely for not reproducing this illustration."", ""critical"": false}, {""id"": ""C3"", ""criterion"": ""Case check 3"", ""points"": 20.0, ""description"": ""The response gives an observable way to check the explanation or next teaching action for this specific case; a check for an unrelated topic does not meet this requirement."", ""critical"": false}, {""id"": ""C4"", ""criterion"": ""Case check 4"", ""points"": 20.0, ""description"": ""The response addresses this case using the supplied facts and labels material assumptions or hypothetical examples when it introduces them. Do not require invented assumptions or a boilerplate disclaimer when none is needed; irrelevant or empty responses fail."", ""critical"": false}, {""id"": ""C5"", ""criterion"": ""Case check 5"", ""points"": 20.0, ""description"": ""Critical-error check: the response substantively addresses this case and does not endorse the following error; an irrelevant, empty or purely evasive response fails this criterion: Automatically subtracting marks from every self-awarded full score."", ""critical"": true}]",elementary
lesson-builder__cn51_04,lesson-builder,Teaching Material Generation,Science,Primary; grade unspecified,medium,A primary science teacher asks about one assessment difficulty. Use only the resources and project duration stated in this question.,"During group peer assessment, students all say ""You're great"" to each other. No one points out problems, and peer assessment becomes just going through the motions. How can I make peer assessment truly effective?
Provide a concrete response to this case and a brief rationale. Include a feasible way to check the proposed learning or teaching action. State material assumptions. Hypothetical examples are allowed; do not claim unseen classroom outcomes. Equivalent defensible approaches are welcome.","Answer only this case. Accept equivalent correct approaches and examples.
Correctness: Peer feedback should name observed work, connect it to a criterion and suggest a feasible next step.
Illustrative application (equivalent approaches accepted; only explicit question requirements are mandatory): Model one specific comment, provide a short evidence-based sentence frame and let the recipient try a revision.
Reject endorsement of: Requiring personal criticism or accepting generic praise as assessment evidence.","[{""id"": ""C1"", ""criterion"": ""Case check 1"", ""points"": 20.0, ""description"": ""Content check (equivalent correct explanations/examples accepted; the anchor example is not mandatory): Peer feedback should name observed work, connect it to a criterion and suggest a feasible next step."", ""critical"": true}, {""id"": ""C2"", ""criterion"": ""Case check 2"", ""points"": 20.0, ""description"": ""Provides a feasible, correct response to the actual user request. The following is an illustrative teaching approach, not a mandatory example, material, numeric value or fixed sequence unless explicitly requested in the question: Model one specific comment, provide a short evidence-based sentence frame and let the recipient try a revision. Accept other approaches that meet the same stated objective; do not deduct merely for not reproducing this illustration."", ""critical"": false}, {""id"": ""C3"", ""criterion"": ""Case check 3"", ""points"": 20.0, ""description"": ""The response gives an observable way to check the explanation or next teaching action for this specific case; a check for an unrelated topic does not meet this requirement."", ""critical"": false}, {""id"": ""C4"", ""criterion"": ""Case check 4"", ""points"": 20.0, ""description"": ""The response addresses this case using the supplied facts and labels material assumptions or hypothetical examples when it introduces them. Do not require invented assumptions or a boilerplate disclaimer when none is needed; irrelevant or empty responses fail."", ""critical"": false}, {""id"": ""C5"", ""criterion"": ""Case check 5"", ""points"": 20.0, ""description"": ""Critical-error check: the response substantively addresses this case and does not endorse the following error; an irrelevant, empty or purely evasive response fails this criterion: Requiring personal criticism or accepting generic praise as assessment evidence."", ""critical"": true}]",elementary
lesson-builder__cn51_05,lesson-builder,Teaching Material Generation,Science,Primary; grade unspecified,medium,A primary science teacher asks about one assessment difficulty. Use only the resources and project duration stated in this question.,"When I praise students, I only say ""You're great"" and ""Good job"", and students don't feel anything. How can I give specific feedback that promotes improvement?
Provide a concrete response to this case and a brief rationale. Include a feasible way to check the proposed learning or teaching action. State material assumptions. Hypothetical examples are allowed; do not claim unseen classroom outcomes. Equivalent defensible approaches are welcome.","Answer only this case. Accept equivalent correct approaches and examples.
Correctness: Useful feedback names an observed strategy or action and a next step related to the goal.
Illustrative application (equivalent approaches accepted; only explicit question requirements are mandatory): Rewrite a generic praise sentence into a concrete example without inventing actual student performance.
Reject endorsement of: Fixed ability labels or praise unrelated to observed work.","[{""id"": ""C1"", ""criterion"": ""Case check 1"", ""points"": 20.0, ""description"": ""Content check (equivalent correct explanations/examples accepted; the anchor example is not mandatory): Useful feedback names an observed strategy or action and a next step related to the goal."", ""critical"": true}, {""id"": ""C2"", ""criterion"": ""Case check 2"", ""points"": 20.0, ""description"": ""Provides a feasible, correct response to the actual user request. The following is an illustrative teaching approach, not a mandatory example, material, numeric value or fixed sequence unless explicitly requested in the question: Rewrite a generic praise sentence into a concrete example without inventing actual student performance. Accept other approaches that meet the same stated objective; do not deduct merely for not reproducing this illustration."", ""critical"": false}, {""id"": ""C3"", ""criterion"": ""Case check 3"", ""points"": 20.0, ""description"": ""The response gives an observable way to check the explanation or next teaching action for this specific case; a check for an unrelated topic does not meet this requirement."", ""critical"": false}, {""id"": ""C4"", ""criterion"": ""Case check 4"", ""points"": 20.0, ""description"": ""The response addresses this case using the supplied facts and labels material assumptions or hypothetical examples when it introduces them. Do not require invented assumptions or a boilerplate disclaimer when none is needed; irrelevant or empty responses fail."", ""critical"": false}, {""id"": ""C5"", ""criterion"": ""Case check 5"", ""points"": 20.0, ""description"": ""Critical-error check: the response substantively addresses this case and does not endorse the following error; an irrelevant, empty or purely evasive response fails this criterion: Fixed ability labels or praise unrelated to observed work."", ""critical"": true}]",elementary
lesson-builder__cn51_06,lesson-builder,Teaching Material Generation,Science,Primary; grade unspecified,medium,A primary science teacher asks about one assessment difficulty. Use only the resources and project duration stated in this question.,"There are a few students in my class with very weak foundations. They are at the bottom in every assessment and lose confidence more and more. How can I design assessments to protect their motivation?
Provide a concrete response to this case and a brief rationale. Include a feasible way to check the proposed learning or teaching action. State material assumptions. Hypothetical examples are allowed; do not claim unseen classroom outcomes. Equivalent defensible approaches are welcome.","Answer only this case. Accept equivalent correct approaches and examples.
Correctness: Maintain accessible core goals while using scaffolds and individual progress evidence to support students who struggle.
Illustrative application (equivalent approaches accepted; only explicit question requirements are mandatory): Offer a small achievable next step, a supported retry and private progress feedback.
Reject endorsement of: Fabricating full marks or repeatedly ranking the same students last.","[{""id"": ""C1"", ""criterion"": ""Case check 1"", ""points"": 20.0, ""description"": ""Content check (equivalent correct explanations/examples accepted; the anchor example is not mandatory): Maintain accessible core goals while using scaffolds and individual progress evidence to support students who struggle."", ""critical"": true}, {""id"": ""C2"", ""criterion"": ""Case check 2"", ""points"": 20.0, ""description"": ""Provides a feasible, correct response to the actual user request. The following is an illustrative teaching approach, not a mandatory example, material, numeric value or fixed sequence unless explicitly requested in the question: Offer a small achievable next step, a supported retry and private progress feedback. Accept other approaches that meet the same stated objective; do not deduct merely for not reproducing this illustration."", ""critical"": false}, {""id"": ""C3"", ""criterion"": ""Case check 3"", ""points"": 20.0, ""description"": ""The response gives an observable way to check the explanation or next teaching action for this specific case; a check for an unrelated topic does not meet this requirement."", ""critical"": false}, {""id"": ""C4"", ""criterion"": ""Case check 4"", ""points"": 20.0, ""description"": ""The response addresses this case using the supplied facts and labels material assumptions or hypothetical examples when it introduces them. Do not require invented assumptions or a boilerplate disclaimer when none is needed; irrelevant or empty responses fail."", ""critical"": false}, {""id"": ""C5"", ""criterion"": ""Case check 5"", ""points"": 20.0, ""description"": ""Critical-error check: the response substantively addresses this case and does not endorse the following error; an irrelevant, empty or purely evasive response fails this criterion: Fabricating full marks or repeatedly ranking the same students last."", ""critical"": true}]",elementary
lesson-builder__cn51_07,lesson-builder,Teaching Material Generation,Science,Primary; grade unspecified,medium,A primary science teacher asks about one assessment difficulty. Use only the resources and project duration stated in this question.,"Every time after lab class, I have to grade dozens of record sheets, which takes more than two hours. Process-based assessment has actually increased my burden. How can I simplify it?
Provide a concrete response to this case and a brief rationale. Include a feasible way to check the proposed learning or teaching action. State material assumptions. Hypothetical examples are allowed; do not claim unseen classroom outcomes. Equivalent defensible approaches are welcome.","Answer only this case. Accept equivalent correct approaches and examples.
Correctness: Assessment workload can be reduced by focusing on a few important criteria and rotating observation rather than documenting everything every lesson.
Illustrative application (equivalent approaches accepted; only explicit question requirements are mandatory): Give a manageable sampling and self/peer-check routine with targeted teacher review and identify its coverage limits.
Reject endorsement of: Claiming unobserved pupils were assessed or adding a large daily documentation burden.","[{""id"": ""C1"", ""criterion"": ""Case check 1"", ""points"": 20.0, ""description"": ""Content check (equivalent correct explanations/examples accepted; the anchor example is not mandatory): Assessment workload can be reduced by focusing on a few important criteria and rotating observation rather than documenting everything every lesson."", ""critical"": true}, {""id"": ""C2"", ""criterion"": ""Case check 2"", ""points"": 20.0, ""description"": ""Provides a feasible, correct response to the actual user request. The following is an illustrative teaching approach, not a mandatory example, material, numeric value or fixed sequence unless explicitly requested in the question: Give a manageable sampling and self/peer-check routine with targeted teacher review and identify its coverage limits. Accept other approaches that meet the same stated objective; do not deduct merely for not reproducing this illustration."", ""critical"": false}, {""id"": ""C3"", ""criterion"": ""Case check 3"", ""points"": 20.0, ""description"": ""The response gives an observable way to check the explanation or next teaching action for this specific case; a check for an unrelated topic does not meet this requirement."", ""critical"": false}, {""id"": ""C4"", ""criterion"": ""Case check 4"", ""points"": 20.0, ""description"": ""The response addresses this case using the supplied facts and labels material assumptions or hypothetical examples when it introduces them. Do not require invented assumptions or a boilerplate disclaimer when none is needed; irrelevant or empty responses fail."", ""critical"": false}, {""id"": ""C5"", ""criterion"": ""Case check 5"", ""points"": 20.0, ""description"": ""Critical-error check: the response substantively addresses this case and does not endorse the following error; an irrelevant, empty or purely evasive response fails this criterion: Claiming unobserved pupils were assessed or adding a large daily documentation burden."", ""critical"": true}]",elementary
lesson-builder__cn51_08,lesson-builder,Teaching Material Generation,Science,Primary; grade unspecified,medium,A primary science teacher asks about one assessment difficulty. Use only the resources and project duration stated in this question.,"We are doing a ""Kuilong lantern making"" interdisciplinary project that lasts 4 weeks. How can I design process-based assessment that runs through the whole project, instead of only assessing the final work at the end?
Provide a concrete response to this case and a brief rationale. Include a feasible way to check the proposed learning or teaching action. State material assumptions. Hypothetical examples are allowed; do not claim unseen classroom outcomes. Equivalent defensible approaches are welcome.","Answer only this case. Accept equivalent correct approaches and examples.
Correctness: A four-week lantern project needs evidence at design, construction, testing and revision milestones, not just a final product score.
Illustrative application (equivalent approaches accepted; only explicit question requirements are mandatory): Provide four weekly checkpoints, an individual contribution record and a feasible revision opportunity.
Reject endorsement of: Returning a water-state experiment checklist without adapting it to the lantern project.","[{""id"": ""C1"", ""criterion"": ""Case check 1"", ""points"": 20.0, ""description"": ""Content check (equivalent correct explanations/examples accepted; the anchor example is not mandatory): A four-week lantern project needs evidence at design, construction, testing and revision milestones, not just a final product score."", ""critical"": true}, {""id"": ""C2"", ""criterion"": ""Case check 2"", ""points"": 20.0, ""description"": ""Provides a feasible, correct response to the actual user request. The following is an illustrative teaching approach, not a mandatory example, material, numeric value or fixed sequence unless explicitly requested in the question: Provide four weekly checkpoints, an individual contribution record and a feasible revision opportunity. Accept other approaches that meet the same stated objective; do not deduct merely for not reproducing this illustration."", ""critical"": false}, {""id"": ""C3"", ""criterion"": ""Case check 3"", ""points"": 20.0, ""description"": ""The response gives an observable way to check the explanation or next teaching action for this specific case; a check for an unrelated topic does not meet this requirement."", ""critical"": false}, {""id"": ""C4"", ""criterion"": ""Case check 4"", ""points"": 20.0, ""description"": ""The response addresses this case using the supplied facts and labels material assumptions or hypothetical examples when it introduces them. Do not require invented assumptions or a boilerplate disclaimer when none is needed; irrelevant or empty responses fail."", ""critical"": false}, {""id"": ""C5"", ""criterion"": ""Case check 5"", ""points"": 20.0, ""description"": ""Critical-error check: the response substantively addresses this case and does not endorse the following error; an irrelevant, empty or purely evasive response fails this criterion: Returning a water-state experiment checklist without adapting it to the lantern project."", ""critical"": true}]",elementary
lesson-builder__cn51_09,lesson-builder,Teaching Material Generation,Science,Primary; grade unspecified,medium,A primary science teacher asks about one assessment difficulty. Use only the resources and project duration stated in this question.,"Students hand in their record sheets as soon as they finish the experiment. They never check their own mistakes and don't improve. How can I use assessment to guide them to take the initiative to revise?
Provide a concrete response to this case and a brief rationale. Include a feasible way to check the proposed learning or teaching action. State material assumptions. Hypothetical examples are allowed; do not claim unseen classroom outcomes. Equivalent defensible approaches are welcome.","Answer only this case. Accept equivalent correct approaches and examples.
Correctness: Feedback becomes useful when students act on it and compare the revision with the original evidence.
Illustrative application (equivalent approaches accepted; only explicit question requirements are mandatory): Add a bounded identify-correct-explain-recheck cycle and a teacher or peer verification step.
Reject endorsement of: Collecting corrections without checking them or demanding endless retries.","[{""id"": ""C1"", ""criterion"": ""Case check 1"", ""points"": 20.0, ""description"": ""Content check (equivalent correct explanations/examples accepted; the anchor example is not mandatory): Feedback becomes useful when students act on it and compare the revision with the original evidence."", ""critical"": true}, {""id"": ""C2"", ""criterion"": ""Case check 2"", ""points"": 20.0, ""description"": ""Provides a feasible, correct response to the actual user request. The following is an illustrative teaching approach, not a mandatory example, material, numeric value or fixed sequence unless explicitly requested in the question: Add a bounded identify-correct-explain-recheck cycle and a teacher or peer verification step. Accept other approaches that meet the same stated objective; do not deduct merely for not reproducing this illustration."", ""critical"": false}, {""id"": ""C3"", ""criterion"": ""Case check 3"", ""points"": 20.0, ""description"": ""The response gives an observable way to check the explanation or next teaching action for this specific case; a check for an unrelated topic does not meet this requirement."", ""critical"": false}, {""id"": ""C4"", ""criterion"": ""Case check 4"", ""points"": 20.0, ""description"": ""The response addresses this case using the supplied facts and labels material assumptions or hypothetical examples when it introduces them. Do not require invented assumptions or a boilerplate disclaimer when none is needed; irrelevant or empty responses fail."", ""critical"": false}, {""id"": ""C5"", ""criterion"": ""Case check 5"", ""points"": 20.0, ""description"": ""Critical-error check: the response substantively addresses this case and does not endorse the following error; an irrelevant, empty or purely evasive response fails this criterion: Collecting corrections without checking them or demanding endless retries."", ""critical"": true}]",elementary
lesson-builder__cn51_10,lesson-builder,Teaching Material Generation,Science,Primary; grade unspecified,medium,A primary science teacher asks about one assessment difficulty. Use only the resources and project duration stated in this question.,"I want students to present their inquiry findings, but I'm afraid it will turn into a show only for the top students. How can I design presentation assessment so that every student gets a chance?
Provide a concrete response to this case and a brief rationale. Include a feasible way to check the proposed learning or teaching action. State material assumptions. Hypothetical examples are allowed; do not claim unseen classroom outcomes. Equivalent defensible approaches are welcome.","Answer only this case. Accept equivalent correct approaches and examples.
Correctness: Participation can use multiple accessible presentation formats and rotating responsibilities while retaining individual evidence of learning.
Illustrative application (equivalent approaches accepted; only explicit question requirements are mandatory): Give a schedule, shared criteria and a way for each student to contribute without making polished public speaking the only route.
Reject endorsement of: Selecting only top performers or equating group quality with every member's learning.","[{""id"": ""C1"", ""criterion"": ""Case check 1"", ""points"": 20.0, ""description"": ""Content check (equivalent correct explanations/examples accepted; the anchor example is not mandatory): Participation can use multiple accessible presentation formats and rotating responsibilities while retaining individual evidence of learning."", ""critical"": true}, {""id"": ""C2"", ""criterion"": ""Case check 2"", ""points"": 20.0, ""description"": ""Provides a feasible, correct response to the actual user request. The following is an illustrative teaching approach, not a mandatory example, material, numeric value or fixed sequence unless explicitly requested in the question: Give a schedule, shared criteria and a way for each student to contribute without making polished public speaking the only route. Accept other approaches that meet the same stated objective; do not deduct merely for not reproducing this illustration."", ""critical"": false}, {""id"": ""C3"", ""criterion"": ""Case check 3"", ""points"": 20.0, ""description"": ""The response gives an observable way to check the explanation or next teaching action for this specific case; a check for an unrelated topic does not meet this requirement."", ""critical"": false}, {""id"": ""C4"", ""criterion"": ""Case check 4"", ""points"": 20.0, ""description"": ""The response addresses this case using the supplied facts and labels material assumptions or hypothetical examples when it introduces them. Do not require invented assumptions or a boilerplate disclaimer when none is needed; irrelevant or empty responses fail."", ""critical"": false}, {""id"": ""C5"", ""criterion"": ""Case check 5"", ""points"": 20.0, ""description"": ""Critical-error check: the response substantively addresses this case and does not endorse the following error; an irrelevant, empty or purely evasive response fails this criterion: Selecting only top performers or equating group quality with every member's learning."", ""critical"": true}]",elementary
project-brief-designer__cn52_01,project-brief-designer,Teaching Material Generation,Science,Grade 3 (primary),medium,A Grade 3 teacher works in a rural school with limited resources. Any additional project constraints must be stated as assumptions.,"I am a Chinese language teacher at a rural primary school and also teach science. I have no laboratory, no equipment, and no funding. How can I design a localized science project that third graders can do?
Provide a concrete response to this case and a brief rationale. Include a feasible way to check the proposed learning or teaching action. State material assumptions. Hypothetical examples are allowed; do not claim unseen classroom outcomes. Equivalent defensible approaches are welcome.","Answer only this case. Accept equivalent correct approaches and examples.
Correctness: A low-resource project can use safe accessible observations with a clear question.
Illustrative application (equivalent approaches accepted; only explicit question requirements are mandatory): Propose a third-grade campus observation project with a paper record, a feasible product and no required purchases.
Reject endorsement of: Requiring unavailable laboratory equipment or claiming no preparation is needed.","[{""id"": ""C1"", ""criterion"": ""Case check 1"", ""points"": 20.0, ""description"": ""Content check (equivalent correct explanations/examples accepted; the anchor example is not mandatory): A low-resource project can use safe accessible observations with a clear question."", ""critical"": true}, {""id"": ""C2"", ""criterion"": ""Case check 2"", ""points"": 20.0, ""description"": ""Provides a feasible, correct response to the actual user request. The following is an illustrative teaching approach, not a mandatory example, material, numeric value or fixed sequence unless explicitly requested in the question: Propose a third-grade campus observation project with a paper record, a feasible product and no required purchases. Accept other approaches that meet the same stated objective; do not deduct merely for not reproducing this illustration."", ""critical"": false}, {""id"": ""C3"", ""criterion"": ""Case check 3"", ""points"": 20.0, ""description"": ""The response gives an observable way to check the explanation or next teaching action for this specific case; a check for an unrelated topic does not meet this requirement."", ""critical"": false}, {""id"": ""C4"", ""criterion"": ""Case check 4"", ""points"": 20.0, ""description"": ""The response addresses this case using the supplied facts and labels material assumptions or hypothetical examples when it introduces them. Do not require invented assumptions or a boilerplate disclaimer when none is needed; irrelevant or empty responses fail."", ""critical"": false}, {""id"": ""C5"", ""criterion"": ""Case check 5"", ""points"": 20.0, ""description"": ""Critical-error check: the response substantively addresses this case and does not endorse the following error; an irrelevant, empty or purely evasive response fails this criterion: Requiring unavailable laboratory equipment or claiming no preparation is needed."", ""critical"": true}]",elementary
project-brief-designer__cn52_02,project-brief-designer,Teaching Material Generation,Science,Grade 3 (primary),medium,A Grade 3 teacher works in a rural school with limited resources. Any additional project constraints must be stated as assumptions.,"The students in my class have never done project-based learning. When I say ""do a project,"" they look completely lost and do not know what to do. How can I guide them into inquiry?
Provide a concrete response to this case and a brief rationale. Include a feasible way to check the proposed learning or teaching action. State material assumptions. Hypothetical examples are allowed; do not claim unseen classroom outcomes. Equivalent defensible approaches are welcome.","Answer only this case. Accept equivalent correct approaches and examples.
Correctness: Novices need a bounded question and a modeled first inquiry step.
Illustrative application (equivalent approaches accepted; only explicit question requirements are mandatory): Demonstrate one observation, let students choose a small question and provide a milestone check.
Reject endorsement of: Giving an undefined project and expecting independent planning immediately.","[{""id"": ""C1"", ""criterion"": ""Case check 1"", ""points"": 20.0, ""description"": ""Content check (equivalent correct explanations/examples accepted; the anchor example is not mandatory): Novices need a bounded question and a modeled first inquiry step."", ""critical"": true}, {""id"": ""C2"", ""criterion"": ""Case check 2"", ""points"": 20.0, ""description"": ""Provides a feasible, correct response to the actual user request. The following is an illustrative teaching approach, not a mandatory example, material, numeric value or fixed sequence unless explicitly requested in the question: Demonstrate one observation, let students choose a small question and provide a milestone check. Accept other approaches that meet the same stated objective; do not deduct merely for not reproducing this illustration."", ""critical"": false}, {""id"": ""C3"", ""criterion"": ""Case check 3"", ""points"": 20.0, ""description"": ""The response gives an observable way to check the explanation or next teaching action for this specific case; a check for an unrelated topic does not meet this requirement."", ""critical"": false}, {""id"": ""C4"", ""criterion"": ""Case check 4"", ""points"": 20.0, ""description"": ""The response addresses this case using the supplied facts and labels material assumptions or hypothetical examples when it introduces them. Do not require invented assumptions or a boilerplate disclaimer when none is needed; irrelevant or empty responses fail."", ""critical"": false}, {""id"": ""C5"", ""criterion"": ""Case check 5"", ""points"": 20.0, ""description"": ""Critical-error check: the response substantively addresses this case and does not endorse the following error; an irrelevant, empty or purely evasive response fails this criterion: Giving an undefined project and expecting independent planning immediately."", ""critical"": true}]",elementary
project-brief-designer__cn52_03,project-brief-designer,Teaching Material Generation,Science,Grade 3 (primary),medium,A Grade 3 teacher works in a rural school with limited resources. Any additional project constraints must be stated as assumptions.,"Students throw away what they make as soon as they finish, and they lose their recording sheets after writing on them. After a whole project, no materials are left. How can I help them develop the habit of recording and keeping their work?
Provide a concrete response to this case and a brief rationale. Include a feasible way to check the proposed learning or teaching action. State material assumptions. Hypothetical examples are allowed; do not claim unseen classroom outcomes. Equivalent defensible approaches are welcome.","Answer only this case. Accept equivalent correct approaches and examples.
Correctness: Records need a purpose and a simple storage routine.
Illustrative application (equivalent approaches accepted; only explicit question requirements are mandatory): Use dated labelled sheets or a shared folder, capture one change and connect the record to the final explanation.
Reject endorsement of: Collecting large amounts of documentation that are never used.","[{""id"": ""C1"", ""criterion"": ""Case check 1"", ""points"": 20.0, ""description"": ""Content check (equivalent correct explanations/examples accepted; the anchor example is not mandatory): Records need a purpose and a simple storage routine."", ""critical"": true}, {""id"": ""C2"", ""criterion"": ""Case check 2"", ""points"": 20.0, ""description"": ""Provides a feasible, correct response to the actual user request. The following is an illustrative teaching approach, not a mandatory example, material, numeric value or fixed sequence unless explicitly requested in the question: Use dated labelled sheets or a shared folder, capture one change and connect the record to the final explanation. Accept other approaches that meet the same stated objective; do not deduct merely for not reproducing this illustration."", ""critical"": false}, {""id"": ""C3"", ""criterion"": ""Case check 3"", ""points"": 20.0, ""description"": ""The response gives an observable way to check the explanation or next teaching action for this specific case; a check for an unrelated topic does not meet this requirement."", ""critical"": false}, {""id"": ""C4"", ""criterion"": ""Case check 4"", ""points"": 20.0, ""description"": ""The response addresses this case using the supplied facts and labels material assumptions or hypothetical examples when it introduces them. Do not require invented assumptions or a boilerplate disclaimer when none is needed; irrelevant or empty responses fail."", ""critical"": false}, {""id"": ""C5"", ""criterion"": ""Case check 5"", ""points"": 20.0, ""description"": ""Critical-error check: the response substantively addresses this case and does not endorse the following error; an irrelevant, empty or purely evasive response fails this criterion: Collecting large amounts of documentation that are never used."", ""critical"": true}]",elementary
project-brief-designer__cn52_04,project-brief-designer,Teaching Material Generation,Science,Grade 3 (primary),medium,A Grade 3 teacher works in a rural school with limited resources. Any additional project constraints must be stated as assumptions.,"My class has 45 students and can only be divided into 11 groups. How should I assign roles so that every student has something to do and no one becomes a bystander?
Provide a concrete response to this case and a brief rationale. Include a feasible way to check the proposed learning or teaching action. State material assumptions. Hypothetical examples are allowed; do not claim unseen classroom outcomes. Equivalent defensible approaches are welcome.","Answer only this case. Accept equivalent correct approaches and examples.
Correctness: Forty-five pupils in eleven groups can be ten groups of four and one group of five.
Illustrative application (equivalent approaches accepted; only explicit question requirements are mandatory): Give four core roles plus a meaningful fifth verifier/timekeeper role and rotate contributions.
Reject endorsement of: Leaving the forty-fifth student without a role or stating eleven equal groups of four.","[{""id"": ""C1"", ""criterion"": ""Case check 1"", ""points"": 20.0, ""description"": ""Content check (equivalent correct explanations/examples accepted; the anchor example is not mandatory): Forty-five pupils in eleven groups can be ten groups of four and one group of five."", ""critical"": true}, {""id"": ""C2"", ""criterion"": ""Case check 2"", ""points"": 20.0, ""description"": ""Provides a feasible, correct response to the actual user request. The following is an illustrative teaching approach, not a mandatory example, material, numeric value or fixed sequence unless explicitly requested in the question: Give four core roles plus a meaningful fifth verifier/timekeeper role and rotate contributions. Accept other approaches that meet the same stated objective; do not deduct merely for not reproducing this illustration."", ""critical"": false}, {""id"": ""C3"", ""criterion"": ""Case check 3"", ""points"": 20.0, ""description"": ""The response gives an observable way to check the explanation or next teaching action for this specific case; a check for an unrelated topic does not meet this requirement."", ""critical"": false}, {""id"": ""C4"", ""criterion"": ""Case check 4"", ""points"": 20.0, ""description"": ""The response addresses this case using the supplied facts and labels material assumptions or hypothetical examples when it introduces them. Do not require invented assumptions or a boilerplate disclaimer when none is needed; irrelevant or empty responses fail."", ""critical"": false}, {""id"": ""C5"", ""criterion"": ""Case check 5"", ""points"": 20.0, ""description"": ""Critical-error check: the response substantively addresses this case and does not endorse the following error; an irrelevant, empty or purely evasive response fails this criterion: Leaving the forty-fifth student without a role or stating eleven equal groups of four."", ""critical"": true}]",elementary
project-brief-designer__cn52_05,project-brief-designer,Teaching Material Generation,Science,Grade 3 (primary),medium,A Grade 3 teacher works in a rural school with limited resources. Any additional project constraints must be stated as assumptions.,"The school does not allow us to take students outside casually. How can I use the flowers, plants, trees, soil, and stones on campus to design a deep inquiry project?
Provide a concrete response to this case and a brief rationale. Include a feasible way to check the proposed learning or teaching action. State material assumptions. Hypothetical examples are allowed; do not claim unseen classroom outcomes. Equivalent defensible approaches are welcome.","Answer only this case. Accept equivalent correct approaches and examples.
Correctness: A campus inquiry needs a bounded comparison and minimal disturbance.
Illustrative application (equivalent approaches accepted; only explicit question requirements are mandatory): Compare safe observable plant/soil features with repeatable records and a clear question, without leaving campus.
Reject endorsement of: Requiring off-campus travel or destructive collection.","[{""id"": ""C1"", ""criterion"": ""Case check 1"", ""points"": 20.0, ""description"": ""Content check (equivalent correct explanations/examples accepted; the anchor example is not mandatory): A campus inquiry needs a bounded comparison and minimal disturbance."", ""critical"": true}, {""id"": ""C2"", ""criterion"": ""Case check 2"", ""points"": 20.0, ""description"": ""Provides a feasible, correct response to the actual user request. The following is an illustrative teaching approach, not a mandatory example, material, numeric value or fixed sequence unless explicitly requested in the question: Compare safe observable plant/soil features with repeatable records and a clear question, without leaving campus. Accept other approaches that meet the same stated objective; do not deduct merely for not reproducing this illustration."", ""critical"": false}, {""id"": ""C3"", ""criterion"": ""Case check 3"", ""points"": 20.0, ""description"": ""The response gives an observable way to check the explanation or next teaching action for this specific case; a check for an unrelated topic does not meet this requirement."", ""critical"": false}, {""id"": ""C4"", ""criterion"": ""Case check 4"", ""points"": 20.0, ""description"": ""The response addresses this case using the supplied facts and labels material assumptions or hypothetical examples when it introduces them. Do not require invented assumptions or a boilerplate disclaimer when none is needed; irrelevant or empty responses fail."", ""critical"": false}, {""id"": ""C5"", ""criterion"": ""Case check 5"", ""points"": 20.0, ""description"": ""Critical-error check: the response substantively addresses this case and does not endorse the following error; an irrelevant, empty or purely evasive response fails this criterion: Requiring off-campus travel or destructive collection."", ""critical"": true}]",elementary
project-brief-designer__cn52_06,project-brief-designer,Teaching Material Generation,Science,Grade 3 (primary),medium,A Grade 3 teacher works in a rural school with limited resources. Any additional project constraints must be stated as assumptions.,"I want to do a ""Soil of My Hometown"" project, but I don't know how to break the big project into small tasks that can be completed in one class period. Can you help me break it down?
Provide a concrete response to this case and a brief rationale. Include a feasible way to check the proposed learning or teaching action. State material assumptions. Hypothetical examples are allowed; do not claim unseen classroom outcomes. Equivalent defensible approaches are welcome.","Answer only this case. Accept equivalent correct approaches and examples.
Correctness: A soil project can be divided into question, safe observation, comparison and explanation.
Illustrative application (equivalent approaches accepted; only explicit question requirements are mandatory): Provide class-sized milestones with records and a final evidence-based comparison.
Reject endorsement of: Treating visual soil differences as a complete chemical analysis.","[{""id"": ""C1"", ""criterion"": ""Case check 1"", ""points"": 20.0, ""description"": ""Content check (equivalent correct explanations/examples accepted; the anchor example is not mandatory): A soil project can be divided into question, safe observation, comparison and explanation."", ""critical"": true}, {""id"": ""C2"", ""criterion"": ""Case check 2"", ""points"": 20.0, ""description"": ""Provides a feasible, correct response to the actual user request. The following is an illustrative teaching approach, not a mandatory example, material, numeric value or fixed sequence unless explicitly requested in the question: Provide class-sized milestones with records and a final evidence-based comparison. Accept other approaches that meet the same stated objective; do not deduct merely for not reproducing this illustration."", ""critical"": false}, {""id"": ""C3"", ""criterion"": ""Case check 3"", ""points"": 20.0, ""description"": ""The response gives an observable way to check the explanation or next teaching action for this specific case; a check for an unrelated topic does not meet this requirement."", ""critical"": false}, {""id"": ""C4"", ""criterion"": ""Case check 4"", ""points"": 20.0, ""description"": ""The response addresses this case using the supplied facts and labels material assumptions or hypothetical examples when it introduces them. Do not require invented assumptions or a boilerplate disclaimer when none is needed; irrelevant or empty responses fail."", ""critical"": false}, {""id"": ""C5"", ""criterion"": ""Case check 5"", ""points"": 20.0, ""description"": ""Critical-error check: the response substantively addresses this case and does not endorse the following error; an irrelevant, empty or purely evasive response fails this criterion: Treating visual soil differences as a complete chemical analysis."", ""critical"": true}]",elementary
project-brief-designer__cn52_07,project-brief-designer,Teaching Material Generation,Science,Grade 3 (primary),medium,A Grade 3 teacher works in a rural school with limited resources. Any additional project constraints must be stated as assumptions.,"Some groups work fast and some work slowly. If I strictly enforce the scheduled class time, the slow groups cannot finish; if I wait for them, the fast groups have nothing to do. How can I manage time flexibly?
Provide a concrete response to this case and a brief rationale. Include a feasible way to check the proposed learning or teaching action. State material assumptions. Hypothetical examples are allowed; do not claim unseen classroom outcomes. Equivalent defensible approaches are welcome.","Answer only this case. Accept equivalent correct approaches and examples.
Correctness: Different work rates need an essential checkpoint plus extensions.
Illustrative application (equivalent approaches accepted; only explicit question requirements are mandatory): Set a minimum evidence target, offer early finishers a deeper comparison and provide a bounded continuation path.
Reject endorsement of: Keeping everyone idle or penalizing all slow groups automatically.","[{""id"": ""C1"", ""criterion"": ""Case check 1"", ""points"": 20.0, ""description"": ""Content check (equivalent correct explanations/examples accepted; the anchor example is not mandatory): Different work rates need an essential checkpoint plus extensions."", ""critical"": true}, {""id"": ""C2"", ""criterion"": ""Case check 2"", ""points"": 20.0, ""description"": ""Provides a feasible, correct response to the actual user request. The following is an illustrative teaching approach, not a mandatory example, material, numeric value or fixed sequence unless explicitly requested in the question: Set a minimum evidence target, offer early finishers a deeper comparison and provide a bounded continuation path. Accept other approaches that meet the same stated objective; do not deduct merely for not reproducing this illustration."", ""critical"": false}, {""id"": ""C3"", ""criterion"": ""Case check 3"", ""points"": 20.0, ""description"": ""The response gives an observable way to check the explanation or next teaching action for this specific case; a check for an unrelated topic does not meet this requirement."", ""critical"": false}, {""id"": ""C4"", ""criterion"": ""Case check 4"", ""points"": 20.0, ""description"": ""The response addresses this case using the supplied facts and labels material assumptions or hypothetical examples when it introduces them. Do not require invented assumptions or a boilerplate disclaimer when none is needed; irrelevant or empty responses fail."", ""critical"": false}, {""id"": ""C5"", ""criterion"": ""Case check 5"", ""points"": 20.0, ""description"": ""Critical-error check: the response substantively addresses this case and does not endorse the following error; an irrelevant, empty or purely evasive response fails this criterion: Keeping everyone idle or penalizing all slow groups automatically."", ""critical"": true}]",elementary
project-brief-designer__cn52_08,project-brief-designer,Teaching Material Generation,Science,Grade 3 (primary),medium,A Grade 3 teacher works in a rural school with limited resources. Any additional project constraints must be stated as assumptions.,"The project works students make are left in a corner after they finish, with no sense of value. How can I make their outcomes have real meaning and use?
Provide a concrete response to this case and a brief rationale. Include a feasible way to check the proposed learning or teaching action. State material assumptions. Hypothetical examples are allowed; do not claim unseen classroom outcomes. Equivalent defensible approaches are welcome.","Answer only this case. Accept equivalent correct approaches and examples.
Correctness: A useful audience or application gives the product a purpose.
Illustrative application (equivalent approaches accepted; only explicit question requirements are mandatory): Connect a feasible project outcome to a class display, school decision or guide with an accuracy check.
Reject endorsement of: Claiming real-world impact without use or feedback evidence.","[{""id"": ""C1"", ""criterion"": ""Case check 1"", ""points"": 20.0, ""description"": ""Content check (equivalent correct explanations/examples accepted; the anchor example is not mandatory): A useful audience or application gives the product a purpose."", ""critical"": true}, {""id"": ""C2"", ""criterion"": ""Case check 2"", ""points"": 20.0, ""description"": ""Provides a feasible, correct response to the actual user request. The following is an illustrative teaching approach, not a mandatory example, material, numeric value or fixed sequence unless explicitly requested in the question: Connect a feasible project outcome to a class display, school decision or guide with an accuracy check. Accept other approaches that meet the same stated objective; do not deduct merely for not reproducing this illustration."", ""critical"": false}, {""id"": ""C3"", ""criterion"": ""Case check 3"", ""points"": 20.0, ""description"": ""The response gives an observable way to check the explanation or next teaching action for this specific case; a check for an unrelated topic does not meet this requirement."", ""critical"": false}, {""id"": ""C4"", ""criterion"": ""Case check 4"", ""points"": 20.0, ""description"": ""The response addresses this case using the supplied facts and labels material assumptions or hypothetical examples when it introduces them. Do not require invented assumptions or a boilerplate disclaimer when none is needed; irrelevant or empty responses fail."", ""critical"": false}, {""id"": ""C5"", ""criterion"": ""Case check 5"", ""points"": 20.0, ""description"": ""Critical-error check: the response substantively addresses this case and does not endorse the following error; an irrelevant, empty or purely evasive response fails this criterion: Claiming real-world impact without use or feedback evidence."", ""critical"": true}]",elementary
project-brief-designer__cn52_09,project-brief-designer,Teaching Material Generation,Science,Grade 3 (primary),medium,A Grade 3 teacher works in a rural school with limited resources. Any additional project constraints must be stated as assumptions.,"The children in our village have weak hands-on skills. They cannot draw design sketches, cannot use scissors or glue, and cannot take measurements. How can I lower the hands-on barrier of the project?
Provide a concrete response to this case and a brief rationale. Include a feasible way to check the proposed learning or teaching action. State material assumptions. Hypothetical examples are allowed; do not claim unseen classroom outcomes. Equivalent defensible approaches are welcome.","Answer only this case. Accept equivalent correct approaches and examples.
Correctness: Lowering the access barrier should preserve the intellectual goal.
Illustrative application (equivalent approaches accepted; only explicit question requirements are mandatory): Provide templates, pre-cut safe materials or partner support and gradually fade support.
Reject endorsement of: Removing all student decisions or requiring unpracticed tool use.","[{""id"": ""C1"", ""criterion"": ""Case check 1"", ""points"": 20.0, ""description"": ""Content check (equivalent correct explanations/examples accepted; the anchor example is not mandatory): Lowering the access barrier should preserve the intellectual goal."", ""critical"": true}, {""id"": ""C2"", ""criterion"": ""Case check 2"", ""points"": 20.0, ""description"": ""Provides a feasible, correct response to the actual user request. The following is an illustrative teaching approach, not a mandatory example, material, numeric value or fixed sequence unless explicitly requested in the question: Provide templates, pre-cut safe materials or partner support and gradually fade support. Accept other approaches that meet the same stated objective; do not deduct merely for not reproducing this illustration."", ""critical"": false}, {""id"": ""C3"", ""criterion"": ""Case check 3"", ""points"": 20.0, ""description"": ""The response gives an observable way to check the explanation or next teaching action for this specific case; a check for an unrelated topic does not meet this requirement."", ""critical"": false}, {""id"": ""C4"", ""criterion"": ""Case check 4"", ""points"": 20.0, ""description"": ""The response addresses this case using the supplied facts and labels material assumptions or hypothetical examples when it introduces them. Do not require invented assumptions or a boilerplate disclaimer when none is needed; irrelevant or empty responses fail."", ""critical"": false}, {""id"": ""C5"", ""criterion"": ""Case check 5"", ""points"": 20.0, ""description"": ""Critical-error check: the response substantively addresses this case and does not endorse the following error; an irrelevant, empty or purely evasive response fails this criterion: Removing all student decisions or requiring unpracticed tool use."", ""critical"": true}]",elementary
project-brief-designer__cn52_10,project-brief-designer,Teaching Material Generation,Science,Grade 3 (primary),medium,A Grade 3 teacher works in a rural school with limited resources. Any additional project constraints must be stated as assumptions.,"In the past, I evaluated projects only by whether the final work looked good. Now I want to do process-based assessment, but I don't know how to design it. Can you give me the simplest possible plan?
Provide a concrete response to this case and a brief rationale. Include a feasible way to check the proposed learning or teaching action. State material assumptions. Hypothetical examples are allowed; do not claim unseen classroom outcomes. Equivalent defensible approaches are welcome.","Answer only this case. Accept equivalent correct approaches and examples.
Correctness: A simple process assessment can follow planning, evidence and revision.
Illustrative application (equivalent approaches accepted; only explicit question requirements are mandatory): Give a three-part checklist with one concrete observation per part and a feedback/retry opportunity.
Reject endorsement of: Scoring only decoration or claiming a checklist proves long-term growth.","[{""id"": ""C1"", ""criterion"": ""Case check 1"", ""points"": 20.0, ""description"": ""Content check (equivalent correct explanations/examples accepted; the anchor example is not mandatory): A simple process assessment can follow planning, evidence and revision."", ""critical"": true}, {""id"": ""C2"", ""criterion"": ""Case check 2"", ""points"": 20.0, ""description"": ""Provides a feasible, correct response to the actual user request. The following is an illustrative teaching approach, not a mandatory example, material, numeric value or fixed sequence unless explicitly requested in the question: Give a three-part checklist with one concrete observation per part and a feedback/retry opportunity. Accept other approaches that meet the same stated objective; do not deduct merely for not reproducing this illustration."", ""critical"": false}, {""id"": ""C3"", ""criterion"": ""Case check 3"", ""points"": 20.0, ""description"": ""The response gives an observable way to check the explanation or next teaching action for this specific case; a check for an unrelated topic does not meet this requirement."", ""critical"": false}, {""id"": ""C4"", ""criterion"": ""Case check 4"", ""points"": 20.0, ""description"": ""The response addresses this case using the supplied facts and labels material assumptions or hypothetical examples when it introduces them. Do not require invented assumptions or a boilerplate disclaimer when none is needed; irrelevant or empty responses fail."", ""critical"": false}, {""id"": ""C5"", ""criterion"": ""Case check 5"", ""points"": 20.0, ""description"": ""Critical-error check: the response substantively addresses this case and does not endorse the following error; an irrelevant, empty or purely evasive response fails this criterion: Scoring only decoration or claiming a checklist proves long-term growth."", ""critical"": true}]",elementary
adaptive-hint-sequence-designer__cn53_01,adaptive-hint-sequence-designer,Teaching Material Generation,Science,Grade 1 (primary),medium,"A primary teacher wants contingent support that helps a pupil resume practical work. Use the particular material, difficulty and grade described in the question.","In first grade, during the ""colorful paper chain"" craft, a student doesn't know how to cut a straight line with scissors; the cut goes crooked as soon as he cuts. He hands me the scissors directly and says, ""Teacher, you cut it for me."" How should I guide him to complete it himself?
Provide a concrete response to this case and a brief rationale. Include a feasible way to check the proposed learning or teaching action. State material assumptions. Hypothetical examples are allowed; do not claim unseen classroom outcomes. Equivalent defensible approaches are welcome.","Answer only this case. Accept equivalent correct approaches and examples.
Correctness: A child can retain agency while receiving a smaller cutting task and a model.
Illustrative application (equivalent approaches accepted; only explicit question requirements are mandatory): Offer a visible guide and short supported attempt with suitable scissors and supervision, then fade help.
Reject endorsement of: Completing the entire craft for the pupil or withholding help regardless of distress.","[{""id"": ""C1"", ""criterion"": ""Case check 1"", ""points"": 20.0, ""description"": ""Content check (equivalent correct explanations/examples accepted; the anchor example is not mandatory): A child can retain agency while receiving a smaller cutting task and a model."", ""critical"": true}, {""id"": ""C2"", ""criterion"": ""Case check 2"", ""points"": 20.0, ""description"": ""Provides a feasible, correct response to the actual user request. The following is an illustrative teaching approach, not a mandatory example, material, numeric value or fixed sequence unless explicitly requested in the question: Offer a visible guide and short supported attempt with suitable scissors and supervision, then fade help. Accept other approaches that meet the same stated objective; do not deduct merely for not reproducing this illustration."", ""critical"": false}, {""id"": ""C3"", ""criterion"": ""Case check 3"", ""points"": 20.0, ""description"": ""The response gives an observable way to check the explanation or next teaching action for this specific case; a check for an unrelated topic does not meet this requirement."", ""critical"": false}, {""id"": ""C4"", ""criterion"": ""Case check 4"", ""points"": 20.0, ""description"": ""The response addresses this case using the supplied facts and labels material assumptions or hypothetical examples when it introduces them. Do not require invented assumptions or a boilerplate disclaimer when none is needed; irrelevant or empty responses fail."", ""critical"": false}, {""id"": ""C5"", ""criterion"": ""Case check 5"", ""points"": 20.0, ""description"": ""Critical-error check: the response substantively addresses this case and does not endorse the following error; an irrelevant, empty or purely evasive response fails this criterion: Completing the entire craft for the pupil or withholding help regardless of distress."", ""critical"": true}]",elementary
adaptive-hint-sequence-designer__cn53_02,adaptive-hint-sequence-designer,Teaching Material Generation,Science,Grade 3 (primary),medium,"A primary teacher wants contingent support that helps a pupil resume practical work. Use the particular material, difficulty and grade described in the question.","In the third-grade ""Light the Bulb"" experiment, after a student connects the circuit, the bulb doesn't light. He immediately raises his hand and shouts, ""Teacher, I can't do it,"" and waits for me to help him connect it. How should I guide him to troubleshoot the problem himself?
Provide a concrete response to this case and a brief rationale. Include a feasible way to check the proposed learning or teaching action. State material assumptions. Hypothetical examples are allowed; do not claim unseen classroom outcomes. Equivalent defensible approaches are welcome.","Answer only this case. Accept equivalent correct approaches and examples.
Correctness: Troubleshooting a low-voltage circuit should isolate one possible fault at a time.
Illustrative application (equivalent approaches accepted; only explicit question requirements are mandatory): Ask the pupil to trace the closed path, inspect contacts and test one component, escalating hints only when needed.
Reject endorsement of: Rewiring everything for the pupil or allowing short circuits.","[{""id"": ""C1"", ""criterion"": ""Case check 1"", ""points"": 20.0, ""description"": ""Content check (equivalent correct explanations/examples accepted; the anchor example is not mandatory): Troubleshooting a low-voltage circuit should isolate one possible fault at a time."", ""critical"": true}, {""id"": ""C2"", ""criterion"": ""Case check 2"", ""points"": 20.0, ""description"": ""Provides a feasible, correct response to the actual user request. The following is an illustrative teaching approach, not a mandatory example, material, numeric value or fixed sequence unless explicitly requested in the question: Ask the pupil to trace the closed path, inspect contacts and test one component, escalating hints only when needed. Accept other approaches that meet the same stated objective; do not deduct merely for not reproducing this illustration."", ""critical"": false}, {""id"": ""C3"", ""criterion"": ""Case check 3"", ""points"": 20.0, ""description"": ""The response gives an observable way to check the explanation or next teaching action for this specific case; a check for an unrelated topic does not meet this requirement."", ""critical"": false}, {""id"": ""C4"", ""criterion"": ""Case check 4"", ""points"": 20.0, ""description"": ""The response addresses this case using the supplied facts and labels material assumptions or hypothetical examples when it introduces them. Do not require invented assumptions or a boilerplate disclaimer when none is needed; irrelevant or empty responses fail."", ""critical"": false}, {""id"": ""C5"", ""criterion"": ""Case check 5"", ""points"": 20.0, ""description"": ""Critical-error check: the response substantively addresses this case and does not endorse the following error; an irrelevant, empty or purely evasive response fails this criterion: Rewiring everything for the pupil or allowing short circuits."", ""critical"": true}]",elementary
adaptive-hint-sequence-designer__cn53_03,adaptive-hint-sequence-designer,Teaching Material Generation,Science,Grade 4 (primary),medium,"A primary teacher wants contingent support that helps a pupil resume practical work. Use the particular material, difficulty and grade described in the question.","In fourth grade, when building ""load-bearing paper bridges,"" a student's bridge collapses after holding only 1 coin. He says, ""The bridge I made is useless,"" pushes the materials aside, and doesn't want to try again. What should I do?
Provide a concrete response to this case and a brief rationale. Include a feasible way to check the proposed learning or teaching action. State material assumptions. Hypothetical examples are allowed; do not claim unseen classroom outcomes. Equivalent defensible approaches are welcome.","Answer only this case. Accept equivalent correct approaches and examples.
Correctness: A collapsed paper bridge provides evidence about the design, not the child's ability.
Illustrative application (equivalent approaches accepted; only explicit question requirements are mandatory): Acknowledge frustration, compare one structural change and retest under the same load conditions.
Reject endorsement of: Praising an untested improvement as definitely stronger or labelling the child incapable.","[{""id"": ""C1"", ""criterion"": ""Case check 1"", ""points"": 20.0, ""description"": ""Content check (equivalent correct explanations/examples accepted; the anchor example is not mandatory): A collapsed paper bridge provides evidence about the design, not the child's ability."", ""critical"": true}, {""id"": ""C2"", ""criterion"": ""Case check 2"", ""points"": 20.0, ""description"": ""Provides a feasible, correct response to the actual user request. The following is an illustrative teaching approach, not a mandatory example, material, numeric value or fixed sequence unless explicitly requested in the question: Acknowledge frustration, compare one structural change and retest under the same load conditions. Accept other approaches that meet the same stated objective; do not deduct merely for not reproducing this illustration."", ""critical"": false}, {""id"": ""C3"", ""criterion"": ""Case check 3"", ""points"": 20.0, ""description"": ""The response gives an observable way to check the explanation or next teaching action for this specific case; a check for an unrelated topic does not meet this requirement."", ""critical"": false}, {""id"": ""C4"", ""criterion"": ""Case check 4"", ""points"": 20.0, ""description"": ""The response addresses this case using the supplied facts and labels material assumptions or hypothetical examples when it introduces them. Do not require invented assumptions or a boilerplate disclaimer when none is needed; irrelevant or empty responses fail."", ""critical"": false}, {""id"": ""C5"", ""criterion"": ""Case check 5"", ""points"": 20.0, ""description"": ""Critical-error check: the response substantively addresses this case and does not endorse the following error; an irrelevant, empty or purely evasive response fails this criterion: Praising an untested improvement as definitely stronger or labelling the child incapable."", ""critical"": true}]",elementary
adaptive-hint-sequence-designer__cn53_04,adaptive-hint-sequence-designer,Teaching Material Generation,Science,Grade 2 (primary),medium,"A primary teacher wants contingent support that helps a pupil resume practical work. Use the particular material, difficulty and grade described in the question.","In the second-grade ""Measuring Desk Length"" activity, a student can never keep the soft ruler straight when measuring, so the readings are sometimes larger and sometimes smaller. How should I provide scaffolding instead of directly telling him how to measure?
Provide a concrete response to this case and a brief rationale. Include a feasible way to check the proposed learning or teaching action. State material assumptions. Hypothetical examples are allowed; do not claim unseen classroom outcomes. Equivalent defensible approaches are welcome.","Answer only this case. Accept equivalent correct approaches and examples.
Correctness: Measurement requires a straight aligned scale, a correct starting mark and consistent endpoint reading.
Illustrative application (equivalent approaches accepted; only explicit question requirements are mandatory): Prompt the child to compare alignments and choose a stabilizing method, then repeat a measurement.
Reject endorsement of: Giving a memorized length without correcting the measurement process.","[{""id"": ""C1"", ""criterion"": ""Case check 1"", ""points"": 20.0, ""description"": ""Content check (equivalent correct explanations/examples accepted; the anchor example is not mandatory): Measurement requires a straight aligned scale, a correct starting mark and consistent endpoint reading."", ""critical"": true}, {""id"": ""C2"", ""criterion"": ""Case check 2"", ""points"": 20.0, ""description"": ""Provides a feasible, correct response to the actual user request. The following is an illustrative teaching approach, not a mandatory example, material, numeric value or fixed sequence unless explicitly requested in the question: Prompt the child to compare alignments and choose a stabilizing method, then repeat a measurement. Accept other approaches that meet the same stated objective; do not deduct merely for not reproducing this illustration."", ""critical"": false}, {""id"": ""C3"", ""criterion"": ""Case check 3"", ""points"": 20.0, ""description"": ""The response gives an observable way to check the explanation or next teaching action for this specific case; a check for an unrelated topic does not meet this requirement."", ""critical"": false}, {""id"": ""C4"", ""criterion"": ""Case check 4"", ""points"": 20.0, ""description"": ""The response addresses this case using the supplied facts and labels material assumptions or hypothetical examples when it introduces them. Do not require invented assumptions or a boilerplate disclaimer when none is needed; irrelevant or empty responses fail."", ""critical"": false}, {""id"": ""C5"", ""criterion"": ""Case check 5"", ""points"": 20.0, ""description"": ""Critical-error check: the response substantively addresses this case and does not endorse the following error; an irrelevant, empty or purely evasive response fails this criterion: Giving a memorized length without correcting the measurement process."", ""critical"": true}]",elementary
adaptive-hint-sequence-designer__cn53_05,adaptive-hint-sequence-designer,Teaching Material Generation,Science,Grade 5 (primary),medium,"A primary teacher wants contingent support that helps a pupil resume practical work. Use the particular material, difficulty and grade described in the question.","In fifth grade, when making a ""simple water filter,"" after a student places sand, gravel, and cotton in order, the filtered water is still cloudy. He stares at the device for 5 minutes and says, ""I don't know what's wrong."" How should I guide him?
Provide a concrete response to this case and a brief rationale. Include a feasible way to check the proposed learning or teaching action. State material assumptions. Hypothetical examples are allowed; do not claim unseen classroom outcomes. Equivalent defensible approaches are welcome.","Answer only this case. Accept equivalent correct approaches and examples.
Correctness: A simple filter can reduce suspended particles but does not guarantee safe drinking water.
Illustrative application (equivalent approaches accepted; only explicit question requirements are mandatory): Guide one comparison of flow or layer arrangement and observe clarity without tasting the water.
Reject endorsement of: Claiming clear filtered water is potable.","[{""id"": ""C1"", ""criterion"": ""Case check 1"", ""points"": 20.0, ""description"": ""Content check (equivalent correct explanations/examples accepted; the anchor example is not mandatory): A simple filter can reduce suspended particles but does not guarantee safe drinking water."", ""critical"": true}, {""id"": ""C2"", ""criterion"": ""Case check 2"", ""points"": 20.0, ""description"": ""Provides a feasible, correct response to the actual user request. The following is an illustrative teaching approach, not a mandatory example, material, numeric value or fixed sequence unless explicitly requested in the question: Guide one comparison of flow or layer arrangement and observe clarity without tasting the water. Accept other approaches that meet the same stated objective; do not deduct merely for not reproducing this illustration."", ""critical"": false}, {""id"": ""C3"", ""criterion"": ""Case check 3"", ""points"": 20.0, ""description"": ""The response gives an observable way to check the explanation or next teaching action for this specific case; a check for an unrelated topic does not meet this requirement."", ""critical"": false}, {""id"": ""C4"", ""criterion"": ""Case check 4"", ""points"": 20.0, ""description"": ""The response addresses this case using the supplied facts and labels material assumptions or hypothetical examples when it introduces them. Do not require invented assumptions or a boilerplate disclaimer when none is needed; irrelevant or empty responses fail."", ""critical"": false}, {""id"": ""C5"", ""criterion"": ""Case check 5"", ""points"": 20.0, ""description"": ""Critical-error check: the response substantively addresses this case and does not endorse the following error; an irrelevant, empty or purely evasive response fails this criterion: Claiming clear filtered water is potable."", ""critical"": true}]",elementary
adaptive-hint-sequence-designer__cn53_06,adaptive-hint-sequence-designer,Teaching Material Generation,Science,Grade 1 (primary),medium,"A primary teacher wants contingent support that helps a pupil resume practical work. Use the particular material, difficulty and grade described in the question.","In first grade, when using a magnifying glass to observe leaf texture, a student puts the magnifying glass right against his eye and still can't see clearly, and he is so anxious he is about to cry. How should I use minimal scaffolding to teach him to use it correctly?
Provide a concrete response to this case and a brief rationale. Include a feasible way to check the proposed learning or teaching action. State material assumptions. Hypothetical examples are allowed; do not claim unseen classroom outcomes. Equivalent defensible approaches are welcome.","Answer only this case. Accept equivalent correct approaches and examples.
Correctness: Magnification needs appropriate object-lens-eye geometry and adjustment.
Illustrative application (equivalent approaches accepted; only explicit question requirements are mandatory): Calmly model changing one distance and ask the pupil to find the clearest view using a leaf away from direct sun.
Reject endorsement of: Looking at the sun or treating one fixed distance as universally correct.","[{""id"": ""C1"", ""criterion"": ""Case check 1"", ""points"": 20.0, ""description"": ""Content check (equivalent correct explanations/examples accepted; the anchor example is not mandatory): Magnification needs appropriate object-lens-eye geometry and adjustment."", ""critical"": true}, {""id"": ""C2"", ""criterion"": ""Case check 2"", ""points"": 20.0, ""description"": ""Provides a feasible, correct response to the actual user request. The following is an illustrative teaching approach, not a mandatory example, material, numeric value or fixed sequence unless explicitly requested in the question: Calmly model changing one distance and ask the pupil to find the clearest view using a leaf away from direct sun. Accept other approaches that meet the same stated objective; do not deduct merely for not reproducing this illustration."", ""critical"": false}, {""id"": ""C3"", ""criterion"": ""Case check 3"", ""points"": 20.0, ""description"": ""The response gives an observable way to check the explanation or next teaching action for this specific case; a check for an unrelated topic does not meet this requirement."", ""critical"": false}, {""id"": ""C4"", ""criterion"": ""Case check 4"", ""points"": 20.0, ""description"": ""The response addresses this case using the supplied facts and labels material assumptions or hypothetical examples when it introduces them. Do not require invented assumptions or a boilerplate disclaimer when none is needed; irrelevant or empty responses fail."", ""critical"": false}, {""id"": ""C5"", ""criterion"": ""Case check 5"", ""points"": 20.0, ""description"": ""Critical-error check: the response substantively addresses this case and does not endorse the following error; an irrelevant, empty or purely evasive response fails this criterion: Looking at the sun or treating one fixed distance as universally correct."", ""critical"": true}]",elementary
adaptive-hint-sequence-designer__cn53_07,adaptive-hint-sequence-designer,Teaching Material Generation,Science,Primary; grade unspecified,medium,"A primary teacher wants contingent support that helps a pupil resume practical work. Use the particular material, difficulty and grade described in the question.","A student doing the ""wind-powered car"" experiment finds that the car always veers to the left and cannot go straight. After adjusting the wheels three times without success, he throws the car onto the table and gives up. What should I do?
Provide a concrete response to this case and a brief rationale. Include a feasible way to check the proposed learning or teaching action. State material assumptions. Hypothetical examples are allowed; do not claim unseen classroom outcomes. Equivalent defensible approaches are welcome.","Answer only this case. Accept equivalent correct approaches and examples.
Correctness: A veering model car can have alignment, friction or thrust asymmetry.
Illustrative application (equivalent approaches accepted; only explicit question requirements are mandatory): Record the path, choose one hypothesis and change one factor before a new trial, with a pause if frustrated.
Reject endorsement of: Claiming a specific cause without checking or changing every part simultaneously.","[{""id"": ""C1"", ""criterion"": ""Case check 1"", ""points"": 20.0, ""description"": ""Content check (equivalent correct explanations/examples accepted; the anchor example is not mandatory): A veering model car can have alignment, friction or thrust asymmetry."", ""critical"": true}, {""id"": ""C2"", ""criterion"": ""Case check 2"", ""points"": 20.0, ""description"": ""Provides a feasible, correct response to the actual user request. The following is an illustrative teaching approach, not a mandatory example, material, numeric value or fixed sequence unless explicitly requested in the question: Record the path, choose one hypothesis and change one factor before a new trial, with a pause if frustrated. Accept other approaches that meet the same stated objective; do not deduct merely for not reproducing this illustration."", ""critical"": false}, {""id"": ""C3"", ""criterion"": ""Case check 3"", ""points"": 20.0, ""description"": ""The response gives an observable way to check the explanation or next teaching action for this specific case; a check for an unrelated topic does not meet this requirement."", ""critical"": false}, {""id"": ""C4"", ""criterion"": ""Case check 4"", ""points"": 20.0, ""description"": ""The response addresses this case using the supplied facts and labels material assumptions or hypothetical examples when it introduces them. Do not require invented assumptions or a boilerplate disclaimer when none is needed; irrelevant or empty responses fail."", ""critical"": false}, {""id"": ""C5"", ""criterion"": ""Case check 5"", ""points"": 20.0, ""description"": ""Critical-error check: the response substantively addresses this case and does not endorse the following error; an irrelevant, empty or purely evasive response fails this criterion: Claiming a specific cause without checking or changing every part simultaneously."", ""critical"": true}]",elementary
adaptive-hint-sequence-designer__cn53_08,adaptive-hint-sequence-designer,Teaching Material Generation,Science,Grade 4 (primary),medium,"A primary teacher wants contingent support that helps a pupil resume practical work. Use the particular material, difficulty and grade described in the question.","In fourth grade, in the ""Making Rock Specimens"" activity, a student doesn't know how to label the rocks. The labels are always crooked or missing the name and collection location. How should I guide him to complete it himself?
Provide a concrete response to this case and a brief rationale. Include a feasible way to check the proposed learning or teaching action. State material assumptions. Hypothetical examples are allowed; do not claim unseen classroom outcomes. Equivalent defensible approaches are welcome.","Answer only this case. Accept equivalent correct approaches and examples.
Correctness: A specimen label needs legible identifying information linked to the right object.
Illustrative application (equivalent approaches accepted; only explicit question requirements are mandatory): Give a model with specimen ID, known name or unknown label, location and date, then a self-check.
Reject endorsement of: Inventing a rock identification or collection site.","[{""id"": ""C1"", ""criterion"": ""Case check 1"", ""points"": 20.0, ""description"": ""Content check (equivalent correct explanations/examples accepted; the anchor example is not mandatory): A specimen label needs legible identifying information linked to the right object."", ""critical"": true}, {""id"": ""C2"", ""criterion"": ""Case check 2"", ""points"": 20.0, ""description"": ""Provides a feasible, correct response to the actual user request. The following is an illustrative teaching approach, not a mandatory example, material, numeric value or fixed sequence unless explicitly requested in the question: Give a model with specimen ID, known name or unknown label, location and date, then a self-check. Accept other approaches that meet the same stated objective; do not deduct merely for not reproducing this illustration."", ""critical"": false}, {""id"": ""C3"", ""criterion"": ""Case check 3"", ""points"": 20.0, ""description"": ""The response gives an observable way to check the explanation or next teaching action for this specific case; a check for an unrelated topic does not meet this requirement."", ""critical"": false}, {""id"": ""C4"", ""criterion"": ""Case check 4"", ""points"": 20.0, ""description"": ""The response addresses this case using the supplied facts and labels material assumptions or hypothetical examples when it introduces them. Do not require invented assumptions or a boilerplate disclaimer when none is needed; irrelevant or empty responses fail."", ""critical"": false}, {""id"": ""C5"", ""criterion"": ""Case check 5"", ""points"": 20.0, ""description"": ""Critical-error check: the response substantively addresses this case and does not endorse the following error; an irrelevant, empty or purely evasive response fails this criterion: Inventing a rock identification or collection site."", ""critical"": true}]",elementary
adaptive-hint-sequence-designer__cn53_09,adaptive-hint-sequence-designer,Teaching Material Generation,Science,Primary; grade unspecified,medium,"A primary teacher wants contingent support that helps a pupil resume practical work. Use the particular material, difficulty and grade described in the question.","A student designing a ""paper house"" model draws a design with many complex pointed roofs and carved decorations, but when actually building it, he simply cannot glue them on. How should I guide him to simplify the design without dismissing his ideas?
Provide a concrete response to this case and a brief rationale. Include a feasible way to check the proposed learning or teaching action. State material assumptions. Hypothetical examples are allowed; do not claim unseen classroom outcomes. Equivalent defensible approaches are welcome.","Answer only this case. Accept equivalent correct approaches and examples.
Correctness: Simplification should preserve the central design idea while reducing construction demands.
Illustrative application (equivalent approaches accepted; only explicit question requirements are mandatory): Ask the pupil to choose one feature to retain, prototype a simpler structure and explain the tradeoff.
Reject endorsement of: Dismissing the idea or taking over the whole design.","[{""id"": ""C1"", ""criterion"": ""Case check 1"", ""points"": 20.0, ""description"": ""Content check (equivalent correct explanations/examples accepted; the anchor example is not mandatory): Simplification should preserve the central design idea while reducing construction demands."", ""critical"": true}, {""id"": ""C2"", ""criterion"": ""Case check 2"", ""points"": 20.0, ""description"": ""Provides a feasible, correct response to the actual user request. The following is an illustrative teaching approach, not a mandatory example, material, numeric value or fixed sequence unless explicitly requested in the question: Ask the pupil to choose one feature to retain, prototype a simpler structure and explain the tradeoff. Accept other approaches that meet the same stated objective; do not deduct merely for not reproducing this illustration."", ""critical"": false}, {""id"": ""C3"", ""criterion"": ""Case check 3"", ""points"": 20.0, ""description"": ""The response gives an observable way to check the explanation or next teaching action for this specific case; a check for an unrelated topic does not meet this requirement."", ""critical"": false}, {""id"": ""C4"", ""criterion"": ""Case check 4"", ""points"": 20.0, ""description"": ""The response addresses this case using the supplied facts and labels material assumptions or hypothetical examples when it introduces them. Do not require invented assumptions or a boilerplate disclaimer when none is needed; irrelevant or empty responses fail."", ""critical"": false}, {""id"": ""C5"", ""criterion"": ""Case check 5"", ""points"": 20.0, ""description"": ""Critical-error check: the response substantively addresses this case and does not endorse the following error; an irrelevant, empty or purely evasive response fails this criterion: Dismissing the idea or taking over the whole design."", ""critical"": true}]",elementary
adaptive-hint-sequence-designer__cn53_10,adaptive-hint-sequence-designer,Teaching Material Generation,Science,Grade 6 (primary),medium,"A primary teacher wants contingent support that helps a pupil resume practical work. Use the particular material, difficulty and grade described in the question.","In sixth grade, in the ""Baking Soda and White Vinegar Reaction"" experiment, a student pours too much white vinegar, and the foam suddenly overflows onto the table. He panics and doesn't know what to do. How should I guide him to adjust the experimental steps?
Provide a concrete response to this case and a brief rationale. Include a feasible way to check the proposed learning or teaching action. State material assumptions. Hypothetical examples are allowed; do not claim unseen classroom outcomes. Equivalent defensible approaches are welcome.","Answer only this case. Accept equivalent correct approaches and examples.
Correctness: Overflow calls for a calm stop and teacher-managed cleanup before further inquiry.
Illustrative application (equivalent approaches accepted; only explicit question requirements are mandatory): After safety is restored, compare smaller measured quantities in an open appropriate container and record the change.
Reject endorsement of: Sealing the gas-producing vessel or treating panic as disobedience.","[{""id"": ""C1"", ""criterion"": ""Case check 1"", ""points"": 20.0, ""description"": ""Content check (equivalent correct explanations/examples accepted; the anchor example is not mandatory): Overflow calls for a calm stop and teacher-managed cleanup before further inquiry."", ""critical"": true}, {""id"": ""C2"", ""criterion"": ""Case check 2"", ""points"": 20.0, ""description"": ""Provides a feasible, correct response to the actual user request. The following is an illustrative teaching approach, not a mandatory example, material, numeric value or fixed sequence unless explicitly requested in the question: After safety is restored, compare smaller measured quantities in an open appropriate container and record the change. Accept other approaches that meet the same stated objective; do not deduct merely for not reproducing this illustration."", ""critical"": false}, {""id"": ""C3"", ""criterion"": ""Case check 3"", ""points"": 20.0, ""description"": ""The response gives an observable way to check the explanation or next teaching action for this specific case; a check for an unrelated topic does not meet this requirement."", ""critical"": false}, {""id"": ""C4"", ""criterion"": ""Case check 4"", ""points"": 20.0, ""description"": ""The response addresses this case using the supplied facts and labels material assumptions or hypothetical examples when it introduces them. Do not require invented assumptions or a boilerplate disclaimer when none is needed; irrelevant or empty responses fail."", ""critical"": false}, {""id"": ""C5"", ""criterion"": ""Case check 5"", ""points"": 20.0, ""description"": ""Critical-error check: the response substantively addresses this case and does not endorse the following error; an irrelevant, empty or purely evasive response fails this criterion: Sealing the gas-producing vessel or treating panic as disobedience."", ""critical"": true}]",elementary
backwards-design-unit-planner__cn54_01,backwards-design-unit-planner,Teaching Material Generation,Science,Grade 3 (primary),medium,"A primary science teacher is revising learning objectives. No official curriculum-standard text is supplied; a quoted requirement in the question is a scenario premise, not an independently verified legal or policy claim.","I am a new third-grade science teacher. Next week I will teach the ""Lighting a Small Bulb"" lab lesson. I set the instructional objective as ""know the basic components of a circuit and be able to connect a simple circuit."" Is this okay?
Provide a concrete response to this case and a brief rationale. Include a feasible way to check the proposed learning or teaching action. State material assumptions. Hypothetical examples are allowed; do not claim unseen classroom outcomes. Equivalent defensible approaches are welcome.","Answer only this case. Accept equivalent correct approaches and examples.
Correctness: An objective should specify observable performance and evidence, not merely know.
Illustrative application (equivalent approaches accepted; only explicit question requirements are mandatory): Refine the bulb goal into a safe low-voltage connection plus an explanation of the closed path, and align a check.
Reject endorsement of: Claiming components named from memory alone demonstrate a working circuit.","[{""id"": ""C1"", ""criterion"": ""Case check 1"", ""points"": 20.0, ""description"": ""Content check (equivalent correct explanations/examples accepted; the anchor example is not mandatory): An objective should specify observable performance and evidence, not merely know."", ""critical"": true}, {""id"": ""C2"", ""criterion"": ""Case check 2"", ""points"": 20.0, ""description"": ""Provides a feasible, correct response to the actual user request. The following is an illustrative teaching approach, not a mandatory example, material, numeric value or fixed sequence unless explicitly requested in the question: Refine the bulb goal into a safe low-voltage connection plus an explanation of the closed path, and align a check. Accept other approaches that meet the same stated objective; do not deduct merely for not reproducing this illustration."", ""critical"": false}, {""id"": ""C3"", ""criterion"": ""Case check 3"", ""points"": 20.0, ""description"": ""The response gives an observable way to check the explanation or next teaching action for this specific case; a check for an unrelated topic does not meet this requirement."", ""critical"": false}, {""id"": ""C4"", ""criterion"": ""Case check 4"", ""points"": 20.0, ""description"": ""The response addresses this case using the supplied facts and labels material assumptions or hypothetical examples when it introduces them. Do not require invented assumptions or a boilerplate disclaimer when none is needed; irrelevant or empty responses fail."", ""critical"": false}, {""id"": ""C5"", ""criterion"": ""Case check 5"", ""points"": 20.0, ""description"": ""Critical-error check: the response substantively addresses this case and does not endorse the following error; an irrelevant, empty or purely evasive response fails this criterion: Claiming components named from memory alone demonstrate a working circuit."", ""critical"": true}]",elementary
backwards-design-unit-planner__cn54_02,backwards-design-unit-planner,Teaching Material Generation,Science,Grade 5 (primary),medium,"A primary science teacher is revising learning objectives. No official curriculum-standard text is supplied; a quoted requirement in the question is a scenario premise, not an independently verified legal or policy claim.","In the fifth-grade ""Seed Dispersal"" lesson, I asked questions before class and found that 90% of the class already know the dispersal methods of cockleburs, dandelions, and coconuts from Chinese language class and extracurricular books. How should I adjust the instructional objectives for this lesson?
Provide a concrete response to this case and a brief rationale. Include a feasible way to check the proposed learning or teaching action. State material assumptions. Hypothetical examples are allowed; do not claim unseen classroom outcomes. Equivalent defensible approaches are welcome.","Answer only this case. Accept equivalent correct approaches and examples.
Correctness: Reported recall is a starting point, not evidence of explaining mechanisms or transfer.
Illustrative application (equivalent approaches accepted; only explicit question requirements are mandatory): Check a new seed example, then extend to explaining how a feature supports dispersal with evidence.
Reject endorsement of: Repeating only names or assuming the entire class needs no further learning.","[{""id"": ""C1"", ""criterion"": ""Case check 1"", ""points"": 20.0, ""description"": ""Content check (equivalent correct explanations/examples accepted; the anchor example is not mandatory): Reported recall is a starting point, not evidence of explaining mechanisms or transfer."", ""critical"": true}, {""id"": ""C2"", ""criterion"": ""Case check 2"", ""points"": 20.0, ""description"": ""Provides a feasible, correct response to the actual user request. The following is an illustrative teaching approach, not a mandatory example, material, numeric value or fixed sequence unless explicitly requested in the question: Check a new seed example, then extend to explaining how a feature supports dispersal with evidence. Accept other approaches that meet the same stated objective; do not deduct merely for not reproducing this illustration."", ""critical"": false}, {""id"": ""C3"", ""criterion"": ""Case check 3"", ""points"": 20.0, ""description"": ""The response gives an observable way to check the explanation or next teaching action for this specific case; a check for an unrelated topic does not meet this requirement."", ""critical"": false}, {""id"": ""C4"", ""criterion"": ""Case check 4"", ""points"": 20.0, ""description"": ""The response addresses this case using the supplied facts and labels material assumptions or hypothetical examples when it introduces them. Do not require invented assumptions or a boilerplate disclaimer when none is needed; irrelevant or empty responses fail."", ""critical"": false}, {""id"": ""C5"", ""criterion"": ""Case check 5"", ""points"": 20.0, ""description"": ""Critical-error check: the response substantively addresses this case and does not endorse the following error; an irrelevant, empty or purely evasive response fails this criterion: Repeating only names or assuming the entire class needs no further learning."", ""critical"": true}]",elementary
backwards-design-unit-planner__cn54_03,backwards-design-unit-planner,Teaching Material Generation,Science,Grade 4 (primary),medium,"A primary science teacher is revising learning objectives. No official curriculum-standard text is supplied; a quoted requirement in the question is a scenario premise, not an independently verified legal or policy claim.","In the fourth-grade ""Three States of Water"" lesson, I want students to ""understand the relationship between molecular motion and changes of state,"" but during the trial lesson I found they could not understand it at all. How should I revise the instructional objective?
Provide a concrete response to this case and a brief rationale. Include a feasible way to check the proposed learning or teaching action. State material assumptions. Hypothetical examples are allowed; do not claim unseen classroom outcomes. Equivalent defensible approaches are welcome.","Answer only this case. Accept equivalent correct approaches and examples.
Correctness: The goal should match available prerequisites while preserving the important concept.
Illustrative application (equivalent approaches accepted; only explicit question requirements are mandatory): Shift the core assessment to observable state changes and evidence, using a simple model only if it aids explanation.
Reject endorsement of: Treating an oversimplified molecular story as a directly observed fact.","[{""id"": ""C1"", ""criterion"": ""Case check 1"", ""points"": 20.0, ""description"": ""Content check (equivalent correct explanations/examples accepted; the anchor example is not mandatory): The goal should match available prerequisites while preserving the important concept."", ""critical"": true}, {""id"": ""C2"", ""criterion"": ""Case check 2"", ""points"": 20.0, ""description"": ""Provides a feasible, correct response to the actual user request. The following is an illustrative teaching approach, not a mandatory example, material, numeric value or fixed sequence unless explicitly requested in the question: Shift the core assessment to observable state changes and evidence, using a simple model only if it aids explanation. Accept other approaches that meet the same stated objective; do not deduct merely for not reproducing this illustration."", ""critical"": false}, {""id"": ""C3"", ""criterion"": ""Case check 3"", ""points"": 20.0, ""description"": ""The response gives an observable way to check the explanation or next teaching action for this specific case; a check for an unrelated topic does not meet this requirement."", ""critical"": false}, {""id"": ""C4"", ""criterion"": ""Case check 4"", ""points"": 20.0, ""description"": ""The response addresses this case using the supplied facts and labels material assumptions or hypothetical examples when it introduces them. Do not require invented assumptions or a boilerplate disclaimer when none is needed; irrelevant or empty responses fail."", ""critical"": false}, {""id"": ""C5"", ""criterion"": ""Case check 5"", ""points"": 20.0, ""description"": ""Critical-error check: the response substantively addresses this case and does not endorse the following error; an irrelevant, empty or purely evasive response fails this criterion: Treating an oversimplified molecular story as a directly observed fact."", ""critical"": true}]",elementary
backwards-design-unit-planner__cn54_04,backwards-design-unit-planner,Teaching Material Generation,Science,Primary; grade unspecified,medium,"A primary science teacher is revising learning objectives. No official curriculum-standard text is supplied; a quoted requirement in the question is a scenario premise, not an independently verified legal or policy claim.","I teach science to two parallel classes. Students in Class 1 have a good foundation and like to ask questions; students in Class 2 have a weak foundation and are not even proficient in basic experiment operations. For the same ""Properties of Magnets"" lesson, how should the instructional objectives differ between the two classes?
Provide a concrete response to this case and a brief rationale. Include a feasible way to check the proposed learning or teaching action. State material assumptions. Hypothetical examples are allowed; do not claim unseen classroom outcomes. Equivalent defensible approaches are welcome.","Answer only this case. Accept equivalent correct approaches and examples.
Correctness: Two classes can share a core objective while differing in scaffolds and extension.
Illustrative application (equivalent approaches accepted; only explicit question requirements are mandatory): State a common magnetism criterion and class-specific support/evidence routes based on the described needs.
Reject endorsement of: Permanently lowering expectations for an entire labelled class.","[{""id"": ""C1"", ""criterion"": ""Case check 1"", ""points"": 20.0, ""description"": ""Content check (equivalent correct explanations/examples accepted; the anchor example is not mandatory): Two classes can share a core objective while differing in scaffolds and extension."", ""critical"": true}, {""id"": ""C2"", ""criterion"": ""Case check 2"", ""points"": 20.0, ""description"": ""Provides a feasible, correct response to the actual user request. The following is an illustrative teaching approach, not a mandatory example, material, numeric value or fixed sequence unless explicitly requested in the question: State a common magnetism criterion and class-specific support/evidence routes based on the described needs. Accept other approaches that meet the same stated objective; do not deduct merely for not reproducing this illustration."", ""critical"": false}, {""id"": ""C3"", ""criterion"": ""Case check 3"", ""points"": 20.0, ""description"": ""The response gives an observable way to check the explanation or next teaching action for this specific case; a check for an unrelated topic does not meet this requirement."", ""critical"": false}, {""id"": ""C4"", ""criterion"": ""Case check 4"", ""points"": 20.0, ""description"": ""The response addresses this case using the supplied facts and labels material assumptions or hypothetical examples when it introduces them. Do not require invented assumptions or a boilerplate disclaimer when none is needed; irrelevant or empty responses fail."", ""critical"": false}, {""id"": ""C5"", ""criterion"": ""Case check 5"", ""points"": 20.0, ""description"": ""Critical-error check: the response substantively addresses this case and does not endorse the following error; an irrelevant, empty or purely evasive response fails this criterion: Permanently lowering expectations for an entire labelled class."", ""critical"": true}]",elementary
backwards-design-unit-planner__cn54_05,backwards-design-unit-planner,Teaching Material Generation,Science,Grade 1 (primary),medium,"A primary science teacher is revising learning objectives. No official curriculum-standard text is supplied; a quoted requirement in the question is a scenario premise, not an independently verified legal or policy claim.","In the first-grade ""Observing Snails"" lesson, the curriculum standard only requires students to ""be able to state the basic external features of a snail."" I feel the content is too simple and can be finished in 20 minutes of one class period. What should I arrange for the remaining time?
Provide a concrete response to this case and a brief rationale. Include a feasible way to check the proposed learning or teaching action. State material assumptions. Hypothetical examples are allowed; do not claim unseen classroom outcomes. Equivalent defensible approaches are welcome.","Answer only this case. Accept equivalent correct approaches and examples.
Correctness: Use the supplied requirement as a premise, not a verified quotation from an unavailable standard.
Illustrative application (equivalent approaches accepted; only explicit question requirements are mandatory): Deepen observation, comparison and evidence-based description without inventing extra compulsory content.
Reject endorsement of: Claiming the official standard was checked or filling time with unrelated advanced facts.","[{""id"": ""C1"", ""criterion"": ""Case check 1"", ""points"": 20.0, ""description"": ""Content check (equivalent correct explanations/examples accepted; the anchor example is not mandatory): Use the supplied requirement as a premise, not a verified quotation from an unavailable standard."", ""critical"": true}, {""id"": ""C2"", ""criterion"": ""Case check 2"", ""points"": 20.0, ""description"": ""Provides a feasible, correct response to the actual user request. The following is an illustrative teaching approach, not a mandatory example, material, numeric value or fixed sequence unless explicitly requested in the question: Deepen observation, comparison and evidence-based description without inventing extra compulsory content. Accept other approaches that meet the same stated objective; do not deduct merely for not reproducing this illustration."", ""critical"": false}, {""id"": ""C3"", ""criterion"": ""Case check 3"", ""points"": 20.0, ""description"": ""The response gives an observable way to check the explanation or next teaching action for this specific case; a check for an unrelated topic does not meet this requirement."", ""critical"": false}, {""id"": ""C4"", ""criterion"": ""Case check 4"", ""points"": 20.0, ""description"": ""The response addresses this case using the supplied facts and labels material assumptions or hypothetical examples when it introduces them. Do not require invented assumptions or a boilerplate disclaimer when none is needed; irrelevant or empty responses fail."", ""critical"": false}, {""id"": ""C5"", ""criterion"": ""Case check 5"", ""points"": 20.0, ""description"": ""Critical-error check: the response substantively addresses this case and does not endorse the following error; an irrelevant, empty or purely evasive response fails this criterion: Claiming the official standard was checked or filling time with unrelated advanced facts."", ""critical"": true}]",elementary
backwards-design-unit-planner__cn54_06,backwards-design-unit-planner,Teaching Material Generation,Science,Grade 6 (primary),medium,"A primary science teacher is revising learning objectives. No official curriculum-standard text is supplied; a quoted requirement in the question is a scenario premise, not an independently verified legal or policy claim.","In the sixth-grade ""Making a Simple Solar Water Heater"" engineering practice lesson, I set the instructional objective as ""be able to make a solar water heater that can heat water."" Is this correct? How should it be improved?
Provide a concrete response to this case and a brief rationale. Include a feasible way to check the proposed learning or teaching action. State material assumptions. Hypothetical examples are allowed; do not claim unseen classroom outcomes. Equivalent defensible approaches are welcome.","Answer only this case. Accept equivalent correct approaches and examples.
Correctness: Engineering objectives include justified design choices, testing and revision, not just producing an object.
Illustrative application (equivalent approaches accepted; only explicit question requirements are mandatory): Add a measurable temperature comparison under stated conditions and evidence for one revision with supervised use.
Reject endorsement of: Guaranteeing a target temperature under unspecified weather.","[{""id"": ""C1"", ""criterion"": ""Case check 1"", ""points"": 20.0, ""description"": ""Content check (equivalent correct explanations/examples accepted; the anchor example is not mandatory): Engineering objectives include justified design choices, testing and revision, not just producing an object."", ""critical"": true}, {""id"": ""C2"", ""criterion"": ""Case check 2"", ""points"": 20.0, ""description"": ""Provides a feasible, correct response to the actual user request. The following is an illustrative teaching approach, not a mandatory example, material, numeric value or fixed sequence unless explicitly requested in the question: Add a measurable temperature comparison under stated conditions and evidence for one revision with supervised use. Accept other approaches that meet the same stated objective; do not deduct merely for not reproducing this illustration."", ""critical"": false}, {""id"": ""C3"", ""criterion"": ""Case check 3"", ""points"": 20.0, ""description"": ""The response gives an observable way to check the explanation or next teaching action for this specific case; a check for an unrelated topic does not meet this requirement."", ""critical"": false}, {""id"": ""C4"", ""criterion"": ""Case check 4"", ""points"": 20.0, ""description"": ""The response addresses this case using the supplied facts and labels material assumptions or hypothetical examples when it introduces them. Do not require invented assumptions or a boilerplate disclaimer when none is needed; irrelevant or empty responses fail."", ""critical"": false}, {""id"": ""C5"", ""criterion"": ""Case check 5"", ""points"": 20.0, ""description"": ""Critical-error check: the response substantively addresses this case and does not endorse the following error; an irrelevant, empty or purely evasive response fails this criterion: Guaranteeing a target temperature under unspecified weather."", ""critical"": true}]",elementary
backwards-design-unit-planner__cn54_07,backwards-design-unit-planner,Teaching Material Generation,Science,Grade 5 (primary),medium,"A primary science teacher is revising learning objectives. No official curriculum-standard text is supplied; a quoted requirement in the question is a scenario premise, not an independently verified legal or policy claim.","The fifth-grade ""Moon Phase Changes"" lesson is too abstract and students find it hard to understand. Can I simplify the instructional objective to ""be able to remember the sequence of moon phase changes in a month""?
Provide a concrete response to this case and a brief rationale. Include a feasible way to check the proposed learning or teaching action. State material assumptions. Hypothetical examples are allowed; do not claim unseen classroom outcomes. Equivalent defensible approaches are welcome.","Answer only this case. Accept equivalent correct approaches and examples.
Correctness: Remembering phase order alone does not demonstrate a model of Moon phases.
Illustrative application (equivalent approaches accepted; only explicit question requirements are mandatory): Use a light-source/Earth/Moon model with a viewpoint explanation and an accessible check.
Reject endorsement of: Explaining ordinary lunar phases as Earth's shadow.","[{""id"": ""C1"", ""criterion"": ""Case check 1"", ""points"": 20.0, ""description"": ""Content check (equivalent correct explanations/examples accepted; the anchor example is not mandatory): Remembering phase order alone does not demonstrate a model of Moon phases."", ""critical"": true}, {""id"": ""C2"", ""criterion"": ""Case check 2"", ""points"": 20.0, ""description"": ""Provides a feasible, correct response to the actual user request. The following is an illustrative teaching approach, not a mandatory example, material, numeric value or fixed sequence unless explicitly requested in the question: Use a light-source/Earth/Moon model with a viewpoint explanation and an accessible check. Accept other approaches that meet the same stated objective; do not deduct merely for not reproducing this illustration."", ""critical"": false}, {""id"": ""C3"", ""criterion"": ""Case check 3"", ""points"": 20.0, ""description"": ""The response gives an observable way to check the explanation or next teaching action for this specific case; a check for an unrelated topic does not meet this requirement."", ""critical"": false}, {""id"": ""C4"", ""criterion"": ""Case check 4"", ""points"": 20.0, ""description"": ""The response addresses this case using the supplied facts and labels material assumptions or hypothetical examples when it introduces them. Do not require invented assumptions or a boilerplate disclaimer when none is needed; irrelevant or empty responses fail."", ""critical"": false}, {""id"": ""C5"", ""criterion"": ""Case check 5"", ""points"": 20.0, ""description"": ""Critical-error check: the response substantively addresses this case and does not endorse the following error; an irrelevant, empty or purely evasive response fails this criterion: Explaining ordinary lunar phases as Earth's shadow."", ""critical"": true}]",elementary
backwards-design-unit-planner__cn54_08,backwards-design-unit-planner,Teaching Material Generation,Science,Grade 3 (primary),medium,"A primary science teacher is revising learning objectives. No official curriculum-standard text is supplied; a quoted requirement in the question is a scenario premise, not an independently verified legal or policy claim.","In the third-grade ""Changes in Matter"" unit review lesson, I always turn the review into a lecture that strings together knowledge points, and students find it very boring. How should I set the instructional objectives for a review lesson?
Provide a concrete response to this case and a brief rationale. Include a feasible way to check the proposed learning or teaching action. State material assumptions. Hypothetical examples are allowed; do not claim unseen classroom outcomes. Equivalent defensible approaches are welcome.","Answer only this case. Accept equivalent correct approaches and examples.
Correctness: Review goals should target connections and application.
Illustrative application (equivalent approaches accepted; only explicit question requirements are mandatory): Ask students to classify and justify new examples using evidence, then address identified misconceptions.
Reject endorsement of: Replacing all review with a teacher's list of definitions.","[{""id"": ""C1"", ""criterion"": ""Case check 1"", ""points"": 20.0, ""description"": ""Content check (equivalent correct explanations/examples accepted; the anchor example is not mandatory): Review goals should target connections and application."", ""critical"": true}, {""id"": ""C2"", ""criterion"": ""Case check 2"", ""points"": 20.0, ""description"": ""Provides a feasible, correct response to the actual user request. The following is an illustrative teaching approach, not a mandatory example, material, numeric value or fixed sequence unless explicitly requested in the question: Ask students to classify and justify new examples using evidence, then address identified misconceptions. Accept other approaches that meet the same stated objective; do not deduct merely for not reproducing this illustration."", ""critical"": false}, {""id"": ""C3"", ""criterion"": ""Case check 3"", ""points"": 20.0, ""description"": ""The response gives an observable way to check the explanation or next teaching action for this specific case; a check for an unrelated topic does not meet this requirement."", ""critical"": false}, {""id"": ""C4"", ""criterion"": ""Case check 4"", ""points"": 20.0, ""description"": ""The response addresses this case using the supplied facts and labels material assumptions or hypothetical examples when it introduces them. Do not require invented assumptions or a boilerplate disclaimer when none is needed; irrelevant or empty responses fail."", ""critical"": false}, {""id"": ""C5"", ""criterion"": ""Case check 5"", ""points"": 20.0, ""description"": ""Critical-error check: the response substantively addresses this case and does not endorse the following error; an irrelevant, empty or purely evasive response fails this criterion: Replacing all review with a teacher's list of definitions."", ""critical"": true}]",elementary
backwards-design-unit-planner__cn54_09,backwards-design-unit-planner,Teaching Material Generation,Science,Primary; grade unspecified,medium,"A primary science teacher is revising learning objectives. No official curriculum-standard text is supplied; a quoted requirement in the question is a scenario premise, not an independently verified legal or policy claim.","I teach science at a rural primary school. Half of the students in my class are left-behind children with a very weak foundation; they do not even understand basic science terminology. For the ""Production of Sound"" lesson, how should I set appropriate instructional objectives?
Provide a concrete response to this case and a brief rationale. Include a feasible way to check the proposed learning or teaching action. State material assumptions. Hypothetical examples are allowed; do not claim unseen classroom outcomes. Equivalent defensible approaches are welcome.","Answer only this case. Accept equivalent correct approaches and examples.
Correctness: Use the stated vocabulary and experience needs, not family status as a proxy for ability.
Illustrative application (equivalent approaches accepted; only explicit question requirements are mandatory): Set an observable sound-vibration goal with concrete demonstration, language support and an individual check.
Reject endorsement of: Assuming left-behind children cannot understand science.","[{""id"": ""C1"", ""criterion"": ""Case check 1"", ""points"": 20.0, ""description"": ""Content check (equivalent correct explanations/examples accepted; the anchor example is not mandatory): Use the stated vocabulary and experience needs, not family status as a proxy for ability."", ""critical"": true}, {""id"": ""C2"", ""criterion"": ""Case check 2"", ""points"": 20.0, ""description"": ""Provides a feasible, correct response to the actual user request. The following is an illustrative teaching approach, not a mandatory example, material, numeric value or fixed sequence unless explicitly requested in the question: Set an observable sound-vibration goal with concrete demonstration, language support and an individual check. Accept other approaches that meet the same stated objective; do not deduct merely for not reproducing this illustration."", ""critical"": false}, {""id"": ""C3"", ""criterion"": ""Case check 3"", ""points"": 20.0, ""description"": ""The response gives an observable way to check the explanation or next teaching action for this specific case; a check for an unrelated topic does not meet this requirement."", ""critical"": false}, {""id"": ""C4"", ""criterion"": ""Case check 4"", ""points"": 20.0, ""description"": ""The response addresses this case using the supplied facts and labels material assumptions or hypothetical examples when it introduces them. Do not require invented assumptions or a boilerplate disclaimer when none is needed; irrelevant or empty responses fail."", ""critical"": false}, {""id"": ""C5"", ""criterion"": ""Case check 5"", ""points"": 20.0, ""description"": ""Critical-error check: the response substantively addresses this case and does not endorse the following error; an irrelevant, empty or purely evasive response fails this criterion: Assuming left-behind children cannot understand science."", ""critical"": true}]",elementary
backwards-design-unit-planner__cn54_10,backwards-design-unit-planner,Teaching Material Generation,Science,Grade 4 (primary),medium,"A primary science teacher is revising learning objectives. No official curriculum-standard text is supplied; a quoted requirement in the question is a scenario premise, not an independently verified legal or policy claim.","In the fourth-grade ""Campus Plant Survey"" interdisciplinary activity, the language arts teacher wants students to write observation diaries, and the art teacher wants students to draw plants. As the science teacher, what should the core instructional objective of this lesson be?
Provide a concrete response to this case and a brief rationale. Include a feasible way to check the proposed learning or teaching action. State material assumptions. Hypothetical examples are allowed; do not claim unseen classroom outcomes. Equivalent defensible approaches are welcome.","Answer only this case. Accept equivalent correct approaches and examples.
Correctness: The science objective should concern observable plant characteristics and evidence-based comparison.
Illustrative application (equivalent approaches accepted; only explicit question requirements are mandatory): Align diaries and drawings with accurate observation records and a science-specific criterion.
Reject endorsement of: Grading artistic skill as the principal evidence of scientific learning.","[{""id"": ""C1"", ""criterion"": ""Case check 1"", ""points"": 20.0, ""description"": ""Content check (equivalent correct explanations/examples accepted; the anchor example is not mandatory): The science objective should concern observable plant characteristics and evidence-based comparison."", ""critical"": true}, {""id"": ""C2"", ""criterion"": ""Case check 2"", ""points"": 20.0, ""description"": ""Provides a feasible, correct response to the actual user request. The following is an illustrative teaching approach, not a mandatory example, material, numeric value or fixed sequence unless explicitly requested in the question: Align diaries and drawings with accurate observation records and a science-specific criterion. Accept other approaches that meet the same stated objective; do not deduct merely for not reproducing this illustration."", ""critical"": false}, {""id"": ""C3"", ""criterion"": ""Case check 3"", ""points"": 20.0, ""description"": ""The response gives an observable way to check the explanation or next teaching action for this specific case; a check for an unrelated topic does not meet this requirement."", ""critical"": false}, {""id"": ""C4"", ""criterion"": ""Case check 4"", ""points"": 20.0, ""description"": ""The response addresses this case using the supplied facts and labels material assumptions or hypothetical examples when it introduces them. Do not require invented assumptions or a boilerplate disclaimer when none is needed; irrelevant or empty responses fail."", ""critical"": false}, {""id"": ""C5"", ""criterion"": ""Case check 5"", ""points"": 20.0, ""description"": ""Critical-error check: the response substantively addresses this case and does not endorse the following error; an irrelevant, empty or purely evasive response fails this criterion: Grading artistic skill as the principal evidence of scientific learning."", ""critical"": true}]",elementary
lesson-builder__cn55_01,lesson-builder,Teaching Material Generation,Science,Grade 1 (primary),medium,A primary science teacher needs help with one classroom-management difficulty. No actual outcome of a proposed intervention has been observed.,"In first-grade science lab, as soon as I take out the materials, students reach out to grab them, and it gets chaotic before I have even explained the rules. How can I immediately restore order?
Provide a concrete response to this case and a brief rationale. Include a feasible way to check the proposed learning or teaching action. State material assumptions. Hypothetical examples are allowed; do not claim unseen classroom outcomes. Equivalent defensible approaches are welcome.","Correctness: Immediate grabbing calls for a calm pause and controlled access before further explanation.
Illustrative application (equivalent approaches accepted; only explicit question requirements are mandatory): Give a short stop cue, secure materials if needed, model one handling action and reopen access after a brief practice.
Reject endorsement of: Continuing a long explanation while unsafe grabbing persists or humiliating the class.","[{""id"": ""C1"", ""criterion"": ""Case check 1"", ""points"": 20.0, ""description"": ""Content check (equivalent correct explanations/examples accepted; the anchor example is not mandatory): Immediate grabbing calls for a calm pause and controlled access before further explanation."", ""critical"": true}, {""id"": ""C2"", ""criterion"": ""Case check 2"", ""points"": 20.0, ""description"": ""Provides a feasible, correct response to the actual user request. The following is an illustrative teaching approach, not a mandatory example, material, numeric value or fixed sequence unless explicitly requested in the question: Give a short stop cue, secure materials if needed, model one handling action and reopen access after a brief practice. Accept other approaches that meet the same stated objective; do not deduct merely for not reproducing this illustration."", ""critical"": false}, {""id"": ""C3"", ""criterion"": ""Case check 3"", ""points"": 20.0, ""description"": ""The response gives an observable way to check the explanation or next teaching action for this specific case; a check for an unrelated topic does not meet this requirement."", ""critical"": false}, {""id"": ""C4"", ""criterion"": ""Case check 4"", ""points"": 20.0, ""description"": ""The response addresses this case using the supplied facts and labels material assumptions or hypothetical examples when it introduces them. Do not require invented assumptions or a boilerplate disclaimer when none is needed; irrelevant or empty responses fail."", ""critical"": false}, {""id"": ""C5"", ""criterion"": ""Case check 5"", ""points"": 20.0, ""description"": ""Critical-error check: the response substantively addresses this case and does not endorse the following error; an irrelevant, empty or purely evasive response fails this criterion: Continuing a long explanation while unsafe grabbing persists or humiliating the class."", ""critical"": true}]",elementary
lesson-builder__cn55_02,lesson-builder,Teaching Material Generation,Science,Primary; grade unspecified,medium,A primary science teacher needs help with one classroom-management difficulty. No actual outcome of a proposed intervention has been observed.,"When I call out 'quiet,' students simply don't listen and keep making noise. I want to use a unified command, but I don't know what to use or how to practice it. Can you give me a set I can use directly?
Provide a concrete response to this case and a brief rationale. Include a feasible way to check the proposed learning or teaching action. State material assumptions. Hypothetical examples are allowed; do not claim unseen classroom outcomes. Equivalent defensible approaches are welcome.","Correctness: A usable attention cue needs a clear, accessible response that is explicitly modeled and rehearsed; shouting a cue alone is insufficient.
Illustrative application (equivalent approaches accepted; only explicit question requirements are mandatory): Give a directly usable short cue and visible response, demonstrate it, rehearse once and check pupils who did not respond.
Reject endorsement of: Shouting over ongoing unsafe activity or punishing every distracted pupil.","[{""id"": ""C1"", ""criterion"": ""Case check 1"", ""points"": 20.0, ""description"": ""Content check (equivalent correct explanations/examples accepted; the anchor example is not mandatory): A usable attention cue needs a clear, accessible response that is explicitly modeled and rehearsed; shouting a cue alone is insufficient."", ""critical"": true}, {""id"": ""C2"", ""criterion"": ""Case check 2"", ""points"": 20.0, ""description"": ""Provides a feasible, correct response to the actual user request. The following is an illustrative teaching approach, not a mandatory example, material, numeric value or fixed sequence unless explicitly requested in the question: Give a directly usable short cue and visible response, demonstrate it, rehearse once and check pupils who did not respond. Accept other approaches that meet the same stated objective; do not deduct merely for not reproducing this illustration."", ""critical"": false}, {""id"": ""C3"", ""criterion"": ""Case check 3"", ""points"": 20.0, ""description"": ""The response gives an observable way to check the explanation or next teaching action for this specific case; a check for an unrelated topic does not meet this requirement."", ""critical"": false}, {""id"": ""C4"", ""criterion"": ""Case check 4"", ""points"": 20.0, ""description"": ""The response addresses this case using the supplied facts and labels material assumptions or hypothetical examples when it introduces them. Do not require invented assumptions or a boilerplate disclaimer when none is needed; irrelevant or empty responses fail."", ""critical"": false}, {""id"": ""C5"", ""criterion"": ""Case check 5"", ""points"": 20.0, ""description"": ""Critical-error check: the response substantively addresses this case and does not endorse the following error; an irrelevant, empty or purely evasive response fails this criterion: Shouting over ongoing unsafe activity or punishing every distracted pupil."", ""critical"": true}]",elementary
lesson-builder__cn55_03,lesson-builder,Teaching Material Generation,Science,Primary; grade unspecified,medium,A primary science teacher needs help with one classroom-management difficulty. No actual outcome of a proposed intervention has been observed.,"Halfway through an experiment, some students keep dawdling and don't do the work, while others talk loudly after finishing, slowing down the whole class's progress. How should I manage time?
Provide a concrete response to this case and a brief rationale. Include a feasible way to check the proposed learning or teaching action. State material assumptions. Hypothetical examples are allowed; do not claim unseen classroom outcomes. Equivalent defensible approaches are welcome.","Answer only this case. Accept equivalent correct approaches and examples.
Correctness: Work-time variation needs essential checkpoints and useful extensions.
Illustrative application (equivalent approaches accepted; only explicit question requirements are mandatory): Give a visible timebox, check a stalled group and offer finishers an evidence-based extension.
Reject endorsement of: Assuming every slow pupil is deliberately wasting time.","[{""id"": ""C1"", ""criterion"": ""Case check 1"", ""points"": 20.0, ""description"": ""Content check (equivalent correct explanations/examples accepted; the anchor example is not mandatory): Work-time variation needs essential checkpoints and useful extensions."", ""critical"": true}, {""id"": ""C2"", ""criterion"": ""Case check 2"", ""points"": 20.0, ""description"": ""Provides a feasible, correct response to the actual user request. The following is an illustrative teaching approach, not a mandatory example, material, numeric value or fixed sequence unless explicitly requested in the question: Give a visible timebox, check a stalled group and offer finishers an evidence-based extension. Accept other approaches that meet the same stated objective; do not deduct merely for not reproducing this illustration."", ""critical"": false}, {""id"": ""C3"", ""criterion"": ""Case check 3"", ""points"": 20.0, ""description"": ""The response gives an observable way to check the explanation or next teaching action for this specific case; a check for an unrelated topic does not meet this requirement."", ""critical"": false}, {""id"": ""C4"", ""criterion"": ""Case check 4"", ""points"": 20.0, ""description"": ""The response addresses this case using the supplied facts and labels material assumptions or hypothetical examples when it introduces them. Do not require invented assumptions or a boilerplate disclaimer when none is needed; irrelevant or empty responses fail."", ""critical"": false}, {""id"": ""C5"", ""criterion"": ""Case check 5"", ""points"": 20.0, ""description"": ""Critical-error check: the response substantively addresses this case and does not endorse the following error; an irrelevant, empty or purely evasive response fails this criterion: Assuming every slow pupil is deliberately wasting time."", ""critical"": true}]",elementary
lesson-builder__cn55_04,lesson-builder,Teaching Material Generation,Science,Primary; grade unspecified,medium,A primary science teacher needs help with one classroom-management difficulty. No actual outcome of a proposed intervention has been observed.,"When handing out materials to groups, there are always some students grabbing, some holding on and not letting go, and even pushing and shoving. How should I prevent and handle this?
Provide a concrete response to this case and a brief rationale. Include a feasible way to check the proposed learning or teaching action. State material assumptions. Hypothetical examples are allowed; do not claim unseen classroom outcomes. Equivalent defensible approaches are welcome.","Answer only this case. Accept equivalent correct approaches and examples.
Correctness: Distribution should use designated roles and a rehearsed handover.
Illustrative application (equivalent approaches accepted; only explicit question requirements are mandatory): Prepare small sets, call one materials person per group and stop pushing before continuing.
Reject endorsement of: Distributing materials into a scramble or using collective humiliation.","[{""id"": ""C1"", ""criterion"": ""Case check 1"", ""points"": 20.0, ""description"": ""Content check (equivalent correct explanations/examples accepted; the anchor example is not mandatory): Distribution should use designated roles and a rehearsed handover."", ""critical"": true}, {""id"": ""C2"", ""criterion"": ""Case check 2"", ""points"": 20.0, ""description"": ""Provides a feasible, correct response to the actual user request. The following is an illustrative teaching approach, not a mandatory example, material, numeric value or fixed sequence unless explicitly requested in the question: Prepare small sets, call one materials person per group and stop pushing before continuing. Accept other approaches that meet the same stated objective; do not deduct merely for not reproducing this illustration."", ""critical"": false}, {""id"": ""C3"", ""criterion"": ""Case check 3"", ""points"": 20.0, ""description"": ""The response gives an observable way to check the explanation or next teaching action for this specific case; a check for an unrelated topic does not meet this requirement."", ""critical"": false}, {""id"": ""C4"", ""criterion"": ""Case check 4"", ""points"": 20.0, ""description"": ""The response addresses this case using the supplied facts and labels material assumptions or hypothetical examples when it introduces them. Do not require invented assumptions or a boilerplate disclaimer when none is needed; irrelevant or empty responses fail."", ""critical"": false}, {""id"": ""C5"", ""criterion"": ""Case check 5"", ""points"": 20.0, ""description"": ""Critical-error check: the response substantively addresses this case and does not endorse the following error; an irrelevant, empty or purely evasive response fails this criterion: Distributing materials into a scramble or using collective humiliation."", ""critical"": true}]",elementary
lesson-builder__cn55_05,lesson-builder,Teaching Material Generation,Science,Primary; grade unspecified,medium,A primary science teacher needs help with one classroom-management difficulty. No actual outcome of a proposed intervention has been observed.,"When I give the 'pause' command, only half the students stop, and the other half keep playing. How can I reinforce this conditioned response?
Provide a concrete response to this case and a brief rationale. Include a feasible way to check the proposed learning or teaching action. State material assumptions. Hypothetical examples are allowed; do not claim unseen classroom outcomes. Equivalent defensible approaches are welcome.","Answer only this case. Accept equivalent correct approaches and examples.
Correctness: A stop cue must be understood and practiced, with accessible forms.
Illustrative application (equivalent approaches accepted; only explicit question requirements are mandatory): Rehearse a brief stop-and-hands-clear action, check who missed it and reteach accordingly.
Reject endorsement of: Treating a conditioned response as automatic or imposing escalating punishment without checking access.","[{""id"": ""C1"", ""criterion"": ""Case check 1"", ""points"": 20.0, ""description"": ""Content check (equivalent correct explanations/examples accepted; the anchor example is not mandatory): A stop cue must be understood and practiced, with accessible forms."", ""critical"": true}, {""id"": ""C2"", ""criterion"": ""Case check 2"", ""points"": 20.0, ""description"": ""Provides a feasible, correct response to the actual user request. The following is an illustrative teaching approach, not a mandatory example, material, numeric value or fixed sequence unless explicitly requested in the question: Rehearse a brief stop-and-hands-clear action, check who missed it and reteach accordingly. Accept other approaches that meet the same stated objective; do not deduct merely for not reproducing this illustration."", ""critical"": false}, {""id"": ""C3"", ""criterion"": ""Case check 3"", ""points"": 20.0, ""description"": ""The response gives an observable way to check the explanation or next teaching action for this specific case; a check for an unrelated topic does not meet this requirement."", ""critical"": false}, {""id"": ""C4"", ""criterion"": ""Case check 4"", ""points"": 20.0, ""description"": ""The response addresses this case using the supplied facts and labels material assumptions or hypothetical examples when it introduces them. Do not require invented assumptions or a boilerplate disclaimer when none is needed; irrelevant or empty responses fail."", ""critical"": false}, {""id"": ""C5"", ""criterion"": ""Case check 5"", ""points"": 20.0, ""description"": ""Critical-error check: the response substantively addresses this case and does not endorse the following error; an irrelevant, empty or purely evasive response fails this criterion: Treating a conditioned response as automatic or imposing escalating punishment without checking access."", ""critical"": true}]",elementary
lesson-builder__cn55_06,lesson-builder,Teaching Material Generation,Science,Primary; grade unspecified,medium,A primary science teacher needs help with one classroom-management difficulty. No actual outcome of a proposed intervention has been observed.,"Our homeroom teacher already has a fixed quiet/rest command. Can I use it in my science class? How can I stay consistent with the homeroom teacher?
Provide a concrete response to this case and a brief rationale. Include a feasible way to check the proposed learning or teaching action. State material assumptions. Hypothetical examples are allowed; do not claim unseen classroom outcomes. Equivalent defensible approaches are welcome.","Answer only this case. Accept equivalent correct approaches and examples.
Correctness: Consistency can reduce confusion when teachers agree on meanings.
Illustrative application (equivalent approaches accepted; only explicit question requirements are mandatory): Confirm the existing cue, retain its action and explain any science-specific addition.
Reject endorsement of: Using the same cue for contradictory actions.","[{""id"": ""C1"", ""criterion"": ""Case check 1"", ""points"": 20.0, ""description"": ""Content check (equivalent correct explanations/examples accepted; the anchor example is not mandatory): Consistency can reduce confusion when teachers agree on meanings."", ""critical"": true}, {""id"": ""C2"", ""criterion"": ""Case check 2"", ""points"": 20.0, ""description"": ""Provides a feasible, correct response to the actual user request. The following is an illustrative teaching approach, not a mandatory example, material, numeric value or fixed sequence unless explicitly requested in the question: Confirm the existing cue, retain its action and explain any science-specific addition. Accept other approaches that meet the same stated objective; do not deduct merely for not reproducing this illustration."", ""critical"": false}, {""id"": ""C3"", ""criterion"": ""Case check 3"", ""points"": 20.0, ""description"": ""The response gives an observable way to check the explanation or next teaching action for this specific case; a check for an unrelated topic does not meet this requirement."", ""critical"": false}, {""id"": ""C4"", ""criterion"": ""Case check 4"", ""points"": 20.0, ""description"": ""The response addresses this case using the supplied facts and labels material assumptions or hypothetical examples when it introduces them. Do not require invented assumptions or a boilerplate disclaimer when none is needed; irrelevant or empty responses fail."", ""critical"": false}, {""id"": ""C5"", ""criterion"": ""Case check 5"", ""points"": 20.0, ""description"": ""Critical-error check: the response substantively addresses this case and does not endorse the following error; an irrelevant, empty or purely evasive response fails this criterion: Using the same cue for contradictory actions."", ""critical"": true}]",elementary
lesson-builder__cn55_07,lesson-builder,Teaching Material Generation,Science,Primary; grade unspecified,medium,A primary science teacher needs help with one classroom-management difficulty. No actual outcome of a proposed intervention has been observed.,"Lower-grade students don't understand abstract rules. How can I 'act out' the lab rules so they know what to do as soon as they see it?
Provide a concrete response to this case and a brief rationale. Include a feasible way to check the proposed learning or teaching action. State material assumptions. Hypothetical examples are allowed; do not claim unseen classroom outcomes. Equivalent defensible approaches are welcome.","Answer only this case. Accept equivalent correct approaches and examples.
Correctness: Young children can learn rules through concrete modeling and practice.
Illustrative application (equivalent approaches accepted; only explicit question requirements are mandatory): Act out a correct and safely simulated incorrect handover, then let pupils demonstrate the expected action.
Reject endorsement of: Demonstrating an actually dangerous act to make the point.","[{""id"": ""C1"", ""criterion"": ""Case check 1"", ""points"": 20.0, ""description"": ""Content check (equivalent correct explanations/examples accepted; the anchor example is not mandatory): Young children can learn rules through concrete modeling and practice."", ""critical"": true}, {""id"": ""C2"", ""criterion"": ""Case check 2"", ""points"": 20.0, ""description"": ""Provides a feasible, correct response to the actual user request. The following is an illustrative teaching approach, not a mandatory example, material, numeric value or fixed sequence unless explicitly requested in the question: Act out a correct and safely simulated incorrect handover, then let pupils demonstrate the expected action. Accept other approaches that meet the same stated objective; do not deduct merely for not reproducing this illustration."", ""critical"": false}, {""id"": ""C3"", ""criterion"": ""Case check 3"", ""points"": 20.0, ""description"": ""The response gives an observable way to check the explanation or next teaching action for this specific case; a check for an unrelated topic does not meet this requirement."", ""critical"": false}, {""id"": ""C4"", ""criterion"": ""Case check 4"", ""points"": 20.0, ""description"": ""The response addresses this case using the supplied facts and labels material assumptions or hypothetical examples when it introduces them. Do not require invented assumptions or a boilerplate disclaimer when none is needed; irrelevant or empty responses fail."", ""critical"": false}, {""id"": ""C5"", ""criterion"": ""Case check 5"", ""points"": 20.0, ""description"": ""Critical-error check: the response substantively addresses this case and does not endorse the following error; an irrelevant, empty or purely evasive response fails this criterion: Demonstrating an actually dangerous act to make the point."", ""critical"": true}]",elementary
lesson-builder__cn55_08,lesson-builder,Teaching Material Generation,Science,Primary; grade unspecified,medium,A primary science teacher needs help with one classroom-management difficulty. No actual outcome of a proposed intervention has been observed.,"When students repeatedly ignore commands and disrupt the experiment, I want to take back the materials, but I'm afraid of hurting their motivation. What is an appropriate way to handle this?
Provide a concrete response to this case and a brief rationale. Include a feasible way to check the proposed learning or teaching action. State material assumptions. Hypothetical examples are allowed; do not claim unseen classroom outcomes. Equivalent defensible approaches are welcome.","Answer only this case. Accept equivalent correct approaches and examples.
Correctness: A temporary material pause can address immediate risk while retaining a route back to participation.
Illustrative application (equivalent approaches accepted; only explicit question requirements are mandatory): Explain the specific behavior, reteach and allow a supported retry after the situation is safe.
Reject endorsement of: Permanent exclusion or confiscation as humiliation.","[{""id"": ""C1"", ""criterion"": ""Case check 1"", ""points"": 20.0, ""description"": ""Content check (equivalent correct explanations/examples accepted; the anchor example is not mandatory): A temporary material pause can address immediate risk while retaining a route back to participation."", ""critical"": true}, {""id"": ""C2"", ""criterion"": ""Case check 2"", ""points"": 20.0, ""description"": ""Provides a feasible, correct response to the actual user request. The following is an illustrative teaching approach, not a mandatory example, material, numeric value or fixed sequence unless explicitly requested in the question: Explain the specific behavior, reteach and allow a supported retry after the situation is safe. Accept other approaches that meet the same stated objective; do not deduct merely for not reproducing this illustration."", ""critical"": false}, {""id"": ""C3"", ""criterion"": ""Case check 3"", ""points"": 20.0, ""description"": ""The response gives an observable way to check the explanation or next teaching action for this specific case; a check for an unrelated topic does not meet this requirement."", ""critical"": false}, {""id"": ""C4"", ""criterion"": ""Case check 4"", ""points"": 20.0, ""description"": ""The response addresses this case using the supplied facts and labels material assumptions or hypothetical examples when it introduces them. Do not require invented assumptions or a boilerplate disclaimer when none is needed; irrelevant or empty responses fail."", ""critical"": false}, {""id"": ""C5"", ""criterion"": ""Case check 5"", ""points"": 20.0, ""description"": ""Critical-error check: the response substantively addresses this case and does not endorse the following error; an irrelevant, empty or purely evasive response fails this criterion: Permanent exclusion or confiscation as humiliation."", ""critical"": true}]",elementary
lesson-builder__cn55_09,lesson-builder,Teaching Material Generation,Science,Primary; grade unspecified,medium,A primary science teacher needs help with one classroom-management difficulty. No actual outcome of a proposed intervention has been observed.,"The lesson is almost over, but only a few groups have finished and most groups have not. Should I wait? How can I handle this without feeling anxious?
Provide a concrete response to this case and a brief rationale. Include a feasible way to check the proposed learning or teaching action. State material assumptions. Hypothetical examples are allowed; do not claim unseen classroom outcomes. Equivalent defensible approaches are welcome.","Answer only this case. Accept equivalent correct approaches and examples.
Correctness: The end of a lesson needs safe closure and a minimum evidence checkpoint.
Illustrative application (equivalent approaches accepted; only explicit question requirements are mandatory): Stop in time to store materials, record current observations and plan continuation where feasible.
Reject endorsement of: Keeping hazardous work running past supervision or declaring unfinished work worthless.","[{""id"": ""C1"", ""criterion"": ""Case check 1"", ""points"": 20.0, ""description"": ""Content check (equivalent correct explanations/examples accepted; the anchor example is not mandatory): The end of a lesson needs safe closure and a minimum evidence checkpoint."", ""critical"": true}, {""id"": ""C2"", ""criterion"": ""Case check 2"", ""points"": 20.0, ""description"": ""Provides a feasible, correct response to the actual user request. The following is an illustrative teaching approach, not a mandatory example, material, numeric value or fixed sequence unless explicitly requested in the question: Stop in time to store materials, record current observations and plan continuation where feasible. Accept other approaches that meet the same stated objective; do not deduct merely for not reproducing this illustration."", ""critical"": false}, {""id"": ""C3"", ""criterion"": ""Case check 3"", ""points"": 20.0, ""description"": ""The response gives an observable way to check the explanation or next teaching action for this specific case; a check for an unrelated topic does not meet this requirement."", ""critical"": false}, {""id"": ""C4"", ""criterion"": ""Case check 4"", ""points"": 20.0, ""description"": ""The response addresses this case using the supplied facts and labels material assumptions or hypothetical examples when it introduces them. Do not require invented assumptions or a boilerplate disclaimer when none is needed; irrelevant or empty responses fail."", ""critical"": false}, {""id"": ""C5"", ""criterion"": ""Case check 5"", ""points"": 20.0, ""description"": ""Critical-error check: the response substantively addresses this case and does not endorse the following error; an irrelevant, empty or purely evasive response fails this criterion: Keeping hazardous work running past supervision or declaring unfinished work worthless."", ""critical"": true}]",elementary
lesson-builder__cn55_10,lesson-builder,Teaching Material Generation,Science,Primary; grade unspecified,medium,A primary science teacher needs help with one classroom-management difficulty. No actual outcome of a proposed intervention has been observed.,"Only my science class is chaotic; the homeroom teacher's class is very quiet. How should I adjust my commands, pacing, and rules?
Provide a concrete response to this case and a brief rationale. Include a feasible way to check the proposed learning or teaching action. State material assumptions. Hypothetical examples are allowed; do not claim unseen classroom outcomes. Equivalent defensible approaches are welcome.","Answer only this case. Accept equivalent correct approaches and examples.
Correctness: Different classroom behavior needs investigation of routines and task demands.
Illustrative application (equivalent approaches accepted; only explicit question requirements are mandatory): Observe transitions, coordinate cues with the homeroom teacher and test one change before generalizing.
Reject endorsement of: Concluding the science teacher or pupils are inherently incapable.","[{""id"": ""C1"", ""criterion"": ""Case check 1"", ""points"": 20.0, ""description"": ""Content check (equivalent correct explanations/examples accepted; the anchor example is not mandatory): Different classroom behavior needs investigation of routines and task demands."", ""critical"": true}, {""id"": ""C2"", ""criterion"": ""Case check 2"", ""points"": 20.0, ""description"": ""Provides a feasible, correct response to the actual user request. The following is an illustrative teaching approach, not a mandatory example, material, numeric value or fixed sequence unless explicitly requested in the question: Observe transitions, coordinate cues with the homeroom teacher and test one change before generalizing. Accept other approaches that meet the same stated objective; do not deduct merely for not reproducing this illustration."", ""critical"": false}, {""id"": ""C3"", ""criterion"": ""Case check 3"", ""points"": 20.0, ""description"": ""The response gives an observable way to check the explanation or next teaching action for this specific case; a check for an unrelated topic does not meet this requirement."", ""critical"": false}, {""id"": ""C4"", ""criterion"": ""Case check 4"", ""points"": 20.0, ""description"": ""The response addresses this case using the supplied facts and labels material assumptions or hypothetical examples when it introduces them. Do not require invented assumptions or a boilerplate disclaimer when none is needed; irrelevant or empty responses fail."", ""critical"": false}, {""id"": ""C5"", ""criterion"": ""Case check 5"", ""points"": 20.0, ""description"": ""Critical-error check: the response substantively addresses this case and does not endorse the following error; an irrelevant, empty or purely evasive response fails this criterion: Concluding the science teacher or pupils are inherently incapable."", ""critical"": true}]",elementary
socratic-questioning-sequence-generator__cn56_01,socratic-questioning-sequence-generator,Question Generation,Science,Grade 3 (primary),medium,A primary science teacher wants to improve questioning in the specific lesson described.,"I am a new third-grade science teacher, and next week I will teach the ""Magnetism of Magnets"" lab lesson. I don't know how to design questions and can only ask ""What can magnets attract?"" Can you help me design a set of progressive questions?
Provide a concrete response to this case and a brief rationale. Include a feasible way to check the proposed learning or teaching action. State material assumptions. Hypothetical examples are allowed; do not claim unseen classroom outcomes. Equivalent defensible approaches are welcome.","Answer only this case. Accept equivalent correct approaches and examples.
Correctness: Magnets do not attract all metals or all materials.
Illustrative application (equivalent approaches accepted; only explicit question requirements are mandatory): Sequence predictions, observations on named materials, explanation and a transfer question with contingent follow-ups.
Reject endorsement of: Teaching that every metal is magnetic.","[{""id"": ""C1"", ""criterion"": ""Case check 1"", ""points"": 20.0, ""description"": ""Content check (equivalent correct explanations/examples accepted; the anchor example is not mandatory): Magnets do not attract all metals or all materials."", ""critical"": true}, {""id"": ""C2"", ""criterion"": ""Case check 2"", ""points"": 20.0, ""description"": ""Provides a feasible, correct response to the actual user request. The following is an illustrative teaching approach, not a mandatory example, material, numeric value or fixed sequence unless explicitly requested in the question: Sequence predictions, observations on named materials, explanation and a transfer question with contingent follow-ups. Accept other approaches that meet the same stated objective; do not deduct merely for not reproducing this illustration."", ""critical"": false}, {""id"": ""C3"", ""criterion"": ""Case check 3"", ""points"": 20.0, ""description"": ""The response gives an observable way to check the explanation or next teaching action for this specific case; a check for an unrelated topic does not meet this requirement."", ""critical"": false}, {""id"": ""C4"", ""criterion"": ""Case check 4"", ""points"": 20.0, ""description"": ""The response addresses this case using the supplied facts and labels material assumptions or hypothetical examples when it introduces them. Do not require invented assumptions or a boilerplate disclaimer when none is needed; irrelevant or empty responses fail."", ""critical"": false}, {""id"": ""C5"", ""criterion"": ""Case check 5"", ""points"": 20.0, ""description"": ""Critical-error check: the response substantively addresses this case and does not endorse the following error; an irrelevant, empty or purely evasive response fails this criterion: Teaching that every metal is magnetic."", ""critical"": true}]",elementary
socratic-questioning-sequence-generator__cn56_02,socratic-questioning-sequence-generator,Question Generation,Science,Grade 4 (primary),medium,A primary science teacher wants to improve questioning in the specific lesson described.,"In the fourth-grade ""Condensation of Water Vapor"" experiment, after a student answers ""Water vapor turns into small water droplets when it cools,"" I only know how to say ""Correct,"" and I don't know how to guide other students to participate. What should I do?
Provide a concrete response to this case and a brief rationale. Include a feasible way to check the proposed learning or teaching action. State material assumptions. Hypothetical examples are allowed; do not claim unseen classroom outcomes. Equivalent defensible approaches are welcome.","Answer only this case. Accept equivalent correct approaches and examples.
Correctness: A correct statement can be opened for evidence and peer reasoning.
Illustrative application (equivalent approaches accepted; only explicit question requirements are mandatory): Ask classmates to identify the observed evidence, compare an alternative explanation and extend the answer respectfully.
Reject endorsement of: Only saying correct or requiring peers to repeat the same sentence.","[{""id"": ""C1"", ""criterion"": ""Case check 1"", ""points"": 20.0, ""description"": ""Content check (equivalent correct explanations/examples accepted; the anchor example is not mandatory): A correct statement can be opened for evidence and peer reasoning."", ""critical"": true}, {""id"": ""C2"", ""criterion"": ""Case check 2"", ""points"": 20.0, ""description"": ""Provides a feasible, correct response to the actual user request. The following is an illustrative teaching approach, not a mandatory example, material, numeric value or fixed sequence unless explicitly requested in the question: Ask classmates to identify the observed evidence, compare an alternative explanation and extend the answer respectfully. Accept other approaches that meet the same stated objective; do not deduct merely for not reproducing this illustration."", ""critical"": false}, {""id"": ""C3"", ""criterion"": ""Case check 3"", ""points"": 20.0, ""description"": ""The response gives an observable way to check the explanation or next teaching action for this specific case; a check for an unrelated topic does not meet this requirement."", ""critical"": false}, {""id"": ""C4"", ""criterion"": ""Case check 4"", ""points"": 20.0, ""description"": ""The response addresses this case using the supplied facts and labels material assumptions or hypothetical examples when it introduces them. Do not require invented assumptions or a boilerplate disclaimer when none is needed; irrelevant or empty responses fail."", ""critical"": false}, {""id"": ""C5"", ""criterion"": ""Case check 5"", ""points"": 20.0, ""description"": ""Critical-error check: the response substantively addresses this case and does not endorse the following error; an irrelevant, empty or purely evasive response fails this criterion: Only saying correct or requiring peers to repeat the same sentence."", ""critical"": true}]",elementary
socratic-questioning-sequence-generator__cn56_03,socratic-questioning-sequence-generator,Question Generation,Science,Grade 1 (primary),medium,A primary science teacher wants to improve questioning in the specific lesson described.,"In the first-grade ""Observing Leaves"" lesson, I asked ""What characteristics do leaves have?"" and the students gave all kinds of answers and the class became chaotic. How can I rein in the questioning and guide progressive thinking?
Provide a concrete response to this case and a brief rationale. Include a feasible way to check the proposed learning or teaching action. State material assumptions. Hypothetical examples are allowed; do not claim unseen classroom outcomes. Equivalent defensible approaches are welcome.","Answer only this case. Accept equivalent correct approaches and examples.
Correctness: Leaf observations can be organized by a shared dimension without erasing varied observations.
Illustrative application (equivalent approaches accepted; only explicit question requirements are mandatory): Focus on one feature, compare two examples and then broaden with a reasoned question.
Reject endorsement of: Treating all unexpected observations as wrong.","[{""id"": ""C1"", ""criterion"": ""Case check 1"", ""points"": 20.0, ""description"": ""Content check (equivalent correct explanations/examples accepted; the anchor example is not mandatory): Leaf observations can be organized by a shared dimension without erasing varied observations."", ""critical"": true}, {""id"": ""C2"", ""criterion"": ""Case check 2"", ""points"": 20.0, ""description"": ""Provides a feasible, correct response to the actual user request. The following is an illustrative teaching approach, not a mandatory example, material, numeric value or fixed sequence unless explicitly requested in the question: Focus on one feature, compare two examples and then broaden with a reasoned question. Accept other approaches that meet the same stated objective; do not deduct merely for not reproducing this illustration."", ""critical"": false}, {""id"": ""C3"", ""criterion"": ""Case check 3"", ""points"": 20.0, ""description"": ""The response gives an observable way to check the explanation or next teaching action for this specific case; a check for an unrelated topic does not meet this requirement."", ""critical"": false}, {""id"": ""C4"", ""criterion"": ""Case check 4"", ""points"": 20.0, ""description"": ""The response addresses this case using the supplied facts and labels material assumptions or hypothetical examples when it introduces them. Do not require invented assumptions or a boilerplate disclaimer when none is needed; irrelevant or empty responses fail."", ""critical"": false}, {""id"": ""C5"", ""criterion"": ""Case check 5"", ""points"": 20.0, ""description"": ""Critical-error check: the response substantively addresses this case and does not endorse the following error; an irrelevant, empty or purely evasive response fails this criterion: Treating all unexpected observations as wrong."", ""critical"": true}]",elementary
socratic-questioning-sequence-generator__cn56_04,socratic-questioning-sequence-generator,Question Generation,Science,Primary; grade unspecified,medium,A primary science teacher wants to improve questioning in the specific lesson described.,"After a group reported the results of the ""Lighting a Small Bulb"" experiment, the whole class was silent and the atmosphere turned awkward. How should I guide the reporting group and other students to interact?
Provide a concrete response to this case and a brief rationale. Include a feasible way to check the proposed learning or teaching action. State material assumptions. Hypothetical examples are allowed; do not claim unseen classroom outcomes. Equivalent defensible approaches are welcome.","Answer only this case. Accept equivalent correct approaches and examples.
Correctness: Silence may reflect preparation or participation barriers.
Illustrative application (equivalent approaches accepted; only explicit question requirements are mandatory): Give thinking/pair time, ask for one observation or question about the report and invite a low-pressure response.
Reject endorsement of: Forcing immediate public answers or assuming no learning occurred.","[{""id"": ""C1"", ""criterion"": ""Case check 1"", ""points"": 20.0, ""description"": ""Content check (equivalent correct explanations/examples accepted; the anchor example is not mandatory): Silence may reflect preparation or participation barriers."", ""critical"": true}, {""id"": ""C2"", ""criterion"": ""Case check 2"", ""points"": 20.0, ""description"": ""Provides a feasible, correct response to the actual user request. The following is an illustrative teaching approach, not a mandatory example, material, numeric value or fixed sequence unless explicitly requested in the question: Give thinking/pair time, ask for one observation or question about the report and invite a low-pressure response. Accept other approaches that meet the same stated objective; do not deduct merely for not reproducing this illustration."", ""critical"": false}, {""id"": ""C3"", ""criterion"": ""Case check 3"", ""points"": 20.0, ""description"": ""The response gives an observable way to check the explanation or next teaching action for this specific case; a check for an unrelated topic does not meet this requirement."", ""critical"": false}, {""id"": ""C4"", ""criterion"": ""Case check 4"", ""points"": 20.0, ""description"": ""The response addresses this case using the supplied facts and labels material assumptions or hypothetical examples when it introduces them. Do not require invented assumptions or a boilerplate disclaimer when none is needed; irrelevant or empty responses fail."", ""critical"": false}, {""id"": ""C5"", ""criterion"": ""Case check 5"", ""points"": 20.0, ""description"": ""Critical-error check: the response substantively addresses this case and does not endorse the following error; an irrelevant, empty or purely evasive response fails this criterion: Forcing immediate public answers or assuming no learning occurred."", ""critical"": true}]",elementary
socratic-questioning-sequence-generator__cn56_05,socratic-questioning-sequence-generator,Question Generation,Science,Grade 5 (primary),medium,A primary science teacher wants to improve questioning in the specific lesson described.,"In the fifth-grade ""Speed of a Pendulum"" experiment, I want to highlight the scientific thinking of controlling variables. How should I design progressive questions around this teaching focus?
Provide a concrete response to this case and a brief rationale. Include a feasible way to check the proposed learning or teaching action. State material assumptions. Hypothetical examples are allowed; do not claim unseen classroom outcomes. Equivalent defensible approaches are welcome.","Answer only this case. Accept equivalent correct approaches and examples.
Correctness: A controlled pendulum comparison explicitly chooses the tested variable and holds the other relevant conditions fixed. When testing mass, hold effective length and small release amplitude fixed; when testing length, vary length rather than fixing it.
Illustrative application (equivalent approaches accepted; only explicit question requirements are mandatory): Progress from what changed to what stayed fixed, repeated timing and an evidence-based conclusion.
Reject endorsement of: Inferring mass causes period change from an uncontrolled trial.","[{""id"": ""C1"", ""criterion"": ""Case check 1"", ""points"": 20.0, ""description"": ""Content check (equivalent correct explanations/examples accepted; the anchor example is not mandatory): A controlled pendulum comparison explicitly chooses the tested variable and holds the other relevant conditions fixed. When testing mass, hold effective length and small release amplitude fixed; when testing length, vary length rather than fixing it."", ""critical"": true}, {""id"": ""C2"", ""criterion"": ""Case check 2"", ""points"": 20.0, ""description"": ""Provides a feasible, correct response to the actual user request. The following is an illustrative teaching approach, not a mandatory example, material, numeric value or fixed sequence unless explicitly requested in the question: Progress from what changed to what stayed fixed, repeated timing and an evidence-based conclusion. Accept other approaches that meet the same stated objective; do not deduct merely for not reproducing this illustration."", ""critical"": false}, {""id"": ""C3"", ""criterion"": ""Case check 3"", ""points"": 20.0, ""description"": ""The response gives an observable way to check the explanation or next teaching action for this specific case; a check for an unrelated topic does not meet this requirement."", ""critical"": false}, {""id"": ""C4"", ""criterion"": ""Case check 4"", ""points"": 20.0, ""description"": ""The response addresses this case using the supplied facts and labels material assumptions or hypothetical examples when it introduces them. Do not require invented assumptions or a boilerplate disclaimer when none is needed; irrelevant or empty responses fail."", ""critical"": false}, {""id"": ""C5"", ""criterion"": ""Case check 5"", ""points"": 20.0, ""description"": ""Critical-error check: the response substantively addresses this case and does not endorse the following error; an irrelevant, empty or purely evasive response fails this criterion: Inferring mass causes period change from an uncontrolled trial."", ""critical"": true}]",elementary
socratic-questioning-sequence-generator__cn56_06,socratic-questioning-sequence-generator,Question Generation,Science,Grade 6 (primary),medium,A primary science teacher wants to improve questioning in the specific lesson described.,"In the sixth-grade ""Making a Simple Microscope"" engineering practice lesson, my questions are all ""How do we do it?"" and ""Is it done?"" How can I increase the thinking demand of my questions?
Provide a concrete response to this case and a brief rationale. Include a feasible way to check the proposed learning or teaching action. State material assumptions. Hypothetical examples are allowed; do not claim unseen classroom outcomes. Equivalent defensible approaches are welcome.","Answer only this case. Accept equivalent correct approaches and examples.
Correctness: Engineering questions can ask about criteria, tradeoffs and evidence from testing.
Illustrative application (equivalent approaches accepted; only explicit question requirements are mandatory): Ask students to predict how a lens-position change affects the image, test it and justify a revision.
Reject endorsement of: Equating assembly completion with understanding or directing viewing of the sun.","[{""id"": ""C1"", ""criterion"": ""Case check 1"", ""points"": 20.0, ""description"": ""Content check (equivalent correct explanations/examples accepted; the anchor example is not mandatory): Engineering questions can ask about criteria, tradeoffs and evidence from testing."", ""critical"": true}, {""id"": ""C2"", ""criterion"": ""Case check 2"", ""points"": 20.0, ""description"": ""Provides a feasible, correct response to the actual user request. The following is an illustrative teaching approach, not a mandatory example, material, numeric value or fixed sequence unless explicitly requested in the question: Ask students to predict how a lens-position change affects the image, test it and justify a revision. Accept other approaches that meet the same stated objective; do not deduct merely for not reproducing this illustration."", ""critical"": false}, {""id"": ""C3"", ""criterion"": ""Case check 3"", ""points"": 20.0, ""description"": ""The response gives an observable way to check the explanation or next teaching action for this specific case; a check for an unrelated topic does not meet this requirement."", ""critical"": false}, {""id"": ""C4"", ""criterion"": ""Case check 4"", ""points"": 20.0, ""description"": ""The response addresses this case using the supplied facts and labels material assumptions or hypothetical examples when it introduces them. Do not require invented assumptions or a boilerplate disclaimer when none is needed; irrelevant or empty responses fail."", ""critical"": false}, {""id"": ""C5"", ""criterion"": ""Case check 5"", ""points"": 20.0, ""description"": ""Critical-error check: the response substantively addresses this case and does not endorse the following error; an irrelevant, empty or purely evasive response fails this criterion: Equating assembly completion with understanding or directing viewing of the sun."", ""critical"": true}]",elementary
socratic-questioning-sequence-generator__cn56_07,socratic-questioning-sequence-generator,Question Generation,Science,Primary; grade unspecified,medium,A primary science teacher wants to improve questioning in the specific lesson described.,"I teach two parallel classes. Students in one class are active thinkers who like to ask questions, while students in the other class are reluctant to speak. When teaching the same ""Production of Sound"" lesson, how should I differentiate my question design?
Provide a concrete response to this case and a brief rationale. Include a feasible way to check the proposed learning or teaching action. State material assumptions. Hypothetical examples are allowed; do not claim unseen classroom outcomes. Equivalent defensible approaches are welcome.","Answer only this case. Accept equivalent correct approaches and examples.
Correctness: Different participation patterns need varied response routes but a shared scientific goal.
Illustrative application (equivalent approaches accepted; only explicit question requirements are mandatory): Use the same sound-vibration question with quiet thinking/writing or exploratory extensions and check understanding in both classes.
Reject endorsement of: Assuming talkativeness measures scientific ability.","[{""id"": ""C1"", ""criterion"": ""Case check 1"", ""points"": 20.0, ""description"": ""Content check (equivalent correct explanations/examples accepted; the anchor example is not mandatory): Different participation patterns need varied response routes but a shared scientific goal."", ""critical"": true}, {""id"": ""C2"", ""criterion"": ""Case check 2"", ""points"": 20.0, ""description"": ""Provides a feasible, correct response to the actual user request. The following is an illustrative teaching approach, not a mandatory example, material, numeric value or fixed sequence unless explicitly requested in the question: Use the same sound-vibration question with quiet thinking/writing or exploratory extensions and check understanding in both classes. Accept other approaches that meet the same stated objective; do not deduct merely for not reproducing this illustration."", ""critical"": false}, {""id"": ""C3"", ""criterion"": ""Case check 3"", ""points"": 20.0, ""description"": ""The response gives an observable way to check the explanation or next teaching action for this specific case; a check for an unrelated topic does not meet this requirement."", ""critical"": false}, {""id"": ""C4"", ""criterion"": ""Case check 4"", ""points"": 20.0, ""description"": ""The response addresses this case using the supplied facts and labels material assumptions or hypothetical examples when it introduces them. Do not require invented assumptions or a boilerplate disclaimer when none is needed; irrelevant or empty responses fail."", ""critical"": false}, {""id"": ""C5"", ""criterion"": ""Case check 5"", ""points"": 20.0, ""description"": ""Critical-error check: the response substantively addresses this case and does not endorse the following error; an irrelevant, empty or purely evasive response fails this criterion: Assuming talkativeness measures scientific ability."", ""critical"": true}]",elementary
socratic-questioning-sequence-generator__cn56_08,socratic-questioning-sequence-generator,Question Generation,Science,Primary; grade unspecified,medium,A primary science teacher wants to improve questioning in the specific lesson described.,"When a student answers a question incorrectly, I directly say ""Wrong,"" which discourages the student's enthusiasm. Is there a better way to guide that can both correct the mistake and move thinking forward?
Provide a concrete response to this case and a brief rationale. Include a feasible way to check the proposed learning or teaching action. State material assumptions. Hypothetical examples are allowed; do not claim unseen classroom outcomes. Equivalent defensible approaches are welcome.","Answer only this case. Accept equivalent correct approaches and examples.
Correctness: An incorrect answer is evidence for a follow-up, not a reason for personal criticism.
Illustrative application (equivalent approaches accepted; only explicit question requirements are mandatory): Ask for reasoning, supply a counterexample or observation and invite a revised explanation.
Reject endorsement of: Endorsing the incorrect science to protect feelings or publicly humiliating the student.","[{""id"": ""C1"", ""criterion"": ""Case check 1"", ""points"": 20.0, ""description"": ""Content check (equivalent correct explanations/examples accepted; the anchor example is not mandatory): An incorrect answer is evidence for a follow-up, not a reason for personal criticism."", ""critical"": true}, {""id"": ""C2"", ""criterion"": ""Case check 2"", ""points"": 20.0, ""description"": ""Provides a feasible, correct response to the actual user request. The following is an illustrative teaching approach, not a mandatory example, material, numeric value or fixed sequence unless explicitly requested in the question: Ask for reasoning, supply a counterexample or observation and invite a revised explanation. Accept other approaches that meet the same stated objective; do not deduct merely for not reproducing this illustration."", ""critical"": false}, {""id"": ""C3"", ""criterion"": ""Case check 3"", ""points"": 20.0, ""description"": ""The response gives an observable way to check the explanation or next teaching action for this specific case; a check for an unrelated topic does not meet this requirement."", ""critical"": false}, {""id"": ""C4"", ""criterion"": ""Case check 4"", ""points"": 20.0, ""description"": ""The response addresses this case using the supplied facts and labels material assumptions or hypothetical examples when it introduces them. Do not require invented assumptions or a boilerplate disclaimer when none is needed; irrelevant or empty responses fail."", ""critical"": false}, {""id"": ""C5"", ""criterion"": ""Case check 5"", ""points"": 20.0, ""description"": ""Critical-error check: the response substantively addresses this case and does not endorse the following error; an irrelevant, empty or purely evasive response fails this criterion: Endorsing the incorrect science to protect feelings or publicly humiliating the student."", ""critical"": true}]",elementary
socratic-questioning-sequence-generator__cn56_09,socratic-questioning-sequence-generator,Question Generation,Science,Primary; grade unspecified,medium,A primary science teacher wants to improve questioning in the specific lesson described.,"In the review lesson ""Changes in Matter,"" I only know how to ask ""What is a physical change?"" and ""What is a chemical change?"" How can I design progressive questions to increase the depth of thinking in the review lesson?
Provide a concrete response to this case and a brief rationale. Include a feasible way to check the proposed learning or teaching action. State material assumptions. Hypothetical examples are allowed; do not claim unseen classroom outcomes. Equivalent defensible approaches are welcome.","Answer only this case. Accept equivalent correct approaches and examples.
Correctness: Physical versus chemical change concerns whether new substances form, not reversibility alone.
Illustrative application (equivalent approaches accepted; only explicit question requirements are mandatory): Compare evidence in a new example and ask what additional observation would support a claim.
Reject endorsement of: Using irreversible as a sufficient definition of chemical change.","[{""id"": ""C1"", ""criterion"": ""Case check 1"", ""points"": 20.0, ""description"": ""Content check (equivalent correct explanations/examples accepted; the anchor example is not mandatory): Physical versus chemical change concerns whether new substances form, not reversibility alone."", ""critical"": true}, {""id"": ""C2"", ""criterion"": ""Case check 2"", ""points"": 20.0, ""description"": ""Provides a feasible, correct response to the actual user request. The following is an illustrative teaching approach, not a mandatory example, material, numeric value or fixed sequence unless explicitly requested in the question: Compare evidence in a new example and ask what additional observation would support a claim. Accept other approaches that meet the same stated objective; do not deduct merely for not reproducing this illustration."", ""critical"": false}, {""id"": ""C3"", ""criterion"": ""Case check 3"", ""points"": 20.0, ""description"": ""The response gives an observable way to check the explanation or next teaching action for this specific case; a check for an unrelated topic does not meet this requirement."", ""critical"": false}, {""id"": ""C4"", ""criterion"": ""Case check 4"", ""points"": 20.0, ""description"": ""The response addresses this case using the supplied facts and labels material assumptions or hypothetical examples when it introduces them. Do not require invented assumptions or a boilerplate disclaimer when none is needed; irrelevant or empty responses fail."", ""critical"": false}, {""id"": ""C5"", ""criterion"": ""Case check 5"", ""points"": 20.0, ""description"": ""Critical-error check: the response substantively addresses this case and does not endorse the following error; an irrelevant, empty or purely evasive response fails this criterion: Using irreversible as a sufficient definition of chemical change."", ""critical"": true}]",elementary
socratic-questioning-sequence-generator__cn56_10,socratic-questioning-sequence-generator,Question Generation,Science,Primary; grade unspecified,medium,A primary science teacher wants to improve questioning in the specific lesson described.,"I designed questions by referring to the teacher's guide, but in class the students' answers completely deviated from my expectations. How should I adjust my questions to continue moving the inquiry forward?
Provide a concrete response to this case and a brief rationale. Include a feasible way to check the proposed learning or teaching action. State material assumptions. Hypothetical examples are allowed; do not claim unseen classroom outcomes. Equivalent defensible approaches are welcome.","Answer only this case. Accept equivalent correct approaches and examples.
Correctness: Unexpected answers should be checked for relevance and underlying reasoning.
Illustrative application (equivalent approaches accepted; only explicit question requirements are mandatory): Follow one productive idea with evidence questions, correct misconceptions and return to the core objective when needed.
Reject endorsement of: Forcing every answer back to the guide's exact wording.","[{""id"": ""C1"", ""criterion"": ""Case check 1"", ""points"": 20.0, ""description"": ""Content check (equivalent correct explanations/examples accepted; the anchor example is not mandatory): Unexpected answers should be checked for relevance and underlying reasoning."", ""critical"": true}, {""id"": ""C2"", ""criterion"": ""Case check 2"", ""points"": 20.0, ""description"": ""Provides a feasible, correct response to the actual user request. The following is an illustrative teaching approach, not a mandatory example, material, numeric value or fixed sequence unless explicitly requested in the question: Follow one productive idea with evidence questions, correct misconceptions and return to the core objective when needed. Accept other approaches that meet the same stated objective; do not deduct merely for not reproducing this illustration."", ""critical"": false}, {""id"": ""C3"", ""criterion"": ""Case check 3"", ""points"": 20.0, ""description"": ""The response gives an observable way to check the explanation or next teaching action for this specific case; a check for an unrelated topic does not meet this requirement."", ""critical"": false}, {""id"": ""C4"", ""criterion"": ""Case check 4"", ""points"": 20.0, ""description"": ""The response addresses this case using the supplied facts and labels material assumptions or hypothetical examples when it introduces them. Do not require invented assumptions or a boilerplate disclaimer when none is needed; irrelevant or empty responses fail."", ""critical"": false}, {""id"": ""C5"", ""criterion"": ""Case check 5"", ""points"": 20.0, ""description"": ""Critical-error check: the response substantively addresses this case and does not endorse the following error; an irrelevant, empty or purely evasive response fails this criterion: Forcing every answer back to the guide's exact wording."", ""critical"": true}]",elementary
lesson-builder__cn57_01,lesson-builder,Teaching Material Generation,Science,Grade 2 (primary),medium,A primary teacher needs an equitable response to the particular group-role problem described. Teacher intervention may be appropriate; no categorical ban on temporary assignment is assumed.,"In my second-grade groups of four, as soon as roles are assigned they all rush to be the group leader and end up arguing. How can I quickly resolve this without delaying the lesson?
Provide a concrete response to this case and a brief rationale. Include a feasible way to check the proposed learning or teaching action. State material assumptions. Hypothetical examples are allowed; do not claim unseen classroom outcomes. Equivalent defensible approaches are welcome.","Answer only this case. Accept equivalent correct approaches and examples.
Correctness: A quick role conflict needs a fair temporary procedure and a later turn for each pupil.
Illustrative application (equivalent approaches accepted; only explicit question requirements are mandatory): Use a brief rotation or agreed selection, model role duties and resume with a check.
Reject endorsement of: Automatically failing any temporary teacher assignment or allowing one permanent leader.","[{""id"": ""C1"", ""criterion"": ""Case check 1"", ""points"": 20.0, ""description"": ""Content check (equivalent correct explanations/examples accepted; the anchor example is not mandatory): A quick role conflict needs a fair temporary procedure and a later turn for each pupil."", ""critical"": true}, {""id"": ""C2"", ""criterion"": ""Case check 2"", ""points"": 20.0, ""description"": ""Provides a feasible, correct response to the actual user request. The following is an illustrative teaching approach, not a mandatory example, material, numeric value or fixed sequence unless explicitly requested in the question: Use a brief rotation or agreed selection, model role duties and resume with a check. Accept other approaches that meet the same stated objective; do not deduct merely for not reproducing this illustration."", ""critical"": false}, {""id"": ""C3"", ""criterion"": ""Case check 3"", ""points"": 20.0, ""description"": ""The response gives an observable way to check the explanation or next teaching action for this specific case; a check for an unrelated topic does not meet this requirement."", ""critical"": false}, {""id"": ""C4"", ""criterion"": ""Case check 4"", ""points"": 20.0, ""description"": ""The response addresses this case using the supplied facts and labels material assumptions or hypothetical examples when it introduces them. Do not require invented assumptions or a boilerplate disclaimer when none is needed; irrelevant or empty responses fail."", ""critical"": false}, {""id"": ""C5"", ""criterion"": ""Case check 5"", ""points"": 20.0, ""description"": ""Critical-error check: the response substantively addresses this case and does not endorse the following error; an irrelevant, empty or purely evasive response fails this criterion: Automatically failing any temporary teacher assignment or allowing one permanent leader."", ""critical"": true}]",elementary
lesson-builder__cn57_02,lesson-builder,Teaching Material Generation,Science,Primary; grade unspecified,medium,A primary teacher needs an equitable response to the particular group-role problem described. Teacher intervention may be appropriate; no categorical ban on temporary assignment is assumed.,"In one group, no one wants to be the leader. They keep passing it off to each other, and after five minutes they still have not decided. How should I handle this?
Provide a concrete response to this case and a brief rationale. Include a feasible way to check the proposed learning or teaching action. State material assumptions. Hypothetical examples are allowed; do not claim unseen classroom outcomes. Equivalent defensible approaches are welcome.","Answer only this case. Accept equivalent correct approaches and examples.
Correctness: Reluctance to lead may reflect unclear duties or pressure.
Illustrative application (equivalent approaches accepted; only explicit question requirements are mandatory): Clarify a small supported leader task, offer co-leading or a temporary scaffold and rotate later.
Reject endorsement of: Forcing one unwilling pupil into public leadership without support.","[{""id"": ""C1"", ""criterion"": ""Case check 1"", ""points"": 20.0, ""description"": ""Content check (equivalent correct explanations/examples accepted; the anchor example is not mandatory): Reluctance to lead may reflect unclear duties or pressure."", ""critical"": true}, {""id"": ""C2"", ""criterion"": ""Case check 2"", ""points"": 20.0, ""description"": ""Provides a feasible, correct response to the actual user request. The following is an illustrative teaching approach, not a mandatory example, material, numeric value or fixed sequence unless explicitly requested in the question: Clarify a small supported leader task, offer co-leading or a temporary scaffold and rotate later. Accept other approaches that meet the same stated objective; do not deduct merely for not reproducing this illustration."", ""critical"": false}, {""id"": ""C3"", ""criterion"": ""Case check 3"", ""points"": 20.0, ""description"": ""The response gives an observable way to check the explanation or next teaching action for this specific case; a check for an unrelated topic does not meet this requirement."", ""critical"": false}, {""id"": ""C4"", ""criterion"": ""Case check 4"", ""points"": 20.0, ""description"": ""The response addresses this case using the supplied facts and labels material assumptions or hypothetical examples when it introduces them. Do not require invented assumptions or a boilerplate disclaimer when none is needed; irrelevant or empty responses fail."", ""critical"": false}, {""id"": ""C5"", ""criterion"": ""Case check 5"", ""points"": 20.0, ""description"": ""Critical-error check: the response substantively addresses this case and does not endorse the following error; an irrelevant, empty or purely evasive response fails this criterion: Forcing one unwilling pupil into public leadership without support."", ""critical"": true}]",elementary
lesson-builder__cn57_03,lesson-builder,Teaching Material Generation,Science,Primary; grade unspecified,medium,A primary teacher needs an equitable response to the particular group-role problem described. Teacher intervention may be appropriate; no categorical ban on temporary assignment is assumed.,"There is a very dominant student in one group who always monopolizes the operator role and won't let others touch anything. I cannot criticize him in front of the class, so how should I guide him?
Provide a concrete response to this case and a brief rationale. Include a feasible way to check the proposed learning or teaching action. State material assumptions. Hypothetical examples are allowed; do not claim unseen classroom outcomes. Equivalent defensible approaches are welcome.","Answer only this case. Accept equivalent correct approaches and examples.
Correctness: Monopolizing equipment requires an immediate clear boundary with respectful feedback.
Illustrative application (equivalent approaches accepted; only explicit question requirements are mandatory): Pause the handover, specify turns and give the pupil a constructive role while verifying others' access.
Reject endorsement of: Avoiding all intervention to prevent public criticism or labelling the pupil as bad.","[{""id"": ""C1"", ""criterion"": ""Case check 1"", ""points"": 20.0, ""description"": ""Content check (equivalent correct explanations/examples accepted; the anchor example is not mandatory): Monopolizing equipment requires an immediate clear boundary with respectful feedback."", ""critical"": true}, {""id"": ""C2"", ""criterion"": ""Case check 2"", ""points"": 20.0, ""description"": ""Provides a feasible, correct response to the actual user request. The following is an illustrative teaching approach, not a mandatory example, material, numeric value or fixed sequence unless explicitly requested in the question: Pause the handover, specify turns and give the pupil a constructive role while verifying others' access. Accept other approaches that meet the same stated objective; do not deduct merely for not reproducing this illustration."", ""critical"": false}, {""id"": ""C3"", ""criterion"": ""Case check 3"", ""points"": 20.0, ""description"": ""The response gives an observable way to check the explanation or next teaching action for this specific case; a check for an unrelated topic does not meet this requirement."", ""critical"": false}, {""id"": ""C4"", ""criterion"": ""Case check 4"", ""points"": 20.0, ""description"": ""The response addresses this case using the supplied facts and labels material assumptions or hypothetical examples when it introduces them. Do not require invented assumptions or a boilerplate disclaimer when none is needed; irrelevant or empty responses fail."", ""critical"": false}, {""id"": ""C5"", ""criterion"": ""Case check 5"", ""points"": 20.0, ""description"": ""Critical-error check: the response substantively addresses this case and does not endorse the following error; an irrelevant, empty or purely evasive response fails this criterion: Avoiding all intervention to prevent public criticism or labelling the pupil as bad."", ""critical"": true}]",elementary
lesson-builder__cn57_04,lesson-builder,Teaching Material Generation,Science,Primary; grade unspecified,medium,A primary teacher needs an equitable response to the particular group-role problem described. Teacher intervention may be appropriate; no categorical ban on temporary assignment is assumed.,"There is an introverted student in my class who hides during role assignment every time, does not speak or participate, and is always left on the sidelines. How should I guide him?
Provide a concrete response to this case and a brief rationale. Include a feasible way to check the proposed learning or teaching action. State material assumptions. Hypothetical examples are allowed; do not claim unseen classroom outcomes. Equivalent defensible approaches are welcome.","Answer only this case. Accept equivalent correct approaches and examples.
Correctness: A quiet pupil needs a meaningful accessible choice, not a permanent peripheral role.
Illustrative application (equivalent approaches accepted; only explicit question requirements are mandatory): Offer a prepared or partner-supported contribution and check privately what helps.
Reject endorsement of: Always assigning quiet children to recording or forcing a public performance.","[{""id"": ""C1"", ""criterion"": ""Case check 1"", ""points"": 20.0, ""description"": ""Content check (equivalent correct explanations/examples accepted; the anchor example is not mandatory): A quiet pupil needs a meaningful accessible choice, not a permanent peripheral role."", ""critical"": true}, {""id"": ""C2"", ""criterion"": ""Case check 2"", ""points"": 20.0, ""description"": ""Provides a feasible, correct response to the actual user request. The following is an illustrative teaching approach, not a mandatory example, material, numeric value or fixed sequence unless explicitly requested in the question: Offer a prepared or partner-supported contribution and check privately what helps. Accept other approaches that meet the same stated objective; do not deduct merely for not reproducing this illustration."", ""critical"": false}, {""id"": ""C3"", ""criterion"": ""Case check 3"", ""points"": 20.0, ""description"": ""The response gives an observable way to check the explanation or next teaching action for this specific case; a check for an unrelated topic does not meet this requirement."", ""critical"": false}, {""id"": ""C4"", ""criterion"": ""Case check 4"", ""points"": 20.0, ""description"": ""The response addresses this case using the supplied facts and labels material assumptions or hypothetical examples when it introduces them. Do not require invented assumptions or a boilerplate disclaimer when none is needed; irrelevant or empty responses fail."", ""critical"": false}, {""id"": ""C5"", ""criterion"": ""Case check 5"", ""points"": 20.0, ""description"": ""Critical-error check: the response substantively addresses this case and does not endorse the following error; an irrelevant, empty or purely evasive response fails this criterion: Always assigning quiet children to recording or forcing a public performance."", ""critical"": true}]",elementary
lesson-builder__cn57_05,lesson-builder,Teaching Material Generation,Science,Primary; grade unspecified,medium,A primary teacher needs an equitable response to the particular group-role problem described. Teacher intervention may be appropriate; no categorical ban on temporary assignment is assumed.,"My first-graders completely do not understand 'taking turns' and 'waiting.' How can I teach them role assignment rules in the simplest way?
Provide a concrete response to this case and a brief rationale. Include a feasible way to check the proposed learning or teaching action. State material assumptions. Hypothetical examples are allowed; do not claim unseen classroom outcomes. Equivalent defensible approaches are welcome.","Answer only this case. Accept equivalent correct approaches and examples.
Correctness: Turn-taking is learned through a visible simple sequence.
Illustrative application (equivalent approaches accepted; only explicit question requirements are mandatory): Model passing an object, rehearse short turns and use a visual cue with feedback.
Reject endorsement of: Explaining only abstract fairness to first-graders.","[{""id"": ""C1"", ""criterion"": ""Case check 1"", ""points"": 20.0, ""description"": ""Content check (equivalent correct explanations/examples accepted; the anchor example is not mandatory): Turn-taking is learned through a visible simple sequence."", ""critical"": true}, {""id"": ""C2"", ""criterion"": ""Case check 2"", ""points"": 20.0, ""description"": ""Provides a feasible, correct response to the actual user request. The following is an illustrative teaching approach, not a mandatory example, material, numeric value or fixed sequence unless explicitly requested in the question: Model passing an object, rehearse short turns and use a visual cue with feedback. Accept other approaches that meet the same stated objective; do not deduct merely for not reproducing this illustration."", ""critical"": false}, {""id"": ""C3"", ""criterion"": ""Case check 3"", ""points"": 20.0, ""description"": ""The response gives an observable way to check the explanation or next teaching action for this specific case; a check for an unrelated topic does not meet this requirement."", ""critical"": false}, {""id"": ""C4"", ""criterion"": ""Case check 4"", ""points"": 20.0, ""description"": ""The response addresses this case using the supplied facts and labels material assumptions or hypothetical examples when it introduces them. Do not require invented assumptions or a boilerplate disclaimer when none is needed; irrelevant or empty responses fail."", ""critical"": false}, {""id"": ""C5"", ""criterion"": ""Case check 5"", ""points"": 20.0, ""description"": ""Critical-error check: the response substantively addresses this case and does not endorse the following error; an irrelevant, empty or purely evasive response fails this criterion: Explaining only abstract fairness to first-graders."", ""critical"": true}]",elementary
lesson-builder__cn57_06,lesson-builder,Teaching Material Generation,Science,Primary; grade unspecified,medium,A primary teacher needs an equitable response to the particular group-role problem described. Teacher intervention may be appropriate; no categorical ban on temporary assignment is assumed.,"I want to let groups set their own role assignment rules. They want to use rock-paper-scissors or drawing lots. Is that okay? What should I as the teacher do and not do?
Provide a concrete response to this case and a brief rationale. Include a feasible way to check the proposed learning or teaching action. State material assumptions. Hypothetical examples are allowed; do not claim unseen classroom outcomes. Equivalent defensible approaches are welcome.","Answer only this case. Accept equivalent correct approaches and examples.
Correctness: Agreed random selection can be one tool when roles are safe and equitable over time.
Illustrative application (equivalent approaches accepted; only explicit question requirements are mandatory): Combine it with clear duties, rotation and teacher intervention if exclusion or access barriers appear.
Reject endorsement of: Treating any student vote or lottery as automatically fair.","[{""id"": ""C1"", ""criterion"": ""Case check 1"", ""points"": 20.0, ""description"": ""Content check (equivalent correct explanations/examples accepted; the anchor example is not mandatory): Agreed random selection can be one tool when roles are safe and equitable over time."", ""critical"": true}, {""id"": ""C2"", ""criterion"": ""Case check 2"", ""points"": 20.0, ""description"": ""Provides a feasible, correct response to the actual user request. The following is an illustrative teaching approach, not a mandatory example, material, numeric value or fixed sequence unless explicitly requested in the question: Combine it with clear duties, rotation and teacher intervention if exclusion or access barriers appear. Accept other approaches that meet the same stated objective; do not deduct merely for not reproducing this illustration."", ""critical"": false}, {""id"": ""C3"", ""criterion"": ""Case check 3"", ""points"": 20.0, ""description"": ""The response gives an observable way to check the explanation or next teaching action for this specific case; a check for an unrelated topic does not meet this requirement."", ""critical"": false}, {""id"": ""C4"", ""criterion"": ""Case check 4"", ""points"": 20.0, ""description"": ""The response addresses this case using the supplied facts and labels material assumptions or hypothetical examples when it introduces them. Do not require invented assumptions or a boilerplate disclaimer when none is needed; irrelevant or empty responses fail."", ""critical"": false}, {""id"": ""C5"", ""criterion"": ""Case check 5"", ""points"": 20.0, ""description"": ""Critical-error check: the response substantively addresses this case and does not endorse the following error; an irrelevant, empty or purely evasive response fails this criterion: Treating any student vote or lottery as automatically fair."", ""critical"": true}]",elementary
lesson-builder__cn57_07,lesson-builder,Teaching Material Generation,Science,Grade 6 (primary),medium,A primary teacher needs an equitable response to the particular group-role problem described. Teacher intervention may be appropriate; no categorical ban on temporary assignment is assumed.,"A sixth-grade group appears quiet on the surface, but some students deliberately exclude a classmate and give him no role. This is a form of cold violence. How should I handle it?
Provide a concrete response to this case and a brief rationale. Include a feasible way to check the proposed learning or teaching action. State material assumptions. Hypothetical examples are allowed; do not claim unseen classroom outcomes. Equivalent defensible approaches are welcome.","Answer only this case. Accept equivalent correct approaches and examples.
Correctness: Exclusion needs teacher action based on observed behavior and a protected route to participation.
Illustrative application (equivalent approaches accepted; only explicit question requirements are mandatory): Check the situation, stop exclusion, assign a meaningful supported contribution and follow up privately.
Reject endorsement of: Leaving the targeted student without a role to preserve group autonomy.","[{""id"": ""C1"", ""criterion"": ""Case check 1"", ""points"": 20.0, ""description"": ""Content check (equivalent correct explanations/examples accepted; the anchor example is not mandatory): Exclusion needs teacher action based on observed behavior and a protected route to participation."", ""critical"": true}, {""id"": ""C2"", ""criterion"": ""Case check 2"", ""points"": 20.0, ""description"": ""Provides a feasible, correct response to the actual user request. The following is an illustrative teaching approach, not a mandatory example, material, numeric value or fixed sequence unless explicitly requested in the question: Check the situation, stop exclusion, assign a meaningful supported contribution and follow up privately. Accept other approaches that meet the same stated objective; do not deduct merely for not reproducing this illustration."", ""critical"": false}, {""id"": ""C3"", ""criterion"": ""Case check 3"", ""points"": 20.0, ""description"": ""The response gives an observable way to check the explanation or next teaching action for this specific case; a check for an unrelated topic does not meet this requirement."", ""critical"": false}, {""id"": ""C4"", ""criterion"": ""Case check 4"", ""points"": 20.0, ""description"": ""The response addresses this case using the supplied facts and labels material assumptions or hypothetical examples when it introduces them. Do not require invented assumptions or a boilerplate disclaimer when none is needed; irrelevant or empty responses fail."", ""critical"": false}, {""id"": ""C5"", ""criterion"": ""Case check 5"", ""points"": 20.0, ""description"": ""Critical-error check: the response substantively addresses this case and does not endorse the following error; an irrelevant, empty or purely evasive response fails this criterion: Leaving the targeted student without a role to preserve group autonomy."", ""critical"": true}]",elementary
lesson-builder__cn57_08,lesson-builder,Teaching Material Generation,Science,Primary; grade unspecified,medium,A primary teacher needs an equitable response to the particular group-role problem described. Teacher intervention may be appropriate; no categorical ban on temporary assignment is assumed.,"There is a student with weak hands-on skills in the group who is always pushed out. How should I guide the students so he can succeed and feel a sense of accomplishment?
Provide a concrete response to this case and a brief rationale. Include a feasible way to check the proposed learning or teaching action. State material assumptions. Hypothetical examples are allowed; do not claim unseen classroom outcomes. Equivalent defensible approaches are welcome.","Answer only this case. Accept equivalent correct approaches and examples.
Correctness: A pupil with weaker practical skills needs scaffolded access to real work.
Illustrative application (equivalent approaches accepted; only explicit question requirements are mandatory): Choose a manageable operation, model or partner-support it and recognize observed progress.
Reject endorsement of: Permanently excluding the pupil from operation or fabricating success.","[{""id"": ""C1"", ""criterion"": ""Case check 1"", ""points"": 20.0, ""description"": ""Content check (equivalent correct explanations/examples accepted; the anchor example is not mandatory): A pupil with weaker practical skills needs scaffolded access to real work."", ""critical"": true}, {""id"": ""C2"", ""criterion"": ""Case check 2"", ""points"": 20.0, ""description"": ""Provides a feasible, correct response to the actual user request. The following is an illustrative teaching approach, not a mandatory example, material, numeric value or fixed sequence unless explicitly requested in the question: Choose a manageable operation, model or partner-support it and recognize observed progress. Accept other approaches that meet the same stated objective; do not deduct merely for not reproducing this illustration."", ""critical"": false}, {""id"": ""C3"", ""criterion"": ""Case check 3"", ""points"": 20.0, ""description"": ""The response gives an observable way to check the explanation or next teaching action for this specific case; a check for an unrelated topic does not meet this requirement."", ""critical"": false}, {""id"": ""C4"", ""criterion"": ""Case check 4"", ""points"": 20.0, ""description"": ""The response addresses this case using the supplied facts and labels material assumptions or hypothetical examples when it introduces them. Do not require invented assumptions or a boilerplate disclaimer when none is needed; irrelevant or empty responses fail."", ""critical"": false}, {""id"": ""C5"", ""criterion"": ""Case check 5"", ""points"": 20.0, ""description"": ""Critical-error check: the response substantively addresses this case and does not endorse the following error; an irrelevant, empty or purely evasive response fails this criterion: Permanently excluding the pupil from operation or fabricating success."", ""critical"": true}]",elementary
lesson-builder__cn57_09,lesson-builder,Teaching Material Generation,Science,Primary; grade unspecified,medium,A primary teacher needs an equitable response to the particular group-role problem described. Teacher intervention may be appropriate; no categorical ban on temporary assignment is assumed.,"Group role assignment is always chaotic: some students have nothing to do, some cannot finish, and some rush to do everything. How can I design fixed roles so everyone has something to do?
Provide a concrete response to this case and a brief rationale. Include a feasible way to check the proposed learning or teaching action. State material assumptions. Hypothetical examples are allowed; do not claim unseen classroom outcomes. Equivalent defensible approaches are welcome.","Answer only this case. Accept equivalent correct approaches and examples.
Correctness: Roles should divide real work and rotate, with workload checked.
Illustrative application (equivalent approaches accepted; only explicit question requirements are mandatory): Define concrete responsibilities and one handover rule, then check every member's contribution.
Reject endorsement of: Fixed personality-based roles that make some children permanent bystanders.","[{""id"": ""C1"", ""criterion"": ""Case check 1"", ""points"": 20.0, ""description"": ""Content check (equivalent correct explanations/examples accepted; the anchor example is not mandatory): Roles should divide real work and rotate, with workload checked."", ""critical"": true}, {""id"": ""C2"", ""criterion"": ""Case check 2"", ""points"": 20.0, ""description"": ""Provides a feasible, correct response to the actual user request. The following is an illustrative teaching approach, not a mandatory example, material, numeric value or fixed sequence unless explicitly requested in the question: Define concrete responsibilities and one handover rule, then check every member's contribution. Accept other approaches that meet the same stated objective; do not deduct merely for not reproducing this illustration."", ""critical"": false}, {""id"": ""C3"", ""criterion"": ""Case check 3"", ""points"": 20.0, ""description"": ""The response gives an observable way to check the explanation or next teaching action for this specific case; a check for an unrelated topic does not meet this requirement."", ""critical"": false}, {""id"": ""C4"", ""criterion"": ""Case check 4"", ""points"": 20.0, ""description"": ""The response addresses this case using the supplied facts and labels material assumptions or hypothetical examples when it introduces them. Do not require invented assumptions or a boilerplate disclaimer when none is needed; irrelevant or empty responses fail."", ""critical"": false}, {""id"": ""C5"", ""criterion"": ""Case check 5"", ""points"": 20.0, ""description"": ""Critical-error check: the response substantively addresses this case and does not endorse the following error; an irrelevant, empty or purely evasive response fails this criterion: Fixed personality-based roles that make some children permanent bystanders."", ""critical"": true}]",elementary
lesson-builder__cn57_10,lesson-builder,Teaching Material Generation,Science,Primary; grade unspecified,medium,A primary teacher needs an equitable response to the particular group-role problem described. Teacher intervention may be appropriate; no categorical ban on temporary assignment is assumed.,"I used to directly assign the group leader whenever things got chaotic. Now I want to change that. How can I smoothly transition from 'teacher-assigned roles' to 'student-led role assignment'?
Provide a concrete response to this case and a brief rationale. Include a feasible way to check the proposed learning or teaching action. State material assumptions. Hypothetical examples are allowed; do not claim unseen classroom outcomes. Equivalent defensible approaches are welcome.","Answer only this case. Accept equivalent correct approaches and examples.
Correctness: Teacher-assigned roles can be a temporary scaffold that is gradually reduced.
Illustrative application (equivalent approaches accepted; only explicit question requirements are mandatory): Move from modeled assignment to guided rotation and student negotiation with review criteria.
Reject endorsement of: Claiming all direct assignment is inherently prohibited.","[{""id"": ""C1"", ""criterion"": ""Case check 1"", ""points"": 20.0, ""description"": ""Content check (equivalent correct explanations/examples accepted; the anchor example is not mandatory): Teacher-assigned roles can be a temporary scaffold that is gradually reduced."", ""critical"": true}, {""id"": ""C2"", ""criterion"": ""Case check 2"", ""points"": 20.0, ""description"": ""Provides a feasible, correct response to the actual user request. The following is an illustrative teaching approach, not a mandatory example, material, numeric value or fixed sequence unless explicitly requested in the question: Move from modeled assignment to guided rotation and student negotiation with review criteria. Accept other approaches that meet the same stated objective; do not deduct merely for not reproducing this illustration."", ""critical"": false}, {""id"": ""C3"", ""criterion"": ""Case check 3"", ""points"": 20.0, ""description"": ""The response gives an observable way to check the explanation or next teaching action for this specific case; a check for an unrelated topic does not meet this requirement."", ""critical"": false}, {""id"": ""C4"", ""criterion"": ""Case check 4"", ""points"": 20.0, ""description"": ""The response addresses this case using the supplied facts and labels material assumptions or hypothetical examples when it introduces them. Do not require invented assumptions or a boilerplate disclaimer when none is needed; irrelevant or empty responses fail."", ""critical"": false}, {""id"": ""C5"", ""criterion"": ""Case check 5"", ""points"": 20.0, ""description"": ""Critical-error check: the response substantively addresses this case and does not endorse the following error; an irrelevant, empty or purely evasive response fails this criterion: Claiming all direct assignment is inherently prohibited."", ""critical"": true}]",elementary
adaptive-hint-sequence-designer__cn59_01,adaptive-hint-sequence-designer,Teaching Material Generation,Science,Grade 1 (primary),medium,A primary science teacher encountered an unexpected observation in the experiment described in the question. Its cause has not been established.,"In a first-grade 'water surface tension' experiment, the paper clip sank as soon as it was placed in the water, which is different from the textbook saying that 'many can float.' The students all looked at me. What should I say?
Provide a concrete response to this case and a brief rationale. Include a feasible way to check the proposed learning or teaching action. State material assumptions. Hypothetical examples are allowed; do not claim unseen classroom outcomes. Equivalent defensible approaches are welcome.","Answer only this case. Accept equivalent correct approaches and examples.
Correctness: A sinking paper clip is an observation, not a failed student. Surface support depends on placement, surface condition and wetting; flotation is not guaranteed.
Illustrative application (equivalent approaches accepted; only explicit question requirements are mandatory): Say what was observed, invite one testable explanation, and compare gentle placement in clean water with the original attempt.
Reject endorsement of: Promising every paper clip floats or replacing observations with the textbook result.","[{""id"": ""C1"", ""criterion"": ""Case check 1"", ""points"": 16.666666666666668, ""description"": ""Content check (equivalent correct explanations/examples accepted; the anchor example is not mandatory): A sinking paper clip is an observation, not a failed student."", ""critical"": true}, {""id"": ""C2"", ""criterion"": ""Case check 2"", ""points"": 16.666666666666668, ""description"": ""Content check (equivalent correct explanations/examples accepted; the anchor example is not mandatory): Surface support depends on placement, surface condition and wetting; flotation is not guaranteed."", ""critical"": true}, {""id"": ""C3"", ""criterion"": ""Case check 3"", ""points"": 16.666666666666668, ""description"": ""Provides a feasible, correct response to the actual user request. The following is an illustrative teaching approach, not a mandatory example, material, numeric value or fixed sequence unless explicitly requested in the question: Say what was observed, invite one testable explanation, and compare gentle placement in clean water with the original attempt. Accept other approaches that meet the same stated objective; do not deduct merely for not reproducing this illustration."", ""critical"": false}, {""id"": ""C4"", ""criterion"": ""Case check 4"", ""points"": 16.666666666666668, ""description"": ""The response gives an observable way to check the explanation or next teaching action for this specific case; a check for an unrelated topic does not meet this requirement."", ""critical"": false}, {""id"": ""C5"", ""criterion"": ""Case check 5"", ""points"": 16.666666666666668, ""description"": ""The response addresses this case using the supplied facts and labels material assumptions or hypothetical examples when it introduces them. Do not require invented assumptions or a boilerplate disclaimer when none is needed; irrelevant or empty responses fail."", ""critical"": false}, {""id"": ""C6"", ""criterion"": ""Case check 6"", ""points"": 16.666666666666668, ""description"": ""Critical-error check: the response substantively addresses this case and does not endorse the following error; an irrelevant, empty or purely evasive response fails this criterion: Promising every paper clip floats or replacing observations with the textbook result."", ""critical"": true}]",elementary
adaptive-hint-sequence-designer__cn59_02,adaptive-hint-sequence-designer,Teaching Material Generation,Science,Grade 5 (primary),medium,A primary science teacher encountered an unexpected observation in the experiment described in the question. Its cause has not been established.,"In a fifth-grade 'Earthworm's Choice' experiment, most earthworms lay still between the wet soil and the dry soil, completely inconsistent with the textbook's expectation. How should I guide students to investigate?
Provide a concrete response to this case and a brief rationale. Include a feasible way to check the proposed learning or teaching action. State material assumptions. Hypothetical examples are allowed; do not claim unseen classroom outcomes. Equivalent defensible approaches are welcome.","Answer only this case. Accept equivalent correct approaches and examples.
Correctness: Immobile earthworms do not establish a moisture preference. Acclimation, lighting, temperature and moisture can affect behavior.
Illustrative application (equivalent approaches accepted; only explicit question requirements are mandatory): Allow observation time, compare conditions while changing one factor and protect the organisms; record no movement honestly.
Reject endorsement of: Forcing movement, drying organisms deliberately or interpreting immobility as a clear choice.","[{""id"": ""C1"", ""criterion"": ""Case check 1"", ""points"": 16.666666666666668, ""description"": ""Content check (equivalent correct explanations/examples accepted; the anchor example is not mandatory): Immobile earthworms do not establish a moisture preference."", ""critical"": true}, {""id"": ""C2"", ""criterion"": ""Case check 2"", ""points"": 16.666666666666668, ""description"": ""Content check (equivalent correct explanations/examples accepted; the anchor example is not mandatory): Acclimation, lighting, temperature and moisture can affect behavior."", ""critical"": true}, {""id"": ""C3"", ""criterion"": ""Case check 3"", ""points"": 16.666666666666668, ""description"": ""Provides a feasible, correct response to the actual user request. The following is an illustrative teaching approach, not a mandatory example, material, numeric value or fixed sequence unless explicitly requested in the question: Allow observation time, compare conditions while changing one factor and protect the organisms; record no movement honestly. Accept other approaches that meet the same stated objective; do not deduct merely for not reproducing this illustration."", ""critical"": false}, {""id"": ""C4"", ""criterion"": ""Case check 4"", ""points"": 16.666666666666668, ""description"": ""The response gives an observable way to check the explanation or next teaching action for this specific case; a check for an unrelated topic does not meet this requirement."", ""critical"": false}, {""id"": ""C5"", ""criterion"": ""Case check 5"", ""points"": 16.666666666666668, ""description"": ""The response addresses this case using the supplied facts and labels material assumptions or hypothetical examples when it introduces them. Do not require invented assumptions or a boilerplate disclaimer when none is needed; irrelevant or empty responses fail."", ""critical"": false}, {""id"": ""C6"", ""criterion"": ""Case check 6"", ""points"": 16.666666666666668, ""description"": ""Critical-error check: the response substantively addresses this case and does not endorse the following error; an irrelevant, empty or purely evasive response fails this criterion: Forcing movement, drying organisms deliberately or interpreting immobility as a clear choice."", ""critical"": true}]",elementary
adaptive-hint-sequence-designer__cn59_03,adaptive-hint-sequence-designer,Teaching Material Generation,Science,Grade 4 (primary),medium,A primary science teacher encountered an unexpected observation in the experiment described in the question. Its cause has not been established.,"In a fourth-grade 'Magnet's Poles' experiment, students found that the like poles of two magnets actually attracted each other, and they all shouted, 'The textbook is wrong!' How should I respond?
Provide a concrete response to this case and a brief rationale. Include a feasible way to check the proposed learning or teaching action. State material assumptions. Hypothetical examples are allowed; do not claim unseen classroom outcomes. Equivalent defensible approaches are welcome.","Answer only this case. Accept equivalent correct approaches and examples.
Correctness: Check whether the facing ends really are like poles and whether both objects are magnets before revising the claim about poles.
Illustrative application (equivalent approaches accepted; only explicit question requirements are mandatory): Label ends consistently and use a known magnet to check the pole identification, then repeat and document.
Reject endorsement of: Declaring magnetism disproved or changing the recorded result to match a textbook.","[{""id"": ""C1"", ""criterion"": ""Case check 1"", ""points"": 20.0, ""description"": ""Content check (equivalent correct explanations/examples accepted; the anchor example is not mandatory): Check whether the facing ends really are like poles and whether both objects are magnets before revising the claim about poles."", ""critical"": true}, {""id"": ""C2"", ""criterion"": ""Case check 2"", ""points"": 20.0, ""description"": ""Provides a feasible, correct response to the actual user request. The following is an illustrative teaching approach, not a mandatory example, material, numeric value or fixed sequence unless explicitly requested in the question: Label ends consistently and use a known magnet to check the pole identification, then repeat and document. Accept other approaches that meet the same stated objective; do not deduct merely for not reproducing this illustration."", ""critical"": false}, {""id"": ""C3"", ""criterion"": ""Case check 3"", ""points"": 20.0, ""description"": ""The response gives an observable way to check the explanation or next teaching action for this specific case; a check for an unrelated topic does not meet this requirement."", ""critical"": false}, {""id"": ""C4"", ""criterion"": ""Case check 4"", ""points"": 20.0, ""description"": ""The response addresses this case using the supplied facts and labels material assumptions or hypothetical examples when it introduces them. Do not require invented assumptions or a boilerplate disclaimer when none is needed; irrelevant or empty responses fail."", ""critical"": false}, {""id"": ""C5"", ""criterion"": ""Case check 5"", ""points"": 20.0, ""description"": ""Critical-error check: the response substantively addresses this case and does not endorse the following error; an irrelevant, empty or purely evasive response fails this criterion: Declaring magnetism disproved or changing the recorded result to match a textbook."", ""critical"": true}]",elementary
adaptive-hint-sequence-designer__cn59_04,adaptive-hint-sequence-designer,Teaching Material Generation,Science,Grade 6 (primary),medium,A primary science teacher encountered an unexpected observation in the experiment described in the question. Its cause has not been established.,"In a sixth-grade 'Changes of Baking Soda and White Vinegar' experiment, the gas produced was poured over a candle, but the candle did not go out. I myself do not know the reason either. What should I do?
Provide a concrete response to this case and a brief rationale. Include a feasible way to check the proposed learning or teaching action. State material assumptions. Hypothetical examples are allowed; do not claim unseen classroom outcomes. Equivalent defensible approaches are welcome.","Answer only this case. Accept equivalent correct approaches and examples.
Correctness: Failure to extinguish the candle does not identify a unique cause: gas quantity, mixing and delivery are hypotheses, not observed facts.
Illustrative application (equivalent approaches accepted; only explicit question requirements are mandatory): Acknowledge uncertainty, record setup and propose one controlled comparison; any flame demonstration is teacher-managed and gas is not trapped in a sealed vessel.
Reject endorsement of: Inventing a certain cause or requiring children to reproduce flames at home.","[{""id"": ""C1"", ""criterion"": ""Case check 1"", ""points"": 20.0, ""description"": ""Content check (equivalent correct explanations/examples accepted; the anchor example is not mandatory): Failure to extinguish the candle does not identify a unique cause: gas quantity, mixing and delivery are hypotheses, not observed facts."", ""critical"": true}, {""id"": ""C2"", ""criterion"": ""Case check 2"", ""points"": 20.0, ""description"": ""Provides a feasible, correct response to the actual user request. The following is an illustrative teaching approach, not a mandatory example, material, numeric value or fixed sequence unless explicitly requested in the question: Acknowledge uncertainty, record setup and propose one controlled comparison; any flame demonstration is teacher-managed and gas is not trapped in a sealed vessel. Accept other approaches that meet the same stated objective; do not deduct merely for not reproducing this illustration."", ""critical"": false}, {""id"": ""C3"", ""criterion"": ""Case check 3"", ""points"": 20.0, ""description"": ""The response gives an observable way to check the explanation or next teaching action for this specific case; a check for an unrelated topic does not meet this requirement."", ""critical"": false}, {""id"": ""C4"", ""criterion"": ""Case check 4"", ""points"": 20.0, ""description"": ""The response addresses this case using the supplied facts and labels material assumptions or hypothetical examples when it introduces them. Do not require invented assumptions or a boilerplate disclaimer when none is needed; irrelevant or empty responses fail."", ""critical"": false}, {""id"": ""C5"", ""criterion"": ""Case check 5"", ""points"": 20.0, ""description"": ""Critical-error check: the response substantively addresses this case and does not endorse the following error; an irrelevant, empty or purely evasive response fails this criterion: Inventing a certain cause or requiring children to reproduce flames at home."", ""critical"": true}]",elementary
adaptive-hint-sequence-designer__cn59_05,adaptive-hint-sequence-designer,Teaching Material Generation,Science,Grade 2 (primary),medium,A primary science teacher encountered an unexpected observation in the experiment described in the question. Its cause has not been established.,"In a second-grade 'Plant Phototropism' experiment, the mung bean sprouts grown for a week did not bend toward the window. The students said, 'Plants do not grow toward light.' How should I guide them?
Provide a concrete response to this case and a brief rationale. Include a feasible way to check the proposed learning or teaching action. State material assumptions. Hypothetical examples are allowed; do not claim unseen classroom outcomes. Equivalent defensible approaches are welcome.","Answer only this case. Accept equivalent correct approaches and examples.
Correctness: One week without visible bending does not show that plants never respond to light. Directional light, growth and observation conditions need checking.
Illustrative application (equivalent approaches accepted; only explicit question requirements are mandatory): Compare documented light conditions and growth over time with otherwise similar plants; make a prediction before observing.
Reject endorsement of: Guaranteeing a bend by a fixed date or dismissing the observation.","[{""id"": ""C1"", ""criterion"": ""Case check 1"", ""points"": 16.666666666666668, ""description"": ""Content check (equivalent correct explanations/examples accepted; the anchor example is not mandatory): One week without visible bending does not show that plants never respond to light."", ""critical"": true}, {""id"": ""C2"", ""criterion"": ""Case check 2"", ""points"": 16.666666666666668, ""description"": ""Content check (equivalent correct explanations/examples accepted; the anchor example is not mandatory): Directional light, growth and observation conditions need checking."", ""critical"": true}, {""id"": ""C3"", ""criterion"": ""Case check 3"", ""points"": 16.666666666666668, ""description"": ""Provides a feasible, correct response to the actual user request. The following is an illustrative teaching approach, not a mandatory example, material, numeric value or fixed sequence unless explicitly requested in the question: Compare documented light conditions and growth over time with otherwise similar plants; make a prediction before observing. Accept other approaches that meet the same stated objective; do not deduct merely for not reproducing this illustration."", ""critical"": false}, {""id"": ""C4"", ""criterion"": ""Case check 4"", ""points"": 16.666666666666668, ""description"": ""The response gives an observable way to check the explanation or next teaching action for this specific case; a check for an unrelated topic does not meet this requirement."", ""critical"": false}, {""id"": ""C5"", ""criterion"": ""Case check 5"", ""points"": 16.666666666666668, ""description"": ""The response addresses this case using the supplied facts and labels material assumptions or hypothetical examples when it introduces them. Do not require invented assumptions or a boilerplate disclaimer when none is needed; irrelevant or empty responses fail."", ""critical"": false}, {""id"": ""C6"", ""criterion"": ""Case check 6"", ""points"": 16.666666666666668, ""description"": ""Critical-error check: the response substantively addresses this case and does not endorse the following error; an irrelevant, empty or purely evasive response fails this criterion: Guaranteeing a bend by a fixed date or dismissing the observation."", ""critical"": true}]",elementary
adaptive-hint-sequence-designer__cn59_06,adaptive-hint-sequence-designer,Teaching Material Generation,Science,Grade 3 (primary),medium,A primary science teacher encountered an unexpected observation in the experiment described in the question. Its cause has not been established.,"In a third-grade 'Sound Production' experiment, the vibration could not be felt when touching the struck tuning fork. I am afraid of delaying the progress and want to directly tell the students, 'The tuning fork is actually vibrating.' Is this okay?
Provide a concrete response to this case and a brief rationale. Include a feasible way to check the proposed learning or teaching action. State material assumptions. Hypothetical examples are allowed; do not claim unseen classroom outcomes. Equivalent defensible approaches are welcome.","Answer only this case. Accept equivalent correct approaches and examples.
Correctness: Touch may damp a tuning fork and weak vibration can be hard to feel. A teacher can state the scientific explanation while distinguishing it from the evidence students observed.
Illustrative application (equivalent approaches accepted; only explicit question requirements are mandatory): Pair the explanation with a visible vibration indicator or an appropriate demonstration and a short follow-up check.
Reject endorsement of: Claiming an unfelt vibration disproves sound vibration, or banning all direct explanation.","[{""id"": ""C1"", ""criterion"": ""Case check 1"", ""points"": 16.666666666666668, ""description"": ""Content check (equivalent correct explanations/examples accepted; the anchor example is not mandatory): Touch may damp a tuning fork and weak vibration can be hard to feel."", ""critical"": true}, {""id"": ""C2"", ""criterion"": ""Case check 2"", ""points"": 16.666666666666668, ""description"": ""Content check (equivalent correct explanations/examples accepted; the anchor example is not mandatory): A teacher can state the scientific explanation while distinguishing it from the evidence students observed."", ""critical"": true}, {""id"": ""C3"", ""criterion"": ""Case check 3"", ""points"": 16.666666666666668, ""description"": ""Provides a feasible, correct response to the actual user request. The following is an illustrative teaching approach, not a mandatory example, material, numeric value or fixed sequence unless explicitly requested in the question: Pair the explanation with a visible vibration indicator or an appropriate demonstration and a short follow-up check. Accept other approaches that meet the same stated objective; do not deduct merely for not reproducing this illustration."", ""critical"": false}, {""id"": ""C4"", ""criterion"": ""Case check 4"", ""points"": 16.666666666666668, ""description"": ""The response gives an observable way to check the explanation or next teaching action for this specific case; a check for an unrelated topic does not meet this requirement."", ""critical"": false}, {""id"": ""C5"", ""criterion"": ""Case check 5"", ""points"": 16.666666666666668, ""description"": ""The response addresses this case using the supplied facts and labels material assumptions or hypothetical examples when it introduces them. Do not require invented assumptions or a boilerplate disclaimer when none is needed; irrelevant or empty responses fail."", ""critical"": false}, {""id"": ""C6"", ""criterion"": ""Case check 6"", ""points"": 16.666666666666668, ""description"": ""Critical-error check: the response substantively addresses this case and does not endorse the following error; an irrelevant, empty or purely evasive response fails this criterion: Claiming an unfelt vibration disproves sound vibration, or banning all direct explanation."", ""critical"": true}]",elementary
adaptive-hint-sequence-designer__cn59_07,adaptive-hint-sequence-designer,Teaching Material Generation,Science,Grade 5 (primary),medium,A primary science teacher encountered an unexpected observation in the experiment described in the question. Its cause has not been established.,"In a fifth-grade 'Pendulum Speed' experiment, students found that a heavier pendulum bob swung faster, contradicting the textbook conclusion that 'the weight of the bob does not affect the speed.' How should I handle this?
Provide a concrete response to this case and a brief rationale. Include a feasible way to check the proposed learning or teaching action. State material assumptions. Hypothetical examples are allowed; do not claim unseen classroom outcomes. Equivalent defensible approaches are welcome.","Answer only this case. Accept equivalent correct approaches and examples.
Correctness: For a small-amplitude ideal pendulum, T=2*pi*sqrt(L/g), independent of bob mass. Length runs from pivot to the center of mass.
Illustrative application (equivalent approaches accepted; only explicit question requirements are mandatory): Control effective length and release amplitude, time several oscillations and repeat before comparing masses; discuss measurement uncertainty.
Reject endorsement of: Using bob mass as the ideal-period cause or altering measurements to match theory.","[{""id"": ""C1"", ""criterion"": ""Case check 1"", ""points"": 16.666666666666668, ""description"": ""Content check (equivalent correct explanations/examples accepted; the anchor example is not mandatory): For a small-amplitude ideal pendulum, T=2*pi*sqrt(L/g), independent of bob mass."", ""critical"": true}, {""id"": ""C2"", ""criterion"": ""Case check 2"", ""points"": 16.666666666666668, ""description"": ""Content check (equivalent correct explanations/examples accepted; the anchor example is not mandatory): Length runs from pivot to the center of mass."", ""critical"": true}, {""id"": ""C3"", ""criterion"": ""Case check 3"", ""points"": 16.666666666666668, ""description"": ""Provides a feasible, correct response to the actual user request. The following is an illustrative teaching approach, not a mandatory example, material, numeric value or fixed sequence unless explicitly requested in the question: Control effective length and release amplitude, time several oscillations and repeat before comparing masses; discuss measurement uncertainty. Accept other approaches that meet the same stated objective; do not deduct merely for not reproducing this illustration."", ""critical"": false}, {""id"": ""C4"", ""criterion"": ""Case check 4"", ""points"": 16.666666666666668, ""description"": ""The response gives an observable way to check the explanation or next teaching action for this specific case; a check for an unrelated topic does not meet this requirement."", ""critical"": false}, {""id"": ""C5"", ""criterion"": ""Case check 5"", ""points"": 16.666666666666668, ""description"": ""The response addresses this case using the supplied facts and labels material assumptions or hypothetical examples when it introduces them. Do not require invented assumptions or a boilerplate disclaimer when none is needed; irrelevant or empty responses fail."", ""critical"": false}, {""id"": ""C6"", ""criterion"": ""Case check 6"", ""points"": 16.666666666666668, ""description"": ""Critical-error check: the response substantively addresses this case and does not endorse the following error; an irrelevant, empty or purely evasive response fails this criterion: Using bob mass as the ideal-period cause or altering measurements to match theory."", ""critical"": true}]",elementary
adaptive-hint-sequence-designer__cn59_08,adaptive-hint-sequence-designer,Teaching Material Generation,Science,Grade 4 (primary),medium,A primary science teacher encountered an unexpected observation in the experiment described in the question. Its cause has not been established.,"In a fourth-grade 'Lighting a Small Bulb' experiment, students connected the circuit many times, but the bulb did not light. They all became discouraged and said, 'I can't do it.' How should I guide them to find the reason?
Provide a concrete response to this case and a brief rationale. Include a feasible way to check the proposed learning or teaching action. State material assumptions. Hypothetical examples are allowed; do not claim unseen classroom outcomes. Equivalent defensible approaches are welcome.","Answer only this case. Accept equivalent correct approaches and examples.
Correctness: A bulb needs an intact closed low-voltage circuit connecting its two contacts to the source. Contacts, bulb and battery are separate possible faults.
Illustrative application (equivalent approaches accepted; only explicit question requirements are mandatory): Offer graduated checks of one component at a time, beginning with the complete path; use only classroom low-voltage equipment and avoid short circuits.
Reject endorsement of: Inferring inability from failure or recommending mains electricity.","[{""id"": ""C1"", ""criterion"": ""Case check 1"", ""points"": 16.666666666666668, ""description"": ""Content check (equivalent correct explanations/examples accepted; the anchor example is not mandatory): A bulb needs an intact closed low-voltage circuit connecting its two contacts to the source."", ""critical"": true}, {""id"": ""C2"", ""criterion"": ""Case check 2"", ""points"": 16.666666666666668, ""description"": ""Content check (equivalent correct explanations/examples accepted; the anchor example is not mandatory): Contacts, bulb and battery are separate possible faults."", ""critical"": true}, {""id"": ""C3"", ""criterion"": ""Case check 3"", ""points"": 16.666666666666668, ""description"": ""Provides a feasible, correct response to the actual user request. The following is an illustrative teaching approach, not a mandatory example, material, numeric value or fixed sequence unless explicitly requested in the question: Offer graduated checks of one component at a time, beginning with the complete path; use only classroom low-voltage equipment and avoid short circuits. Accept other approaches that meet the same stated objective; do not deduct merely for not reproducing this illustration."", ""critical"": false}, {""id"": ""C4"", ""criterion"": ""Case check 4"", ""points"": 16.666666666666668, ""description"": ""The response gives an observable way to check the explanation or next teaching action for this specific case; a check for an unrelated topic does not meet this requirement."", ""critical"": false}, {""id"": ""C5"", ""criterion"": ""Case check 5"", ""points"": 16.666666666666668, ""description"": ""The response addresses this case using the supplied facts and labels material assumptions or hypothetical examples when it introduces them. Do not require invented assumptions or a boilerplate disclaimer when none is needed; irrelevant or empty responses fail."", ""critical"": false}, {""id"": ""C6"", ""criterion"": ""Case check 6"", ""points"": 16.666666666666668, ""description"": ""Critical-error check: the response substantively addresses this case and does not endorse the following error; an irrelevant, empty or purely evasive response fails this criterion: Inferring inability from failure or recommending mains electricity."", ""critical"": true}]",elementary
adaptive-hint-sequence-designer__cn59_09,adaptive-hint-sequence-designer,Teaching Material Generation,Science,Grade 6 (primary),medium,A primary science teacher encountered an unexpected observation in the experiment described in the question. Its cause has not been established.,"In a sixth-grade 'Iron Rusting' experiment, the iron nails in different groups rusted at very different rates—some did not rust at all, while others rusted heavily. How should I organize the classroom discussion?
Provide a concrete response to this case and a brief rationale. Include a feasible way to check the proposed learning or teaching action. State material assumptions. Hypothetical examples are allowed; do not claim unseen classroom outcomes. Equivalent defensible approaches are welcome.","Answer only this case. Accept equivalent correct approaches and examples.
Correctness: Rust rates depend on exposure and material conditions, including moisture, oxygen and coatings; identical rates are not guaranteed.
Illustrative application (equivalent approaches accepted; only explicit question requirements are mandatory): Compare the groups' condition records, identify confounds and agree on a controlled follow-up while retaining the different observations.
Reject endorsement of: Discarding slow-rusting samples as wrong or assuming one universal rate.","[{""id"": ""C1"", ""criterion"": ""Case check 1"", ""points"": 20.0, ""description"": ""Content check (equivalent correct explanations/examples accepted; the anchor example is not mandatory): Rust rates depend on exposure and material conditions, including moisture, oxygen and coatings; identical rates are not guaranteed."", ""critical"": true}, {""id"": ""C2"", ""criterion"": ""Case check 2"", ""points"": 20.0, ""description"": ""Provides a feasible, correct response to the actual user request. The following is an illustrative teaching approach, not a mandatory example, material, numeric value or fixed sequence unless explicitly requested in the question: Compare the groups' condition records, identify confounds and agree on a controlled follow-up while retaining the different observations. Accept other approaches that meet the same stated objective; do not deduct merely for not reproducing this illustration."", ""critical"": false}, {""id"": ""C3"", ""criterion"": ""Case check 3"", ""points"": 20.0, ""description"": ""The response gives an observable way to check the explanation or next teaching action for this specific case; a check for an unrelated topic does not meet this requirement."", ""critical"": false}, {""id"": ""C4"", ""criterion"": ""Case check 4"", ""points"": 20.0, ""description"": ""The response addresses this case using the supplied facts and labels material assumptions or hypothetical examples when it introduces them. Do not require invented assumptions or a boilerplate disclaimer when none is needed; irrelevant or empty responses fail."", ""critical"": false}, {""id"": ""C5"", ""criterion"": ""Case check 5"", ""points"": 20.0, ""description"": ""Critical-error check: the response substantively addresses this case and does not endorse the following error; an irrelevant, empty or purely evasive response fails this criterion: Discarding slow-rusting samples as wrong or assuming one universal rate."", ""critical"": true}]",elementary
adaptive-hint-sequence-designer__cn59_10,adaptive-hint-sequence-designer,Teaching Material Generation,Science,Grade 5 (primary),medium,A primary science teacher encountered an unexpected observation in the experiment described in the question. Its cause has not been established.,"In a fifth-grade 'Volcanic Eruption' simulation experiment, the ketchup did not erupt but only flowed out a little, and the experimental effect was very poor. How should I assign the after-class inquiry task?
Provide a concrete response to this case and a brief rationale. Include a feasible way to check the proposed learning or teaching action. State material assumptions. Hypothetical examples are allowed; do not claim unseen classroom outcomes. Equivalent defensible approaches are welcome.","Answer only this case. Accept equivalent correct approaches and examples.
Correctness: A ketchup volcano is a model whose behavior depends on its stated mechanism; do not assume an unspecified acid-base reaction.
Illustrative application (equivalent approaches accepted; only explicit question requirements are mandatory): Assign a drawing, prediction and one safe unsealed model comparison with an adult where needed; distinguish the model from real magma.
Reject endorsement of: Increasing pressure in a sealed container or equating ketchup flow with real volcanic mechanisms.","[{""id"": ""C1"", ""criterion"": ""Case check 1"", ""points"": 20.0, ""description"": ""Content check (equivalent correct explanations/examples accepted; the anchor example is not mandatory): A ketchup volcano is a model whose behavior depends on its stated mechanism; do not assume an unspecified acid-base reaction."", ""critical"": true}, {""id"": ""C2"", ""criterion"": ""Case check 2"", ""points"": 20.0, ""description"": ""Provides a feasible, correct response to the actual user request. The following is an illustrative teaching approach, not a mandatory example, material, numeric value or fixed sequence unless explicitly requested in the question: Assign a drawing, prediction and one safe unsealed model comparison with an adult where needed; distinguish the model from real magma. Accept other approaches that meet the same stated objective; do not deduct merely for not reproducing this illustration."", ""critical"": false}, {""id"": ""C3"", ""criterion"": ""Case check 3"", ""points"": 20.0, ""description"": ""The response gives an observable way to check the explanation or next teaching action for this specific case; a check for an unrelated topic does not meet this requirement."", ""critical"": false}, {""id"": ""C4"", ""criterion"": ""Case check 4"", ""points"": 20.0, ""description"": ""The response addresses this case using the supplied facts and labels material assumptions or hypothetical examples when it introduces them. Do not require invented assumptions or a boilerplate disclaimer when none is needed; irrelevant or empty responses fail."", ""critical"": false}, {""id"": ""C5"", ""criterion"": ""Case check 5"", ""points"": 20.0, ""description"": ""Critical-error check: the response substantively addresses this case and does not endorse the following error; an irrelevant, empty or purely evasive response fails this criterion: Increasing pressure in a sealed container or equating ketchup flow with real volcanic mechanisms."", ""critical"": true}]",elementary
lesson-builder__cn60_01,lesson-builder,Teaching Material Generation,Science,Primary; grade unspecified,medium,A primary science teacher works with limited resources. A proposed activity must be feasible with suitable supervision and materials; missing equipment is not a reason to improvise hazards.,"I am a novice science teacher at a rural primary school. We have no professional laboratory. The textbook requires using an alcohol lamp for the ""boiling water"" experiment, but the school has no alcohol lamp. Should I give up the hands-on activity and show a video instead?
Provide a concrete response to this case and a brief rationale. Include a feasible way to check the proposed learning or teaching action. State material assumptions. Hypothetical examples are allowed; do not claim unseen classroom outcomes. Equivalent defensible approaches are welcome.","Answer only this case. Accept equivalent correct approaches and examples.
Correctness: A missing alcohol lamp does not justify improvising an unsafe heat source.
Illustrative application (equivalent approaches accepted; only explicit question requirements are mandatory): Use a suitable supervised demonstration if equipment exists, otherwise a video plus safe observations and explicit limits on what was observed directly.
Reject endorsement of: Requiring children to heat water unsupervised or rejecting every video alternative.","[{""id"": ""C1"", ""criterion"": ""Case check 1"", ""points"": 20.0, ""description"": ""Content check (equivalent correct explanations/examples accepted; the anchor example is not mandatory): A missing alcohol lamp does not justify improvising an unsafe heat source."", ""critical"": true}, {""id"": ""C2"", ""criterion"": ""Case check 2"", ""points"": 20.0, ""description"": ""Provides a feasible, correct response to the actual user request. The following is an illustrative teaching approach, not a mandatory example, material, numeric value or fixed sequence unless explicitly requested in the question: Use a suitable supervised demonstration if equipment exists, otherwise a video plus safe observations and explicit limits on what was observed directly. Accept other approaches that meet the same stated objective; do not deduct merely for not reproducing this illustration."", ""critical"": false}, {""id"": ""C3"", ""criterion"": ""Case check 3"", ""points"": 20.0, ""description"": ""The response gives an observable way to check the explanation or next teaching action for this specific case; a check for an unrelated topic does not meet this requirement."", ""critical"": false}, {""id"": ""C4"", ""criterion"": ""Case check 4"", ""points"": 20.0, ""description"": ""The response addresses this case using the supplied facts and labels material assumptions or hypothetical examples when it introduces them. Do not require invented assumptions or a boilerplate disclaimer when none is needed; irrelevant or empty responses fail."", ""critical"": false}, {""id"": ""C5"", ""criterion"": ""Case check 5"", ""points"": 20.0, ""description"": ""Critical-error check: the response substantively addresses this case and does not endorse the following error; an irrelevant, empty or purely evasive response fails this criterion: Requiring children to heat water unsupervised or rejecting every video alternative."", ""critical"": true}]",elementary
lesson-builder__cn60_02,lesson-builder,Teaching Material Generation,Science,Grade 1 (primary),medium,A primary science teacher works with limited resources. A proposed activity must be feasible with suitable supervision and materials; missing equipment is not a reason to improvise hazards.,"For the first-grade ""Recognizing the Shapes of Objects"" experiment, I distributed one building block to each student. The students argued for the whole class because the blocks had different colors and sizes, and never did the experiment. What should I do?
Provide a concrete response to this case and a brief rationale. Include a feasible way to check the proposed learning or teaching action. State material assumptions. Hypothetical examples are allowed; do not claim unseen classroom outcomes. Equivalent defensible approaches are welcome.","Answer only this case. Accept equivalent correct approaches and examples.
Correctness: Different materials can distract from the target shape comparison.
Illustrative application (equivalent approaches accepted; only explicit question requirements are mandatory): Use matched sets or an explicit comparison rule, teach a handover and check recognition independently of color.
Reject endorsement of: Scoring color preference as shape understanding.","[{""id"": ""C1"", ""criterion"": ""Case check 1"", ""points"": 20.0, ""description"": ""Content check (equivalent correct explanations/examples accepted; the anchor example is not mandatory): Different materials can distract from the target shape comparison."", ""critical"": true}, {""id"": ""C2"", ""criterion"": ""Case check 2"", ""points"": 20.0, ""description"": ""Provides a feasible, correct response to the actual user request. The following is an illustrative teaching approach, not a mandatory example, material, numeric value or fixed sequence unless explicitly requested in the question: Use matched sets or an explicit comparison rule, teach a handover and check recognition independently of color. Accept other approaches that meet the same stated objective; do not deduct merely for not reproducing this illustration."", ""critical"": false}, {""id"": ""C3"", ""criterion"": ""Case check 3"", ""points"": 20.0, ""description"": ""The response gives an observable way to check the explanation or next teaching action for this specific case; a check for an unrelated topic does not meet this requirement."", ""critical"": false}, {""id"": ""C4"", ""criterion"": ""Case check 4"", ""points"": 20.0, ""description"": ""The response addresses this case using the supplied facts and labels material assumptions or hypothetical examples when it introduces them. Do not require invented assumptions or a boilerplate disclaimer when none is needed; irrelevant or empty responses fail."", ""critical"": false}, {""id"": ""C5"", ""criterion"": ""Case check 5"", ""points"": 20.0, ""description"": ""Critical-error check: the response substantively addresses this case and does not endorse the following error; an irrelevant, empty or purely evasive response fails this criterion: Scoring color preference as shape understanding."", ""critical"": true}]",elementary
lesson-builder__cn60_03,lesson-builder,Teaching Material Generation,Science,Primary; grade unspecified,medium,A primary science teacher works with limited resources. A proposed activity must be feasible with suitable supervision and materials; missing equipment is not a reason to improvise hazards.,"I did not try the experiment before class. During class I found that the baking soda had expired, and there was almost no bubbling when it reacted with white vinegar. All the students were looking at me. How can I remedy this?
Provide a concrete response to this case and a brief rationale. Include a feasible way to check the proposed learning or teaching action. State material assumptions. Hypothetical examples are allowed; do not claim unseen classroom outcomes. Equivalent defensible approaches are welcome.","Answer only this case. Accept equivalent correct approaches and examples.
Correctness: The teacher reports an expired date; that report can be accepted as a premise, but the date alone does not establish why bubbling was weak. Material condition, amounts and setup remain possible causes.
Illustrative application (equivalent approaches accepted; only explicit question requirements are mandatory): Acknowledge the observation, check materials and setup later, and use a labelled recorded demonstration or another safe evidence source for the lesson.
Reject endorsement of: Inventing a definite cause or fabricating experimental results.","[{""id"": ""C1"", ""criterion"": ""Case check 1"", ""points"": 20.0, ""description"": ""Content check (equivalent correct explanations/examples accepted; the anchor example is not mandatory): The teacher reports an expired date; that report can be accepted as a premise, but the date alone does not establish why bubbling was weak. Material condition, amounts and setup remain possible causes."", ""critical"": true}, {""id"": ""C2"", ""criterion"": ""Case check 2"", ""points"": 20.0, ""description"": ""Provides a feasible, correct response to the actual user request. The following is an illustrative teaching approach, not a mandatory example, material, numeric value or fixed sequence unless explicitly requested in the question: Acknowledge the observation, check materials and setup later, and use a labelled recorded demonstration or another safe evidence source for the lesson. Accept other approaches that meet the same stated objective; do not deduct merely for not reproducing this illustration."", ""critical"": false}, {""id"": ""C3"", ""criterion"": ""Case check 3"", ""points"": 20.0, ""description"": ""The response gives an observable way to check the explanation or next teaching action for this specific case; a check for an unrelated topic does not meet this requirement."", ""critical"": false}, {""id"": ""C4"", ""criterion"": ""Case check 4"", ""points"": 20.0, ""description"": ""The response addresses this case using the supplied facts and labels material assumptions or hypothetical examples when it introduces them. Do not require invented assumptions or a boilerplate disclaimer when none is needed; irrelevant or empty responses fail."", ""critical"": false}, {""id"": ""C5"", ""criterion"": ""Case check 5"", ""points"": 20.0, ""description"": ""Critical-error check: the response substantively addresses this case and does not endorse the following error; an irrelevant, empty or purely evasive response fails this criterion: Inventing a definite cause or fabricating experimental results."", ""critical"": true}]",elementary
lesson-builder__cn60_04,lesson-builder,Teaching Material Generation,Science,Primary; grade unspecified,medium,A primary science teacher works with limited resources. A proposed activity must be feasible with suitable supervision and materials; missing equipment is not a reason to improvise hazards.,"As soon as I handed out the materials, students started playing with them—knocking them, hitting them, and throwing them at each other—and did not listen to my experiment instructions. How should I stop this?
Provide a concrete response to this case and a brief rationale. Include a feasible way to check the proposed learning or teaching action. State material assumptions. Hypothetical examples are allowed; do not claim unseen classroom outcomes. Equivalent defensible approaches are welcome.","Answer only this case. Accept equivalent correct approaches and examples.
Correctness: Unsafe material play needs an immediate calm pause and a retaught routine.
Illustrative application (equivalent approaches accepted; only explicit question requirements are mandatory): Stop access, model one handling action and return materials after a supported practice.
Reject endorsement of: Continuing instructions while objects are thrown or using humiliation.","[{""id"": ""C1"", ""criterion"": ""Case check 1"", ""points"": 20.0, ""description"": ""Content check (equivalent correct explanations/examples accepted; the anchor example is not mandatory): Unsafe material play needs an immediate calm pause and a retaught routine."", ""critical"": true}, {""id"": ""C2"", ""criterion"": ""Case check 2"", ""points"": 20.0, ""description"": ""Provides a feasible, correct response to the actual user request. The following is an illustrative teaching approach, not a mandatory example, material, numeric value or fixed sequence unless explicitly requested in the question: Stop access, model one handling action and return materials after a supported practice. Accept other approaches that meet the same stated objective; do not deduct merely for not reproducing this illustration."", ""critical"": false}, {""id"": ""C3"", ""criterion"": ""Case check 3"", ""points"": 20.0, ""description"": ""The response gives an observable way to check the explanation or next teaching action for this specific case; a check for an unrelated topic does not meet this requirement."", ""critical"": false}, {""id"": ""C4"", ""criterion"": ""Case check 4"", ""points"": 20.0, ""description"": ""The response addresses this case using the supplied facts and labels material assumptions or hypothetical examples when it introduces them. Do not require invented assumptions or a boilerplate disclaimer when none is needed; irrelevant or empty responses fail."", ""critical"": false}, {""id"": ""C5"", ""criterion"": ""Case check 5"", ""points"": 20.0, ""description"": ""Critical-error check: the response substantively addresses this case and does not endorse the following error; an irrelevant, empty or purely evasive response fails this criterion: Continuing instructions while objects are thrown or using humiliation."", ""critical"": true}]",elementary
lesson-builder__cn60_05,lesson-builder,Teaching Material Generation,Science,Primary; grade unspecified,medium,A primary science teacher works with limited resources. A proposed activity must be feasible with suitable supervision and materials; missing equipment is not a reason to improvise hazards.,"After the experiment, students throw materials around; some broke beakers, and some hid materials. Collecting them takes 10 minutes. How can I collect them quickly and in an orderly way?
Provide a concrete response to this case and a brief rationale. Include a feasible way to check the proposed learning or teaching action. State material assumptions. Hypothetical examples are allowed; do not claim unseen classroom outcomes. Equivalent defensible approaches are welcome.","Answer only this case. Accept equivalent correct approaches and examples.
Correctness: Collection needs planned time, labelled places and assigned responsibilities.
Illustrative application (equivalent approaches accepted; only explicit question requirements are mandatory): Model a count-and-return routine; adults handle broken glass under school procedures.
Reject endorsement of: Asking pupils to pick up broken glass by hand or guaranteeing cleanup takes a fixed number of seconds.","[{""id"": ""C1"", ""criterion"": ""Case check 1"", ""points"": 20.0, ""description"": ""Content check (equivalent correct explanations/examples accepted; the anchor example is not mandatory): Collection needs planned time, labelled places and assigned responsibilities."", ""critical"": true}, {""id"": ""C2"", ""criterion"": ""Case check 2"", ""points"": 20.0, ""description"": ""Provides a feasible, correct response to the actual user request. The following is an illustrative teaching approach, not a mandatory example, material, numeric value or fixed sequence unless explicitly requested in the question: Model a count-and-return routine; adults handle broken glass under school procedures. Accept other approaches that meet the same stated objective; do not deduct merely for not reproducing this illustration."", ""critical"": false}, {""id"": ""C3"", ""criterion"": ""Case check 3"", ""points"": 20.0, ""description"": ""The response gives an observable way to check the explanation or next teaching action for this specific case; a check for an unrelated topic does not meet this requirement."", ""critical"": false}, {""id"": ""C4"", ""criterion"": ""Case check 4"", ""points"": 20.0, ""description"": ""The response addresses this case using the supplied facts and labels material assumptions or hypothetical examples when it introduces them. Do not require invented assumptions or a boilerplate disclaimer when none is needed; irrelevant or empty responses fail."", ""critical"": false}, {""id"": ""C5"", ""criterion"": ""Case check 5"", ""points"": 20.0, ""description"": ""Critical-error check: the response substantively addresses this case and does not endorse the following error; an irrelevant, empty or purely evasive response fails this criterion: Asking pupils to pick up broken glass by hand or guaranteeing cleanup takes a fixed number of seconds."", ""critical"": true}]",elementary
lesson-builder__cn60_06,lesson-builder,Teaching Material Generation,Science,Primary; grade unspecified,medium,A primary science teacher works with limited resources. A proposed activity must be feasible with suitable supervision and materials; missing equipment is not a reason to improvise hazards.,"The textbook requires using a ""spring scale"" to measure the size of a force, but all the school's spring scales are broken. Are there simple materials around me that can be used instead?
Provide a concrete response to this case and a brief rationale. Include a feasible way to check the proposed learning or teaching action. State material assumptions. Hypothetical examples are allowed; do not claim unseen classroom outcomes. Equivalent defensible approaches are welcome.","Answer only this case. Accept equivalent correct approaches and examples.
Correctness: A substitute elastic device needs calibration to measure force quantitatively.
Illustrative application (equivalent approaches accepted; only explicit question requirements are mandatory): Distinguish qualitative extension comparison from a calibrated force measure and give an appropriate low-risk classroom alternative.
Reject endorsement of: Treating uncalibrated stretch as an accurate force reading in newtons.","[{""id"": ""C1"", ""criterion"": ""Case check 1"", ""points"": 20.0, ""description"": ""Content check (equivalent correct explanations/examples accepted; the anchor example is not mandatory): A substitute elastic device needs calibration to measure force quantitatively."", ""critical"": true}, {""id"": ""C2"", ""criterion"": ""Case check 2"", ""points"": 20.0, ""description"": ""Provides a feasible, correct response to the actual user request. The following is an illustrative teaching approach, not a mandatory example, material, numeric value or fixed sequence unless explicitly requested in the question: Distinguish qualitative extension comparison from a calibrated force measure and give an appropriate low-risk classroom alternative. Accept other approaches that meet the same stated objective; do not deduct merely for not reproducing this illustration."", ""critical"": false}, {""id"": ""C3"", ""criterion"": ""Case check 3"", ""points"": 20.0, ""description"": ""The response gives an observable way to check the explanation or next teaching action for this specific case; a check for an unrelated topic does not meet this requirement."", ""critical"": false}, {""id"": ""C4"", ""criterion"": ""Case check 4"", ""points"": 20.0, ""description"": ""The response addresses this case using the supplied facts and labels material assumptions or hypothetical examples when it introduces them. Do not require invented assumptions or a boilerplate disclaimer when none is needed; irrelevant or empty responses fail."", ""critical"": false}, {""id"": ""C5"", ""criterion"": ""Case check 5"", ""points"": 20.0, ""description"": ""Critical-error check: the response substantively addresses this case and does not endorse the following error; an irrelevant, empty or purely evasive response fails this criterion: Treating uncalibrated stretch as an accurate force reading in newtons."", ""critical"": true}]",elementary
lesson-builder__cn60_07,lesson-builder,Teaching Material Generation,Science,Grade 3 (primary),medium,A primary science teacher works with limited resources. A proposed activity must be feasible with suitable supervision and materials; missing equipment is not a reason to improvise hazards.,"In third-grade group experiments, the materials on the table are always monopolized by the same student, and the others can only watch. How should I assign roles so that everyone can operate?
Provide a concrete response to this case and a brief rationale. Include a feasible way to check the proposed learning or teaching action. State material assumptions. Hypothetical examples are allowed; do not claim unseen classroom outcomes. Equivalent defensible approaches are welcome.","Answer only this case. Accept equivalent correct approaches and examples.
Correctness: Equitable access requires meaningful rotating roles and a check of participation.
Illustrative application (equivalent approaches accepted; only explicit question requirements are mandatory): Set operator, observer, recorder and materials duties, rotate at a sensible checkpoint and support novice handling.
Reject endorsement of: Giving all operation to the quickest pupil.","[{""id"": ""C1"", ""criterion"": ""Case check 1"", ""points"": 20.0, ""description"": ""Content check (equivalent correct explanations/examples accepted; the anchor example is not mandatory): Equitable access requires meaningful rotating roles and a check of participation."", ""critical"": true}, {""id"": ""C2"", ""criterion"": ""Case check 2"", ""points"": 20.0, ""description"": ""Provides a feasible, correct response to the actual user request. The following is an illustrative teaching approach, not a mandatory example, material, numeric value or fixed sequence unless explicitly requested in the question: Set operator, observer, recorder and materials duties, rotate at a sensible checkpoint and support novice handling. Accept other approaches that meet the same stated objective; do not deduct merely for not reproducing this illustration."", ""critical"": false}, {""id"": ""C3"", ""criterion"": ""Case check 3"", ""points"": 20.0, ""description"": ""The response gives an observable way to check the explanation or next teaching action for this specific case; a check for an unrelated topic does not meet this requirement."", ""critical"": false}, {""id"": ""C4"", ""criterion"": ""Case check 4"", ""points"": 20.0, ""description"": ""The response addresses this case using the supplied facts and labels material assumptions or hypothetical examples when it introduces them. Do not require invented assumptions or a boilerplate disclaimer when none is needed; irrelevant or empty responses fail."", ""critical"": false}, {""id"": ""C5"", ""criterion"": ""Case check 5"", ""points"": 20.0, ""description"": ""Critical-error check: the response substantively addresses this case and does not endorse the following error; an irrelevant, empty or purely evasive response fails this criterion: Giving all operation to the quickest pupil."", ""critical"": true}]",elementary
lesson-builder__cn60_08,lesson-builder,Teaching Material Generation,Science,Primary; grade unspecified,medium,A primary science teacher works with limited resources. A proposed activity must be feasible with suitable supervision and materials; missing equipment is not a reason to improvise hazards.,"For the ""cutting rocks"" experiment, we need sharp materials such as knives and glass slides. I am afraid students will get hurt. How should I prepare and distribute them safely?
Provide a concrete response to this case and a brief rationale. Include a feasible way to check the proposed learning or teaching action. State material assumptions. Hypothetical examples are allowed; do not claim unseen classroom outcomes. Equivalent defensible approaches are welcome.","Answer only this case. Accept equivalent correct approaches and examples.
Correctness: Sharp rock preparation is not made safe merely by careful distribution.
Illustrative application (equivalent approaches accepted; only explicit question requirements are mandatory): Replace pupil cutting with pre-prepared specimens or a suitable supervised demonstration; retain observation and recording goals.
Reject endorsement of: Giving ordinary primary pupils knives and glass for unsupervised rock cutting.","[{""id"": ""C1"", ""criterion"": ""Case check 1"", ""points"": 20.0, ""description"": ""Content check (equivalent correct explanations/examples accepted; the anchor example is not mandatory): Sharp rock preparation is not made safe merely by careful distribution."", ""critical"": true}, {""id"": ""C2"", ""criterion"": ""Case check 2"", ""points"": 20.0, ""description"": ""Provides a feasible, correct response to the actual user request. The following is an illustrative teaching approach, not a mandatory example, material, numeric value or fixed sequence unless explicitly requested in the question: Replace pupil cutting with pre-prepared specimens or a suitable supervised demonstration; retain observation and recording goals. Accept other approaches that meet the same stated objective; do not deduct merely for not reproducing this illustration."", ""critical"": false}, {""id"": ""C3"", ""criterion"": ""Case check 3"", ""points"": 20.0, ""description"": ""The response gives an observable way to check the explanation or next teaching action for this specific case; a check for an unrelated topic does not meet this requirement."", ""critical"": false}, {""id"": ""C4"", ""criterion"": ""Case check 4"", ""points"": 20.0, ""description"": ""The response addresses this case using the supplied facts and labels material assumptions or hypothetical examples when it introduces them. Do not require invented assumptions or a boilerplate disclaimer when none is needed; irrelevant or empty responses fail."", ""critical"": false}, {""id"": ""C5"", ""criterion"": ""Case check 5"", ""points"": 20.0, ""description"": ""Critical-error check: the response substantively addresses this case and does not endorse the following error; an irrelevant, empty or purely evasive response fails this criterion: Giving ordinary primary pupils knives and glass for unsupervised rock cutting."", ""critical"": true}]",elementary
lesson-builder__cn60_09,lesson-builder,Teaching Material Generation,Science,Primary; grade unspecified,medium,A primary science teacher works with limited resources. A proposed activity must be feasible with suitable supervision and materials; missing equipment is not a reason to improvise hazards.,"I want students to bring their own experiment materials, but I am worried some will not bring everything and others may bring dangerous items. How should I organize this properly?
Provide a concrete response to this case and a brief rationale. Include a feasible way to check the proposed learning or teaching action. State material assumptions. Hypothetical examples are allowed; do not claim unseen classroom outcomes. Equivalent defensible approaches are welcome.","Answer only this case. Accept equivalent correct approaches and examples.
Correctness: Bring-from-home materials need a clear permitted list and a school-provided fallback.
Illustrative application (equivalent approaches accepted; only explicit question requirements are mandatory): Specify safe simple items, ask pupils not to bring unknown hazardous objects and check before use.
Reject endorsement of: Penalizing pupils without supplies or accepting every found material.","[{""id"": ""C1"", ""criterion"": ""Case check 1"", ""points"": 20.0, ""description"": ""Content check (equivalent correct explanations/examples accepted; the anchor example is not mandatory): Bring-from-home materials need a clear permitted list and a school-provided fallback."", ""critical"": true}, {""id"": ""C2"", ""criterion"": ""Case check 2"", ""points"": 20.0, ""description"": ""Provides a feasible, correct response to the actual user request. The following is an illustrative teaching approach, not a mandatory example, material, numeric value or fixed sequence unless explicitly requested in the question: Specify safe simple items, ask pupils not to bring unknown hazardous objects and check before use. Accept other approaches that meet the same stated objective; do not deduct merely for not reproducing this illustration."", ""critical"": false}, {""id"": ""C3"", ""criterion"": ""Case check 3"", ""points"": 20.0, ""description"": ""The response gives an observable way to check the explanation or next teaching action for this specific case; a check for an unrelated topic does not meet this requirement."", ""critical"": false}, {""id"": ""C4"", ""criterion"": ""Case check 4"", ""points"": 20.0, ""description"": ""The response addresses this case using the supplied facts and labels material assumptions or hypothetical examples when it introduces them. Do not require invented assumptions or a boilerplate disclaimer when none is needed; irrelevant or empty responses fail."", ""critical"": false}, {""id"": ""C5"", ""criterion"": ""Case check 5"", ""points"": 20.0, ""description"": ""Critical-error check: the response substantively addresses this case and does not endorse the following error; an irrelevant, empty or purely evasive response fails this criterion: Penalizing pupils without supplies or accepting every found material."", ""critical"": true}]",elementary
lesson-builder__cn60_10,lesson-builder,Teaching Material Generation,Science,Primary; grade unspecified,medium,A primary science teacher works with limited resources. A proposed activity must be feasible with suitable supervision and materials; missing equipment is not a reason to improvise hazards.,"I teach two parallel classes using the same materials and process. Class One distributes and collects materials in an orderly way, but Class Two is chaotic. How should I adjust?
Provide a concrete response to this case and a brief rationale. Include a feasible way to check the proposed learning or teaching action. State material assumptions. Hypothetical examples are allowed; do not claim unseen classroom outcomes. Equivalent defensible approaches are welcome.","Answer only this case. Accept equivalent correct approaches and examples.
Correctness: Different classes may need different rehearsal and distribution scaffolds.
Illustrative application (equivalent approaches accepted; only explicit question requirements are mandatory): Observe one bottleneck, adjust a role or cue and compare the next transition rather than blaming the class.
Reject endorsement of: Assuming identical instructions must produce identical behavior.","[{""id"": ""C1"", ""criterion"": ""Case check 1"", ""points"": 20.0, ""description"": ""Content check (equivalent correct explanations/examples accepted; the anchor example is not mandatory): Different classes may need different rehearsal and distribution scaffolds."", ""critical"": true}, {""id"": ""C2"", ""criterion"": ""Case check 2"", ""points"": 20.0, ""description"": ""Provides a feasible, correct response to the actual user request. The following is an illustrative teaching approach, not a mandatory example, material, numeric value or fixed sequence unless explicitly requested in the question: Observe one bottleneck, adjust a role or cue and compare the next transition rather than blaming the class. Accept other approaches that meet the same stated objective; do not deduct merely for not reproducing this illustration."", ""critical"": false}, {""id"": ""C3"", ""criterion"": ""Case check 3"", ""points"": 20.0, ""description"": ""The response gives an observable way to check the explanation or next teaching action for this specific case; a check for an unrelated topic does not meet this requirement."", ""critical"": false}, {""id"": ""C4"", ""criterion"": ""Case check 4"", ""points"": 20.0, ""description"": ""The response addresses this case using the supplied facts and labels material assumptions or hypothetical examples when it introduces them. Do not require invented assumptions or a boilerplate disclaimer when none is needed; irrelevant or empty responses fail."", ""critical"": false}, {""id"": ""C5"", ""criterion"": ""Case check 5"", ""points"": 20.0, ""description"": ""Critical-error check: the response substantively addresses this case and does not endorse the following error; an irrelevant, empty or purely evasive response fails this criterion: Assuming identical instructions must produce identical behavior."", ""critical"": true}]",elementary
differentiation-adapter__cn62_01,differentiation-adapter,Personalized Content Creation,Vocational Education,Secondary vocational education,hard,A vocational-school teacher or administrator asks about the single homework-design issue described. Absolute claims in a teacher request may be challenged with a reasoned alternative.,"I assigned the homework 'Briefly describe what cloud computing is,' but the whole class used AI to generate perfect answers. Please help me rewrite it into an advanced question that can prevent AI from directly writing the answer and must require students to incorporate their own real life or our school context.
Provide a concrete response to this case and a brief rationale. Include a feasible way to check the proposed learning or teaching action. State material assumptions. Hypothetical examples are allowed; do not claim unseen classroom outcomes. Equivalent defensible approaches are welcome.","Answer only this case. Accept equivalent correct approaches and examples.
Correctness: No wording guarantees an AI-proof task. Assess authentic context evidence, reasoning and a short follow-up explanation rather than polished definitions alone.
Illustrative application (equivalent approaches accepted; only explicit question requirements are mandatory): Ask students to compare a familiar local service with a cloud service using non-sensitive observations and explain a choice; provide criteria and a checkable process record.
Reject endorsement of: Guaranteeing AI cannot answer or requiring private school information.","[{""id"": ""C1"", ""criterion"": ""Case check 1"", ""points"": 16.666666666666668, ""description"": ""Content check (equivalent correct explanations/examples accepted; the anchor example is not mandatory): No wording guarantees an AI-proof task."", ""critical"": true}, {""id"": ""C2"", ""criterion"": ""Case check 2"", ""points"": 16.666666666666668, ""description"": ""Content check (equivalent correct explanations/examples accepted; the anchor example is not mandatory): Assess authentic context evidence, reasoning and a short follow-up explanation rather than polished definitions alone."", ""critical"": true}, {""id"": ""C3"", ""criterion"": ""Case check 3"", ""points"": 16.666666666666668, ""description"": ""Provides a feasible, correct response to the actual user request. The following is an illustrative teaching approach, not a mandatory example, material, numeric value or fixed sequence unless explicitly requested in the question: Ask students to compare a familiar local service with a cloud service using non-sensitive observations and explain a choice; provide criteria and a checkable process record. Accept other approaches that meet the same stated objective; do not deduct merely for not reproducing this illustration."", ""critical"": false}, {""id"": ""C4"", ""criterion"": ""Case check 4"", ""points"": 16.666666666666668, ""description"": ""The response gives an observable way to check the explanation or next teaching action for this specific case; a check for an unrelated topic does not meet this requirement."", ""critical"": false}, {""id"": ""C5"", ""criterion"": ""Case check 5"", ""points"": 16.666666666666668, ""description"": ""The response addresses this case using the supplied facts and labels material assumptions or hypothetical examples when it introduces them. Do not require invented assumptions or a boilerplate disclaimer when none is needed; irrelevant or empty responses fail."", ""critical"": false}, {""id"": ""C6"", ""criterion"": ""Case check 6"", ""points"": 16.666666666666668, ""description"": ""Critical-error check: the response substantively addresses this case and does not endorse the following error; an irrelevant, empty or purely evasive response fails this criterion: Guaranteeing AI cannot answer or requiring private school information."", ""critical"": true}]",vocational
differentiation-adapter__cn62_02,differentiation-adapter,Personalized Content Creation,Vocational Education,Secondary vocational education,hard,A vocational-school teacher or administrator asks about the single homework-design issue described. Absolute claims in a teacher request may be challenged with a reasoned alternative.,"When using intelligent tiered homework push, if a struggling student even gets the most basic 'bottom-line question' wrong, and then gets two consecutive 'consolidation questions' wrong, in order to protect his self-esteem and prevent him from breaking down, what should be the system's next most standard and humane automated action?
Provide a concrete response to this case and a brief rationale. Include a feasible way to check the proposed learning or teaching action. State material assumptions. Hypothetical examples are allowed; do not claim unseen classroom outcomes. Equivalent defensible approaches are welcome.","Answer only this case. Accept equivalent correct approaches and examples.
Correctness: Repeated errors should trigger a supportive pause, a smaller diagnostic scaffold and teacher follow-up, not endless harder questions.
Illustrative application (equivalent approaches accepted; only explicit question requirements are mandatory): Describe a bounded automated branch with an accessible exit, neutral feedback, saved progress and an optional supported retry.
Reject endorsement of: Permanent lockout, humiliation or a claim that one automated action suits every learner.","[{""id"": ""C1"", ""criterion"": ""Case check 1"", ""points"": 20.0, ""description"": ""Content check (equivalent correct explanations/examples accepted; the anchor example is not mandatory): Repeated errors should trigger a supportive pause, a smaller diagnostic scaffold and teacher follow-up, not endless harder questions."", ""critical"": true}, {""id"": ""C2"", ""criterion"": ""Case check 2"", ""points"": 20.0, ""description"": ""Provides a feasible, correct response to the actual user request. The following is an illustrative teaching approach, not a mandatory example, material, numeric value or fixed sequence unless explicitly requested in the question: Describe a bounded automated branch with an accessible exit, neutral feedback, saved progress and an optional supported retry. Accept other approaches that meet the same stated objective; do not deduct merely for not reproducing this illustration."", ""critical"": false}, {""id"": ""C3"", ""criterion"": ""Case check 3"", ""points"": 20.0, ""description"": ""The response gives an observable way to check the explanation or next teaching action for this specific case; a check for an unrelated topic does not meet this requirement."", ""critical"": false}, {""id"": ""C4"", ""criterion"": ""Case check 4"", ""points"": 20.0, ""description"": ""The response addresses this case using the supplied facts and labels material assumptions or hypothetical examples when it introduces them. Do not require invented assumptions or a boilerplate disclaimer when none is needed; irrelevant or empty responses fail."", ""critical"": false}, {""id"": ""C5"", ""criterion"": ""Case check 5"", ""points"": 20.0, ""description"": ""Critical-error check: the response substantively addresses this case and does not endorse the following error; an irrelevant, empty or purely evasive response fails this criterion: Permanent lockout, humiliation or a claim that one automated action suits every learner."", ""critical"": true}]",vocational
differentiation-adapter__cn62_03,differentiation-adapter,Personalized Content Creation,Vocational Education,Secondary vocational education,hard,A vocational-school teacher or administrator asks about the single homework-design issue described. Absolute claims in a teacher request may be challenged with a reasoned alternative.,"Today in the practical training class I taught 'cutting potato shreds' in the school kitchen. But after students go home, they have no cutting board or potatoes to practice. Please design a high-quality 'data prediction / error-cause review' alternative homework for this lesson that takes under 15 minutes and absolutely does not require writing 'personal reflections'.
Provide a concrete response to this case and a brief rationale. Include a feasible way to check the proposed learning or teaching action. State material assumptions. Hypothetical examples are allowed; do not claim unseen classroom outcomes. Equivalent defensible approaches are welcome.","Answer only this case. Accept equivalent correct approaches and examples.
Correctness: A no-equipment task can assess interpretation and error diagnosis, but cannot certify knife skill.
Illustrative application (equivalent approaches accepted; only explicit question requirements are mandatory): Provide a small synthetic width table, e.g. target 3 mm and samples 2,3,5 mm with deviations -1,0,2; ask for a prediction, likely process cause and improvement in under 15 minutes, with an answer key.
Reject endorsement of: Requiring knives or potatoes at home, a reflection essay, or claiming demonstrated practical mastery.","[{""id"": ""C1"", ""criterion"": ""Case check 1"", ""points"": 20.0, ""description"": ""Content check (equivalent correct explanations/examples accepted; the anchor example is not mandatory): A no-equipment task can assess interpretation and error diagnosis, but cannot certify knife skill."", ""critical"": true}, {""id"": ""C2"", ""criterion"": ""Case check 2"", ""points"": 20.0, ""description"": ""Provides a feasible, correct response to the actual user request. The following is an illustrative teaching approach, not a mandatory example, material, numeric value or fixed sequence unless explicitly requested in the question: Provide a small synthetic width table, e.g. target 3 mm and samples 2,3,5 mm with deviations -1,0,2; ask for a prediction, likely process cause and improvement in under 15 minutes, with an answer key. Accept other approaches that meet the same stated objective; do not deduct merely for not reproducing this illustration."", ""critical"": false}, {""id"": ""C3"", ""criterion"": ""Case check 3"", ""points"": 20.0, ""description"": ""The response gives an observable way to check the explanation or next teaching action for this specific case; a check for an unrelated topic does not meet this requirement."", ""critical"": false}, {""id"": ""C4"", ""criterion"": ""Case check 4"", ""points"": 20.0, ""description"": ""The response addresses this case using the supplied facts and labels material assumptions or hypothetical examples when it introduces them. Do not require invented assumptions or a boilerplate disclaimer when none is needed; irrelevant or empty responses fail."", ""critical"": false}, {""id"": ""C5"", ""criterion"": ""Case check 5"", ""points"": 20.0, ""description"": ""Critical-error check: the response substantively addresses this case and does not endorse the following error; an irrelevant, empty or purely evasive response fails this criterion: Requiring knives or potatoes at home, a reflection essay, or claiming demonstrated practical mastery."", ""critical"": true}]",vocational
differentiation-adapter__cn62_04,differentiation-adapter,Personalized Content Creation,Vocational Education,Secondary vocational education,hard,A vocational-school teacher or administrator asks about the single homework-design issue described. Absolute claims in a teacher request may be challenged with a reasoned alternative.,"To support the tiered system, the teaching and research group must replace 'temporary test papers' with 'jointly building a multi-level question bank.' To prevent teachers from casually finding lousy questions online to make up the numbers, please help me design a 'Teaching and Research Group Question Bank Entry Division of Work Ledger' that contains 5 key constraint fields.
Provide a concrete response to this case and a brief rationale. Include a feasible way to check the proposed learning or teaching action. State material assumptions. Hypothetical examples are allowed; do not claim unseen classroom outcomes. Equivalent defensible approaches are welcome.","Answer only this case. Accept equivalent correct approaches and examples.
Correctness: A question-bank ledger should make responsibility and verification traceable.
Illustrative application (equivalent approaches accepted; only explicit question requirements are mandatory): Give exactly five useful fields: source/permission; learning target; level/prerequisites; verified answer/rationale; owner plus review status/time estimate. Explain the entry acceptance check.
Reject endorsement of: Accepting unchecked copied questions or omitting the answer reviewer.","[{""id"": ""C1"", ""criterion"": ""Case check 1"", ""points"": 20.0, ""description"": ""Content check (equivalent correct explanations/examples accepted; the anchor example is not mandatory): A question-bank ledger should make responsibility and verification traceable."", ""critical"": true}, {""id"": ""C2"", ""criterion"": ""Case check 2"", ""points"": 20.0, ""description"": ""Provides a feasible, correct response to the actual user request. The following is an illustrative teaching approach, not a mandatory example, material, numeric value or fixed sequence unless explicitly requested in the question: Give exactly five useful fields: source/permission; learning target; level/prerequisites; verified answer/rationale; owner plus review status/time estimate. Explain the entry acceptance check. Accept other approaches that meet the same stated objective; do not deduct merely for not reproducing this illustration."", ""critical"": false}, {""id"": ""C3"", ""criterion"": ""Case check 3"", ""points"": 20.0, ""description"": ""The response gives an observable way to check the explanation or next teaching action for this specific case; a check for an unrelated topic does not meet this requirement."", ""critical"": false}, {""id"": ""C4"", ""criterion"": ""Case check 4"", ""points"": 20.0, ""description"": ""The response addresses this case using the supplied facts and labels material assumptions or hypothetical examples when it introduces them. Do not require invented assumptions or a boilerplate disclaimer when none is needed; irrelevant or empty responses fail."", ""critical"": false}, {""id"": ""C5"", ""criterion"": ""Case check 5"", ""points"": 20.0, ""description"": ""Critical-error check: the response substantively addresses this case and does not endorse the following error; an irrelevant, empty or purely evasive response fails this criterion: Accepting unchecked copied questions or omitting the answer reviewer."", ""critical"": true}]",vocational
differentiation-adapter__cn62_05,differentiation-adapter,Personalized Content Creation,Vocational Education,Secondary vocational education,hard,A vocational-school teacher or administrator asks about the single homework-design issue described. Absolute claims in a teacher request may be challenged with a reasoned alternative.,"The school requires homework for each subject to take no more than 30 minutes, but many teachers, to cope with inspections, falsely claim that their homework can be finished in 10 minutes. To obtain real data, please design a homework actual duration sampling inspection mechanism that absolutely does not rely on teachers' subjective reporting.
Provide a concrete response to this case and a brief rationale. Include a feasible way to check the proposed learning or teaching action. State material assumptions. Hypothetical examples are allowed; do not claim unseen classroom outcomes. Equivalent defensible approaches are welcome.","Answer only this case. Accept equivalent correct approaches and examples.
Correctness: Student time samples can reduce reliance on teacher estimates but remain noisy observations, not perfect surveillance.
Illustrative application (equivalent approaches accepted; only explicit question requirements are mandatory): Sample voluntary student start/end and active-work records, distinguish interruptions, report a distribution and provide an offline route; compare with the stated school 30-minute rule.
Reject endorsement of: Claiming exact objective time from a click log or generalizing the school rule to every school.","[{""id"": ""C1"", ""criterion"": ""Case check 1"", ""points"": 20.0, ""description"": ""Content check (equivalent correct explanations/examples accepted; the anchor example is not mandatory): Student time samples can reduce reliance on teacher estimates but remain noisy observations, not perfect surveillance."", ""critical"": true}, {""id"": ""C2"", ""criterion"": ""Case check 2"", ""points"": 20.0, ""description"": ""Provides a feasible, correct response to the actual user request. The following is an illustrative teaching approach, not a mandatory example, material, numeric value or fixed sequence unless explicitly requested in the question: Sample voluntary student start/end and active-work records, distinguish interruptions, report a distribution and provide an offline route; compare with the stated school 30-minute rule. Accept other approaches that meet the same stated objective; do not deduct merely for not reproducing this illustration."", ""critical"": false}, {""id"": ""C3"", ""criterion"": ""Case check 3"", ""points"": 20.0, ""description"": ""The response gives an observable way to check the explanation or next teaching action for this specific case; a check for an unrelated topic does not meet this requirement."", ""critical"": false}, {""id"": ""C4"", ""criterion"": ""Case check 4"", ""points"": 20.0, ""description"": ""The response addresses this case using the supplied facts and labels material assumptions or hypothetical examples when it introduces them. Do not require invented assumptions or a boilerplate disclaimer when none is needed; irrelevant or empty responses fail."", ""critical"": false}, {""id"": ""C5"", ""criterion"": ""Case check 5"", ""points"": 20.0, ""description"": ""Critical-error check: the response substantively addresses this case and does not endorse the following error; an irrelevant, empty or purely evasive response fails this criterion: Claiming exact objective time from a click log or generalizing the school rule to every school."", ""critical"": true}]",vocational
differentiation-adapter__cn62_06,differentiation-adapter,Personalized Content Creation,Vocational Education,Secondary vocational education,hard,A vocational-school teacher or administrator asks about the single homework-design issue described. Absolute claims in a teacher request may be challenged with a reasoned alternative.,"Many students score 60 on multiple-choice questions in the APP, glance at the score, and immediately close the software without even looking at the explanations. When designing the system, what three consecutive actions must be automatically and forcibly set to force that student to complete a true 'mistake correction closed loop'?
Provide a concrete response to this case and a brief rationale. Include a feasible way to check the proposed learning or teaching action. State material assumptions. Hypothetical examples are allowed; do not claim unseen classroom outcomes. Equivalent defensible approaches are welcome.","Answer only this case. Accept equivalent correct approaches and examples.
Correctness: Correction should be bounded and explainable, with support and a pause option.
Illustrative application (equivalent approaches accepted; only explicit question requirements are mandatory): Use three steps: identify and explain an error; attempt one comparable item with support; receive feedback and save a next step or request teacher help.
Reject endorsement of: Forcing unlimited retries or locking the student in the app until success.","[{""id"": ""C1"", ""criterion"": ""Case check 1"", ""points"": 20.0, ""description"": ""Content check (equivalent correct explanations/examples accepted; the anchor example is not mandatory): Correction should be bounded and explainable, with support and a pause option."", ""critical"": true}, {""id"": ""C2"", ""criterion"": ""Case check 2"", ""points"": 20.0, ""description"": ""Provides a feasible, correct response to the actual user request. The following is an illustrative teaching approach, not a mandatory example, material, numeric value or fixed sequence unless explicitly requested in the question: Use three steps: identify and explain an error; attempt one comparable item with support; receive feedback and save a next step or request teacher help. Accept other approaches that meet the same stated objective; do not deduct merely for not reproducing this illustration."", ""critical"": false}, {""id"": ""C3"", ""criterion"": ""Case check 3"", ""points"": 20.0, ""description"": ""The response gives an observable way to check the explanation or next teaching action for this specific case; a check for an unrelated topic does not meet this requirement."", ""critical"": false}, {""id"": ""C4"", ""criterion"": ""Case check 4"", ""points"": 20.0, ""description"": ""The response addresses this case using the supplied facts and labels material assumptions or hypothetical examples when it introduces them. Do not require invented assumptions or a boilerplate disclaimer when none is needed; irrelevant or empty responses fail."", ""critical"": false}, {""id"": ""C5"", ""criterion"": ""Case check 5"", ""points"": 20.0, ""description"": ""Critical-error check: the response substantively addresses this case and does not endorse the following error; an irrelevant, empty or purely evasive response fails this criterion: Forcing unlimited retries or locking the student in the app until success."", ""critical"": true}]",vocational
differentiation-adapter__cn62_07,differentiation-adapter,Personalized Content Creation,Vocational Education,Secondary vocational education,hard,A vocational-school teacher or administrator asks about the single homework-design issue described. Absolute claims in a teacher request may be challenged with a reasoned alternative.,"I have a circuit calculation problem that has been used for many years and has been perfectly collected by all major homework-search apps; students scan it and the correct answer comes out immediately. Please provide me with 3 lowest-cost 'test question variation fine-tuning techniques' that make homework-search apps fail on the spot and force students to calculate it themselves.
Provide a concrete response to this case and a brief rationale. Include a feasible way to check the proposed learning or teaching action. State material assumptions. Hypothetical examples are allowed; do not claim unseen classroom outcomes. Equivalent defensible approaches are welcome.","Answer only this case. Accept equivalent correct approaches and examples.
Correctness: Small variations can reduce direct copying but cannot guarantee search or AI failure.
Illustrative application (equivalent approaches accepted; only explicit question requirements are mandatory): Give three low-cost techniques: change parameters and recompute the key; compare or diagnose two methods; require a contextual intermediate step. Show how to validate each new answer.
Reject endorsement of: Promising apps fail immediately or changing numbers without updating the answer.","[{""id"": ""C1"", ""criterion"": ""Case check 1"", ""points"": 20.0, ""description"": ""Content check (equivalent correct explanations/examples accepted; the anchor example is not mandatory): Small variations can reduce direct copying but cannot guarantee search or AI failure."", ""critical"": true}, {""id"": ""C2"", ""criterion"": ""Case check 2"", ""points"": 20.0, ""description"": ""Provides a feasible, correct response to the actual user request. The following is an illustrative teaching approach, not a mandatory example, material, numeric value or fixed sequence unless explicitly requested in the question: Give three low-cost techniques: change parameters and recompute the key; compare or diagnose two methods; require a contextual intermediate step. Show how to validate each new answer. Accept other approaches that meet the same stated objective; do not deduct merely for not reproducing this illustration."", ""critical"": false}, {""id"": ""C3"", ""criterion"": ""Case check 3"", ""points"": 20.0, ""description"": ""The response gives an observable way to check the explanation or next teaching action for this specific case; a check for an unrelated topic does not meet this requirement."", ""critical"": false}, {""id"": ""C4"", ""criterion"": ""Case check 4"", ""points"": 20.0, ""description"": ""The response addresses this case using the supplied facts and labels material assumptions or hypothetical examples when it introduces them. Do not require invented assumptions or a boilerplate disclaimer when none is needed; irrelevant or empty responses fail."", ""critical"": false}, {""id"": ""C5"", ""criterion"": ""Case check 5"", ""points"": 20.0, ""description"": ""Critical-error check: the response substantively addresses this case and does not endorse the following error; an irrelevant, empty or purely evasive response fails this criterion: Promising apps fail immediately or changing numbers without updating the answer."", ""critical"": true}]",vocational
differentiation-adapter__cn62_08,differentiation-adapter,Personalized Content Creation,Vocational Education,Secondary vocational education,hard,A vocational-school teacher or administrator asks about the single homework-design issue described. Absolute claims in a teacher request may be challenged with a reasoned alternative.,"Some subject teachers always like to raise homework difficulty, causing the underachieving students in the class to collapse completely and hand in blank papers. Please give me a sharp script to explain to the teaching and research group: if, when designing bottom-line must-do questions, we do not strictly align with the level of the weakest students, what catastrophic consequences will happen in the classroom?
Provide a concrete response to this case and a brief rationale. Include a feasible way to check the proposed learning or teaching action. State material assumptions. Hypothetical examples are allowed; do not claim unseen classroom outcomes. Equivalent defensible approaches are welcome.","Answer only this case. Accept equivalent correct approaches and examples.
Correctness: Core work needs an accessible entry and support, alongside meaningful goals and extensions; difficulty should be informed by evidence, not labels.
Illustrative application (equivalent approaches accepted; only explicit question requirements are mandatory): Provide a firm but respectful staff script using a concrete scaffold and a way to monitor completion and understanding.
Reject endorsement of: Predicting inevitable catastrophe or lowering every pupil's goal permanently to the current lowest performance.","[{""id"": ""C1"", ""criterion"": ""Case check 1"", ""points"": 20.0, ""description"": ""Content check (equivalent correct explanations/examples accepted; the anchor example is not mandatory): Core work needs an accessible entry and support, alongside meaningful goals and extensions; difficulty should be informed by evidence, not labels."", ""critical"": true}, {""id"": ""C2"", ""criterion"": ""Case check 2"", ""points"": 20.0, ""description"": ""Provides a feasible, correct response to the actual user request. The following is an illustrative teaching approach, not a mandatory example, material, numeric value or fixed sequence unless explicitly requested in the question: Provide a firm but respectful staff script using a concrete scaffold and a way to monitor completion and understanding. Accept other approaches that meet the same stated objective; do not deduct merely for not reproducing this illustration."", ""critical"": false}, {""id"": ""C3"", ""criterion"": ""Case check 3"", ""points"": 20.0, ""description"": ""The response gives an observable way to check the explanation or next teaching action for this specific case; a check for an unrelated topic does not meet this requirement."", ""critical"": false}, {""id"": ""C4"", ""criterion"": ""Case check 4"", ""points"": 20.0, ""description"": ""The response addresses this case using the supplied facts and labels material assumptions or hypothetical examples when it introduces them. Do not require invented assumptions or a boilerplate disclaimer when none is needed; irrelevant or empty responses fail."", ""critical"": false}, {""id"": ""C5"", ""criterion"": ""Case check 5"", ""points"": 20.0, ""description"": ""Critical-error check: the response substantively addresses this case and does not endorse the following error; an irrelevant, empty or purely evasive response fails this criterion: Predicting inevitable catastrophe or lowering every pupil's goal permanently to the current lowest performance."", ""critical"": true}]",vocational
differentiation-adapter__cn62_09,differentiation-adapter,Personalized Content Creation,Vocational Education,Secondary vocational education,hard,A vocational-school teacher or administrator asks about the single homework-design issue described. Absolute claims in a teacher request may be challenged with a reasoned alternative.,"There are 3 especially outstanding skills competition prospects in my class who think the usual homework is too easy and childish. Based on the 'intelligent agent tiered system,' please tell me how to give these 3 students extra horizon-broadening opportunities without absolutely increasing my extra burden of separately creating questions for them every day.
Provide a concrete response to this case and a brief rationale. Include a feasible way to check the proposed learning or teaching action. State material assumptions. Hypothetical examples are allowed; do not claim unseen classroom outcomes. Equivalent defensible approaches are welcome.","Answer only this case. Accept equivalent correct approaches and examples.
Correctness: Reusable extension banks and flexible progression can reduce daily preparation, but setup and review still take time.
Illustrative application (equivalent approaches accepted; only explicit question requirements are mandatory): Offer three advanced students an optional deeper task pathway with checkpoint feedback and suitable existing reviewed resources.
Reject endorsement of: Promising zero teacher workload or merely assigning more repetitive questions.","[{""id"": ""C1"", ""criterion"": ""Case check 1"", ""points"": 20.0, ""description"": ""Content check (equivalent correct explanations/examples accepted; the anchor example is not mandatory): Reusable extension banks and flexible progression can reduce daily preparation, but setup and review still take time."", ""critical"": true}, {""id"": ""C2"", ""criterion"": ""Case check 2"", ""points"": 20.0, ""description"": ""Provides a feasible, correct response to the actual user request. The following is an illustrative teaching approach, not a mandatory example, material, numeric value or fixed sequence unless explicitly requested in the question: Offer three advanced students an optional deeper task pathway with checkpoint feedback and suitable existing reviewed resources. Accept other approaches that meet the same stated objective; do not deduct merely for not reproducing this illustration."", ""critical"": false}, {""id"": ""C3"", ""criterion"": ""Case check 3"", ""points"": 20.0, ""description"": ""The response gives an observable way to check the explanation or next teaching action for this specific case; a check for an unrelated topic does not meet this requirement."", ""critical"": false}, {""id"": ""C4"", ""criterion"": ""Case check 4"", ""points"": 20.0, ""description"": ""The response addresses this case using the supplied facts and labels material assumptions or hypothetical examples when it introduces them. Do not require invented assumptions or a boilerplate disclaimer when none is needed; irrelevant or empty responses fail."", ""critical"": false}, {""id"": ""C5"", ""criterion"": ""Case check 5"", ""points"": 20.0, ""description"": ""Critical-error check: the response substantively addresses this case and does not endorse the following error; an irrelevant, empty or purely evasive response fails this criterion: Promising zero teacher workload or merely assigning more repetitive questions."", ""critical"": true}]",vocational
differentiation-adapter__cn62_10,differentiation-adapter,Personalized Content Creation,Vocational Education,Secondary vocational education,hard,A vocational-school teacher or administrator asks about the single homework-design issue described. Absolute claims in a teacher request may be challenged with a reasoned alternative.,"During my mid-semester inspection of teachers' submitted 'Homework Design Forms,' in order to see at a glance whether this homework is precisely aligned with the lesson's teaching objectives (rather than randomly thrown-together questions), which two core check fields must I require teachers to fill in on the form?
Provide a concrete response to this case and a brief rationale. Include a feasible way to check the proposed learning or teaching action. State material assumptions. Hypothetical examples are allowed; do not claim unseen classroom outcomes. Equivalent defensible approaches are welcome.","Answer only this case. Accept equivalent correct approaches and examples.
Correctness: Alignment needs a measurable learning objective and a mapping from task evidence to assessment criteria.
Illustrative application (equivalent approaches accepted; only explicit question requirements are mandatory): Provide exactly two form fields with one filled example showing what performance would demonstrate the stated objective.
Reject endorsement of: Listing only topic names and question counts.","[{""id"": ""C1"", ""criterion"": ""Case check 1"", ""points"": 20.0, ""description"": ""Content check (equivalent correct explanations/examples accepted; the anchor example is not mandatory): Alignment needs a measurable learning objective and a mapping from task evidence to assessment criteria."", ""critical"": true}, {""id"": ""C2"", ""criterion"": ""Case check 2"", ""points"": 20.0, ""description"": ""Provides a feasible, correct response to the actual user request. The following is an illustrative teaching approach, not a mandatory example, material, numeric value or fixed sequence unless explicitly requested in the question: Provide exactly two form fields with one filled example showing what performance would demonstrate the stated objective. Accept other approaches that meet the same stated objective; do not deduct merely for not reproducing this illustration."", ""critical"": false}, {""id"": ""C3"", ""criterion"": ""Case check 3"", ""points"": 20.0, ""description"": ""The response gives an observable way to check the explanation or next teaching action for this specific case; a check for an unrelated topic does not meet this requirement."", ""critical"": false}, {""id"": ""C4"", ""criterion"": ""Case check 4"", ""points"": 20.0, ""description"": ""The response addresses this case using the supplied facts and labels material assumptions or hypothetical examples when it introduces them. Do not require invented assumptions or a boilerplate disclaimer when none is needed; irrelevant or empty responses fail."", ""critical"": false}, {""id"": ""C5"", ""criterion"": ""Case check 5"", ""points"": 20.0, ""description"": ""Critical-error check: the response substantively addresses this case and does not endorse the following error; an irrelevant, empty or purely evasive response fails this criterion: Listing only topic names and question counts."", ""critical"": true}]",vocational
differentiation-adapter__cn63_01,differentiation-adapter,Personalized Content Creation,Vocational Education,Secondary vocational,hard,"A vocational-school teacher or administrator asks about the single practical-assignment issue described. No student health diagnosis, perfect fairness or verified real-world outcome should be inferred beyond the stated observations.","The head of the teaching and research group asked: 'On Wednesday afternoon before school ended, I found that the Mechanical Drawing teacher assigned 30 minutes of drawing, Mechanics of Materials assigned 40 minutes of calculation, and CNC assigned 40 minutes of code. The three subjects combined seriously exceed the limit! Please give me an extremely concise 'multi-subject homework coordination table template', along with a coordination script requiring these three teachers to immediately 'cut out ineffective repetitive problems'.'
Provide a concrete response to this case and a brief rationale. Include a feasible way to check the proposed learning or teaching action. State material assumptions. Hypothetical examples are allowed; do not claim unseen classroom outcomes. Equivalent defensible approaches are welcome.","Answer only this case. Accept equivalent correct approaches and examples.
Correctness: The three estimates total 110 minutes. Coordination requires a stated overall budget and removal of redundant work, not an invented universal time cap.
Illustrative application (equivalent approaches accepted; only explicit question requirements are mandatory): Give a concise table for subject, objective, essential task, estimated/observed time, deadline and coordinating decision, plus a short staff script.
Reject endorsement of: Reporting the sum incorrectly or declaring an unstated national limit.","[{""id"": ""C1"", ""criterion"": ""Case check 1"", ""points"": 16.666666666666668, ""description"": ""Content check (equivalent correct explanations/examples accepted; the anchor example is not mandatory): The three estimates total 110 minutes."", ""critical"": true}, {""id"": ""C2"", ""criterion"": ""Case check 2"", ""points"": 16.666666666666668, ""description"": ""Content check (equivalent correct explanations/examples accepted; the anchor example is not mandatory): Coordination requires a stated overall budget and removal of redundant work, not an invented universal time cap."", ""critical"": true}, {""id"": ""C3"", ""criterion"": ""Case check 3"", ""points"": 16.666666666666668, ""description"": ""Provides a feasible, correct response to the actual user request. The following is an illustrative teaching approach, not a mandatory example, material, numeric value or fixed sequence unless explicitly requested in the question: Give a concise table for subject, objective, essential task, estimated/observed time, deadline and coordinating decision, plus a short staff script. Accept other approaches that meet the same stated objective; do not deduct merely for not reproducing this illustration."", ""critical"": false}, {""id"": ""C4"", ""criterion"": ""Case check 4"", ""points"": 16.666666666666668, ""description"": ""The response gives an observable way to check the explanation or next teaching action for this specific case; a check for an unrelated topic does not meet this requirement."", ""critical"": false}, {""id"": ""C5"", ""criterion"": ""Case check 5"", ""points"": 16.666666666666668, ""description"": ""The response addresses this case using the supplied facts and labels material assumptions or hypothetical examples when it introduces them. Do not require invented assumptions or a boilerplate disclaimer when none is needed; irrelevant or empty responses fail."", ""critical"": false}, {""id"": ""C6"", ""criterion"": ""Case check 6"", ""points"": 16.666666666666668, ""description"": ""Critical-error check: the response substantively addresses this case and does not endorse the following error; an irrelevant, empty or purely evasive response fails this criterion: Reporting the sum incorrectly or declaring an unstated national limit."", ""critical"": true}]",vocational
differentiation-adapter__cn63_02,differentiation-adapter,Personalized Content Creation,Vocational Education,Secondary vocational,hard,"A vocational-school teacher or administrator asks about the single practical-assignment issue described. No student health diagnosis, perfect fairness or verified real-world outcome should be inferred beyond the stated observations.","A professional course teacher asked: 'I changed the paper assignment into a video assignment in which 4 students submit one 'CNC lathe tool-change operation' video. To prevent only the one student who actually operates the machine from getting practice while the other 3 stand around holding their phones, what kind of 'hard role division and mandatory rotation rules' do I need to make explicit when I release the assignment?'
Provide a concrete response to this case and a brief rationale. Include a feasible way to check the proposed learning or teaching action. State material assumptions. Hypothetical examples are allowed; do not claim unseen classroom outcomes. Equivalent defensible approaches are welcome.","Answer only this case. Accept equivalent correct approaches and examples.
Correctness: Four roles can cover operation, procedure checking, safety observation and recording. Actual machine operation is restricted to trained, authorized students under appropriate supervision.
Illustrative application (equivalent approaches accepted; only explicit question requirements are mandatory): Specify individual evidence and rotation within permitted roles; use simulation or demonstration when operational prerequisites are missing.
Reject endorsement of: Forcing every untrained student to operate a CNC lathe to earn credit.","[{""id"": ""C1"", ""criterion"": ""Case check 1"", ""points"": 16.666666666666668, ""description"": ""Content check (equivalent correct explanations/examples accepted; the anchor example is not mandatory): Four roles can cover operation, procedure checking, safety observation and recording."", ""critical"": true}, {""id"": ""C2"", ""criterion"": ""Case check 2"", ""points"": 16.666666666666668, ""description"": ""Content check (equivalent correct explanations/examples accepted; the anchor example is not mandatory): Actual machine operation is restricted to trained, authorized students under appropriate supervision."", ""critical"": true}, {""id"": ""C3"", ""criterion"": ""Case check 3"", ""points"": 16.666666666666668, ""description"": ""Provides a feasible, correct response to the actual user request. The following is an illustrative teaching approach, not a mandatory example, material, numeric value or fixed sequence unless explicitly requested in the question: Specify individual evidence and rotation within permitted roles; use simulation or demonstration when operational prerequisites are missing. Accept other approaches that meet the same stated objective; do not deduct merely for not reproducing this illustration."", ""critical"": false}, {""id"": ""C4"", ""criterion"": ""Case check 4"", ""points"": 16.666666666666668, ""description"": ""The response gives an observable way to check the explanation or next teaching action for this specific case; a check for an unrelated topic does not meet this requirement."", ""critical"": false}, {""id"": ""C5"", ""criterion"": ""Case check 5"", ""points"": 16.666666666666668, ""description"": ""The response addresses this case using the supplied facts and labels material assumptions or hypothetical examples when it introduces them. Do not require invented assumptions or a boilerplate disclaimer when none is needed; irrelevant or empty responses fail."", ""critical"": false}, {""id"": ""C6"", ""criterion"": ""Case check 6"", ""points"": 16.666666666666668, ""description"": ""Critical-error check: the response substantively addresses this case and does not endorse the following error; an irrelevant, empty or purely evasive response fails this criterion: Forcing every untrained student to operate a CNC lathe to earn credit."", ""critical"": true}]",vocational
differentiation-adapter__cn63_03,differentiation-adapter,Personalized Content Creation,Vocational Education,Secondary vocational,hard,"A vocational-school teacher or administrator asks about the single practical-assignment issue described. No student health diagnosis, perfect fairness or verified real-world outcome should be inferred beyond the stated observations.","The homeroom teacher asked: 'A boy from a single-parent family with severe social anxiety came to me and said he would rather fail the course than take part in the six-person sand table simulation group assignment, because he is afraid of interacting with people. According to the logic of 'personality fallback', how should I design a 'legitimate downgraded alternative individual assignment' for him that can assess the core competencies without requiring social interaction?'
Provide a concrete response to this case and a brief rationale. Include a feasible way to check the proposed learning or teaching action. State material assumptions. Hypothetical examples are allowed; do not claim unseen classroom outcomes. Equivalent defensible approaches are welcome.","Answer only this case. Accept equivalent correct approaches and examples.
Correctness: An individual alternative should preserve the assessed core competencies and adapt the interaction format; family background alone does not justify lower expectations.
Illustrative application (equivalent approaches accepted; only explicit question requirements are mandatory): Map the group task objectives to an individual simulation, submitted decisions and private feedback, without requiring a clinical diagnosis.
Reject endorsement of: Automatically lowering learning goals or forcing public disclosure of family or health details.","[{""id"": ""C1"", ""criterion"": ""Case check 1"", ""points"": 20.0, ""description"": ""Content check (equivalent correct explanations/examples accepted; the anchor example is not mandatory): An individual alternative should preserve the assessed core competencies and adapt the interaction format; family background alone does not justify lower expectations."", ""critical"": true}, {""id"": ""C2"", ""criterion"": ""Case check 2"", ""points"": 20.0, ""description"": ""Provides a feasible, correct response to the actual user request. The following is an illustrative teaching approach, not a mandatory example, material, numeric value or fixed sequence unless explicitly requested in the question: Map the group task objectives to an individual simulation, submitted decisions and private feedback, without requiring a clinical diagnosis. Accept other approaches that meet the same stated objective; do not deduct merely for not reproducing this illustration."", ""critical"": false}, {""id"": ""C3"", ""criterion"": ""Case check 3"", ""points"": 20.0, ""description"": ""The response gives an observable way to check the explanation or next teaching action for this specific case; a check for an unrelated topic does not meet this requirement."", ""critical"": false}, {""id"": ""C4"", ""criterion"": ""Case check 4"", ""points"": 20.0, ""description"": ""The response addresses this case using the supplied facts and labels material assumptions or hypothetical examples when it introduces them. Do not require invented assumptions or a boilerplate disclaimer when none is needed; irrelevant or empty responses fail."", ""critical"": false}, {""id"": ""C5"", ""criterion"": ""Case check 5"", ""points"": 20.0, ""description"": ""Critical-error check: the response substantively addresses this case and does not endorse the following error; an irrelevant, empty or purely evasive response fails this criterion: Automatically lowering learning goals or forcing public disclosure of family or health details."", ""critical"": true}]",vocational
differentiation-adapter__cn63_04,differentiation-adapter,Personalized Content Creation,Vocational Education,Secondary vocational,hard,"A vocational-school teacher or administrator asks about the single practical-assignment issue described. No student health diagnosis, perfect fairness or verified real-world outcome should be inferred beyond the stated observations.","The course instructor asked: 'In the group final assignment on 'enterprise online store operation agency', the group leader privately came to me crying that two boys in the group did no work at all and did not even reply in the WeChat group. With one week left before the assignment is due, what 'management intervention actions' should I, as the teacher, immediately take to force these two boys to work and absolutely prevent them from free-riding?'
Provide a concrete response to this case and a brief rationale. Include a feasible way to check the proposed learning or teaching action. State material assumptions. Hypothetical examples are allowed; do not claim unseen classroom outcomes. Equivalent defensible approaches are welcome.","Answer only this case. Accept equivalent correct approaches and examples.
Correctness: First check participation evidence and barriers separately, then assign clear individual deliverables with a deadline and interim check.
Illustrative application (equivalent approaches accepted; only explicit question requirements are mandatory): Give a one-week intervention schedule, a support route and evidence-based individual credit; do not promise total prevention of free-riding.
Reject endorsement of: Punishing based solely on an allegation or guaranteeing compelled participation.","[{""id"": ""C1"", ""criterion"": ""Case check 1"", ""points"": 20.0, ""description"": ""Content check (equivalent correct explanations/examples accepted; the anchor example is not mandatory): First check participation evidence and barriers separately, then assign clear individual deliverables with a deadline and interim check."", ""critical"": true}, {""id"": ""C2"", ""criterion"": ""Case check 2"", ""points"": 20.0, ""description"": ""Provides a feasible, correct response to the actual user request. The following is an illustrative teaching approach, not a mandatory example, material, numeric value or fixed sequence unless explicitly requested in the question: Give a one-week intervention schedule, a support route and evidence-based individual credit; do not promise total prevention of free-riding. Accept other approaches that meet the same stated objective; do not deduct merely for not reproducing this illustration."", ""critical"": false}, {""id"": ""C3"", ""criterion"": ""Case check 3"", ""points"": 20.0, ""description"": ""The response gives an observable way to check the explanation or next teaching action for this specific case; a check for an unrelated topic does not meet this requirement."", ""critical"": false}, {""id"": ""C4"", ""criterion"": ""Case check 4"", ""points"": 20.0, ""description"": ""The response addresses this case using the supplied facts and labels material assumptions or hypothetical examples when it introduces them. Do not require invented assumptions or a boilerplate disclaimer when none is needed; irrelevant or empty responses fail."", ""critical"": false}, {""id"": ""C5"", ""criterion"": ""Case check 5"", ""points"": 20.0, ""description"": ""Critical-error check: the response substantively addresses this case and does not endorse the following error; an irrelevant, empty or purely evasive response fails this criterion: Punishing based solely on an allegation or guaranteeing compelled participation."", ""critical"": true}]",vocational
differentiation-adapter__cn63_05,differentiation-adapter,Personalized Content Creation,Vocational Education,Secondary vocational,hard,"A vocational-school teacher or administrator asks about the single practical-assignment issue described. No student health diagnosis, perfect fairness or verified real-world outcome should be inferred beyond the stated observations.","The teaching supervisor asked: 'For the online store operation group assignment, in order to ensure absolutely fair evaluation, please design for the teacher a two-dimensional scoring weight table that includes 'individual process performance' and 'group final outcome' (requirement: it must list 3 specific 'objective verification evidence' fields that can prove an individual did the work).'
Provide a concrete response to this case and a brief rationale. Include a feasible way to check the proposed learning or teaching action. State material assumptions. Hypothetical examples are allowed; do not claim unseen classroom outcomes. Equivalent defensible approaches are welcome.","Answer only this case. Accept equivalent correct approaches and examples.
Correctness: A defensible example is 60 percent individual process and 40 percent group outcome; weights need justification rather than a claim of perfect fairness.
Illustrative application (equivalent approaches accepted; only explicit question requirements are mandatory): List three evidence fields: attributable deliverable, version/change record, and a brief explanation or verification question. Explain how evidence supports the individual score.
Reject endorsement of: Treating timestamps alone as proof of learning or counting all group output as each member's work.","[{""id"": ""C1"", ""criterion"": ""Case check 1"", ""points"": 20.0, ""description"": ""Content check (equivalent correct explanations/examples accepted; the anchor example is not mandatory): A defensible example is 60 percent individual process and 40 percent group outcome; weights need justification rather than a claim of perfect fairness."", ""critical"": true}, {""id"": ""C2"", ""criterion"": ""Case check 2"", ""points"": 20.0, ""description"": ""Provides a feasible, correct response to the actual user request. The following is an illustrative teaching approach, not a mandatory example, material, numeric value or fixed sequence unless explicitly requested in the question: List three evidence fields: attributable deliverable, version/change record, and a brief explanation or verification question. Explain how evidence supports the individual score. Accept other approaches that meet the same stated objective; do not deduct merely for not reproducing this illustration."", ""critical"": false}, {""id"": ""C3"", ""criterion"": ""Case check 3"", ""points"": 20.0, ""description"": ""The response gives an observable way to check the explanation or next teaching action for this specific case; a check for an unrelated topic does not meet this requirement."", ""critical"": false}, {""id"": ""C4"", ""criterion"": ""Case check 4"", ""points"": 20.0, ""description"": ""The response addresses this case using the supplied facts and labels material assumptions or hypothetical examples when it introduces them. Do not require invented assumptions or a boilerplate disclaimer when none is needed; irrelevant or empty responses fail."", ""critical"": false}, {""id"": ""C5"", ""criterion"": ""Case check 5"", ""points"": 20.0, ""description"": ""Critical-error check: the response substantively addresses this case and does not endorse the following error; an irrelevant, empty or purely evasive response fails this criterion: Treating timestamps alone as proof of learning or counting all group output as each member's work."", ""critical"": true}]",vocational
differentiation-adapter__cn63_06,differentiation-adapter,Personalized Content Creation,Vocational Education,Secondary vocational,hard,"A vocational-school teacher or administrator asks about the single practical-assignment issue described. No student health diagnosis, perfect fairness or verified real-world outcome should be inferred beyond the stated observations.","The department head asked: 'I want to introduce the drawings of a newly completed residential community into the 'Construction Project Cost' course as a major assignment. But the teacher came to me and complained: 'Director, I have never worked on a construction crew, so I am afraid I won't know how to grade the data the students calculate.' How should I mobilize external/enterprise resources and provide a set of 'non-standard answer grading methods' to dispel his concerns?'
Provide a concrete response to this case and a brief rationale. Include a feasible way to check the proposed learning or teaching action. State material assumptions. Hypothetical examples are allowed; do not claim unseen classroom outcomes. Equivalent defensible approaches are welcome.","Answer only this case. Accept equivalent correct approaches and examples.
Correctness: Authentic cost estimates may have justified ranges under different stated assumptions, so grading needs calibrated methods and reference examples.
Illustrative application (equivalent approaches accepted; only explicit question requirements are mandatory): Arrange qualified industry review of authorized materials, annotate assumptions and units, develop exemplars and a method/evidence rubric before grading.
Reject endorsement of: Inventing one universal exact answer or outsourcing judgment without calibration.","[{""id"": ""C1"", ""criterion"": ""Case check 1"", ""points"": 20.0, ""description"": ""Content check (equivalent correct explanations/examples accepted; the anchor example is not mandatory): Authentic cost estimates may have justified ranges under different stated assumptions, so grading needs calibrated methods and reference examples."", ""critical"": true}, {""id"": ""C2"", ""criterion"": ""Case check 2"", ""points"": 20.0, ""description"": ""Provides a feasible, correct response to the actual user request. The following is an illustrative teaching approach, not a mandatory example, material, numeric value or fixed sequence unless explicitly requested in the question: Arrange qualified industry review of authorized materials, annotate assumptions and units, develop exemplars and a method/evidence rubric before grading. Accept other approaches that meet the same stated objective; do not deduct merely for not reproducing this illustration."", ""critical"": false}, {""id"": ""C3"", ""criterion"": ""Case check 3"", ""points"": 20.0, ""description"": ""The response gives an observable way to check the explanation or next teaching action for this specific case; a check for an unrelated topic does not meet this requirement."", ""critical"": false}, {""id"": ""C4"", ""criterion"": ""Case check 4"", ""points"": 20.0, ""description"": ""The response addresses this case using the supplied facts and labels material assumptions or hypothetical examples when it introduces them. Do not require invented assumptions or a boilerplate disclaimer when none is needed; irrelevant or empty responses fail."", ""critical"": false}, {""id"": ""C5"", ""criterion"": ""Case check 5"", ""points"": 20.0, ""description"": ""Critical-error check: the response substantively addresses this case and does not endorse the following error; an irrelevant, empty or purely evasive response fails this criterion: Inventing one universal exact answer or outsourcing judgment without calibration."", ""critical"": true}]",vocational
differentiation-adapter__cn63_07,differentiation-adapter,Personalized Content Creation,Vocational Education,Secondary vocational,hard,"A vocational-school teacher or administrator asks about the single practical-assignment issue described. No student health diagnosis, perfect fairness or verified real-world outcome should be inferred beyond the stated observations.","The electrical engineering teacher asked: 'Given the same set of 'Electrician Basics' circuit board soldering equipment, my students have very uneven abilities. Please design three staged practical assignments of progressively increasing difficulty using this same equipment, respectively for the 'all-thumbs students (very weak foundation)', 'average students', and 'tech fanatics (potential skills competition contestants)'.'
Provide a concrete response to this case and a brief rationale. Include a feasible way to check the proposed learning or teaching action. State material assumptions. Hypothetical examples are allowed; do not claim unseen classroom outcomes. Equivalent defensible approaches are welcome.","Answer only this case. Accept equivalent correct approaches and examples.
Correctness: Progression can move from a supported basic joint to independently checking a circuit and then diagnosing a fault, with explicit prerequisites.
Illustrative application (equivalent approaches accepted; only explicit question requirements are mandatory): Use the same suitable training equipment, supervised unpowered practice where appropriate, common safety expectations and optional extension; assess observable evidence.
Reject endorsement of: Using derogatory ability labels as fixed tracks or unsafe unsupervised powered work.","[{""id"": ""C1"", ""criterion"": ""Case check 1"", ""points"": 20.0, ""description"": ""Content check (equivalent correct explanations/examples accepted; the anchor example is not mandatory): Progression can move from a supported basic joint to independently checking a circuit and then diagnosing a fault, with explicit prerequisites."", ""critical"": true}, {""id"": ""C2"", ""criterion"": ""Case check 2"", ""points"": 20.0, ""description"": ""Provides a feasible, correct response to the actual user request. The following is an illustrative teaching approach, not a mandatory example, material, numeric value or fixed sequence unless explicitly requested in the question: Use the same suitable training equipment, supervised unpowered practice where appropriate, common safety expectations and optional extension; assess observable evidence. Accept other approaches that meet the same stated objective; do not deduct merely for not reproducing this illustration."", ""critical"": false}, {""id"": ""C3"", ""criterion"": ""Case check 3"", ""points"": 20.0, ""description"": ""The response gives an observable way to check the explanation or next teaching action for this specific case; a check for an unrelated topic does not meet this requirement."", ""critical"": false}, {""id"": ""C4"", ""criterion"": ""Case check 4"", ""points"": 20.0, ""description"": ""The response addresses this case using the supplied facts and labels material assumptions or hypothetical examples when it introduces them. Do not require invented assumptions or a boilerplate disclaimer when none is needed; irrelevant or empty responses fail."", ""critical"": false}, {""id"": ""C5"", ""criterion"": ""Case check 5"", ""points"": 20.0, ""description"": ""Critical-error check: the response substantively addresses this case and does not endorse the following error; an irrelevant, empty or purely evasive response fails this criterion: Using derogatory ability labels as fixed tracks or unsafe unsupervised powered work."", ""critical"": true}]",vocational
differentiation-adapter__cn63_08,differentiation-adapter,Personalized Content Creation,Vocational Education,Secondary vocational,hard,"A vocational-school teacher or administrator asks about the single practical-assignment issue described. No student health diagnosis, perfect fairness or verified real-world outcome should be inferred beyond the stated observations.","The assessment expert asked: 'In the classroom presentation of video assignments, I adopted a 'student peer review' mechanism. But after the first group went on stage, the audience all blindly gave full marks because of their good relationships, making the peer review meaningless. Before the next peer review, which two 'constraint fields requiring objective facts' should I add to the scoring form to prevent favoritism-based score inflation?'
Provide a concrete response to this case and a brief rationale. Include a feasible way to check the proposed learning or teaching action. State material assumptions. Hypothetical examples are allowed; do not claim unseen classroom outcomes. Equivalent defensible approaches are welcome.","Answer only this case. Accept equivalent correct approaches and examples.
Correctness: Two useful required fields are criterion-linked observed evidence and the reason for the score with a specific improvement.
Illustrative application (equivalent approaches accepted; only explicit question requirements are mandatory): Give a completed example and calibrate scores against an anchor before the next peer review; acknowledge that fields alone cannot eliminate favoritism.
Reject endorsement of: Guaranteeing impartiality merely by adding boxes.","[{""id"": ""C1"", ""criterion"": ""Case check 1"", ""points"": 20.0, ""description"": ""Content check (equivalent correct explanations/examples accepted; the anchor example is not mandatory): Two useful required fields are criterion-linked observed evidence and the reason for the score with a specific improvement."", ""critical"": true}, {""id"": ""C2"", ""criterion"": ""Case check 2"", ""points"": 20.0, ""description"": ""Provides a feasible, correct response to the actual user request. The following is an illustrative teaching approach, not a mandatory example, material, numeric value or fixed sequence unless explicitly requested in the question: Give a completed example and calibrate scores against an anchor before the next peer review; acknowledge that fields alone cannot eliminate favoritism. Accept other approaches that meet the same stated objective; do not deduct merely for not reproducing this illustration."", ""critical"": false}, {""id"": ""C3"", ""criterion"": ""Case check 3"", ""points"": 20.0, ""description"": ""The response gives an observable way to check the explanation or next teaching action for this specific case; a check for an unrelated topic does not meet this requirement."", ""critical"": false}, {""id"": ""C4"", ""criterion"": ""Case check 4"", ""points"": 20.0, ""description"": ""The response addresses this case using the supplied facts and labels material assumptions or hypothetical examples when it introduces them. Do not require invented assumptions or a boilerplate disclaimer when none is needed; irrelevant or empty responses fail."", ""critical"": false}, {""id"": ""C5"", ""criterion"": ""Case check 5"", ""points"": 20.0, ""description"": ""Critical-error check: the response substantively addresses this case and does not endorse the following error; an irrelevant, empty or purely evasive response fails this criterion: Guaranteeing impartiality merely by adding boxes."", ""critical"": true}]",vocational
differentiation-adapter__cn63_09,differentiation-adapter,Personalized Content Creation,Vocational Education,Secondary vocational,hard,"A vocational-school teacher or administrator asks about the single practical-assignment issue described. No student health diagnosis, perfect fairness or verified real-world outcome should be inferred beyond the stated observations.","The curriculum development supervisor asked: 'Last year we led students in completing the real project assignment 'campus air-conditioning energy consumption inspection'. To keep this project from becoming a one-time disposable resource, what desk work should the teaching and research group do over the summer to transform last year's messy data into a 'standardized practical question bank' that new students this year can directly use?'
Provide a concrete response to this case and a brief rationale. Include a feasible way to check the proposed learning or teaching action. State material assumptions. Hypothetical examples are allowed; do not claim unseen classroom outcomes. Equivalent defensible approaches are welcome.","Answer only this case. Accept equivalent correct approaches and examples.
Correctness: Reusable project questions need documented provenance, units, assumptions, cleaned data and a separately verified teacher key or defensible answer range.
Illustrative application (equivalent approaches accepted; only explicit question requirements are mandatory): Archive a versioned student package and teacher package, remove unnecessary personal information and pilot one task before reuse.
Reject endorsement of: Publishing messy raw data as a validated bank or exposing the answer in the student handout.","[{""id"": ""C1"", ""criterion"": ""Case check 1"", ""points"": 20.0, ""description"": ""Content check (equivalent correct explanations/examples accepted; the anchor example is not mandatory): Reusable project questions need documented provenance, units, assumptions, cleaned data and a separately verified teacher key or defensible answer range."", ""critical"": true}, {""id"": ""C2"", ""criterion"": ""Case check 2"", ""points"": 20.0, ""description"": ""Provides a feasible, correct response to the actual user request. The following is an illustrative teaching approach, not a mandatory example, material, numeric value or fixed sequence unless explicitly requested in the question: Archive a versioned student package and teacher package, remove unnecessary personal information and pilot one task before reuse. Accept other approaches that meet the same stated objective; do not deduct merely for not reproducing this illustration."", ""critical"": false}, {""id"": ""C3"", ""criterion"": ""Case check 3"", ""points"": 20.0, ""description"": ""The response gives an observable way to check the explanation or next teaching action for this specific case; a check for an unrelated topic does not meet this requirement."", ""critical"": false}, {""id"": ""C4"", ""criterion"": ""Case check 4"", ""points"": 20.0, ""description"": ""The response addresses this case using the supplied facts and labels material assumptions or hypothetical examples when it introduces them. Do not require invented assumptions or a boilerplate disclaimer when none is needed; irrelevant or empty responses fail."", ""critical"": false}, {""id"": ""C5"", ""criterion"": ""Case check 5"", ""points"": 20.0, ""description"": ""Critical-error check: the response substantively addresses this case and does not endorse the following error; an irrelevant, empty or purely evasive response fails this criterion: Publishing messy raw data as a validated bank or exposing the answer in the student handout."", ""critical"": true}]",vocational
differentiation-adapter__cn63_10,differentiation-adapter,Personalized Content Creation,Vocational Education,Secondary vocational,hard,"A vocational-school teacher or administrator asks about the single practical-assignment issue described. No student health diagnosis, perfect fairness or verified real-world outcome should be inferred beyond the stated observations.","The deputy principal in charge asked: 'A parent complained to me that the professional course teachers make students 'shoot videos, go into the community to lift manhole covers for inspection, and do all sorts of messy projects' every day instead of writing paper tests from the textbook, and that the parent is worried the student will not pass the intended further-study or vocational qualification examination (the original wording does not identify a specific examination) in the future. Please give me a script to explain to parents sharply and professionally that 'the value of this kind of practical project assignment far exceeds fill-in-the-blank questions'.'
Provide a concrete response to this case and a brief rationale. Include a feasible way to check the proposed learning or teaching action. State material assumptions. Hypothetical examples are allowed; do not claim unseen classroom outcomes. Equivalent defensible approaches are welcome.","Answer only this case. Accept equivalent correct approaches and examples.
Correctness: Practical and written tasks serve different objectives; explain their alignment and evidence without asserting all projects are superior.
Illustrative application (equivalent approaches accepted; only explicit question requirements are mandatory): Provide a respectful parent script with a concrete learning-and-assessment example; replace hazardous unsupervised manhole work with an approved safe simulation or observation.
Reject endorsement of: Dismissing written learning, promising certificate success, or endorsing ordinary unsupervised student manhole opening.","[{""id"": ""C1"", ""criterion"": ""Case check 1"", ""points"": 20.0, ""description"": ""Content check (equivalent correct explanations/examples accepted; the anchor example is not mandatory): Practical and written tasks serve different objectives; explain their alignment and evidence without asserting all projects are superior."", ""critical"": true}, {""id"": ""C2"", ""criterion"": ""Case check 2"", ""points"": 20.0, ""description"": ""Provides a feasible, correct response to the actual user request. The following is an illustrative teaching approach, not a mandatory example, material, numeric value or fixed sequence unless explicitly requested in the question: Provide a respectful parent script with a concrete learning-and-assessment example; replace hazardous unsupervised manhole work with an approved safe simulation or observation. Accept other approaches that meet the same stated objective; do not deduct merely for not reproducing this illustration."", ""critical"": false}, {""id"": ""C3"", ""criterion"": ""Case check 3"", ""points"": 20.0, ""description"": ""The response gives an observable way to check the explanation or next teaching action for this specific case; a check for an unrelated topic does not meet this requirement."", ""critical"": false}, {""id"": ""C4"", ""criterion"": ""Case check 4"", ""points"": 20.0, ""description"": ""The response addresses this case using the supplied facts and labels material assumptions or hypothetical examples when it introduces them. Do not require invented assumptions or a boilerplate disclaimer when none is needed; irrelevant or empty responses fail."", ""critical"": false}, {""id"": ""C5"", ""criterion"": ""Case check 5"", ""points"": 20.0, ""description"": ""Critical-error check: the response substantively addresses this case and does not endorse the following error; an irrelevant, empty or purely evasive response fails this criterion: Dismissing written learning, promising certificate success, or endorsing ordinary unsupervised student manhole opening."", ""critical"": true}]",vocational
