task_id,skill_id,edubench_scenario,subject,education_level,difficulty,context,user_prompt,expected_output,rubric,education_stage
hinge-question-designer__01,hinge-question-designer,Question Generation,Science (Biology),Middle School (Grade 8),easy,"The teacher has just introduced the basic equation for photosynthesis, emphasizing that plants use carbon dioxide, water, and light energy to produce glucose and oxygen, and that this occurs in the chloroplasts. The class is about to transition to learning about cellular respiration.","I am teaching a Grade 8 science class. We just covered the basics of photosynthesis, specifically the reactants and where it occurs in the plant cell. I need a quick, multiple-choice checkpoint question to ask the class before we move on to cellular respiration. The question should take less than two minutes to answer. Please provide the question, the options, the correct answer, an explanation of what each wrong answer tells me about their specific misunderstanding, a guide on how to adjust my teaching based on their answers, and a brief rationale for your design.","A multiple-choice question about photosynthesis with 4 options, a diagnostic key explaining the specific biological misconception for each distractor, a decision guide for adjusting instruction based on response patterns, and a design rationale.","[{""criterion"": ""Question Stem and Options Quality"", ""points"": 20, ""description"": ""The question stem is clear, concise, and tests only the single concept of photosynthesis reactants/location. The four options are parallel in structure and length, avoid negative phrasing, and do not use 'all/none of the above'. The question is answerable in under two minutes.""}, {""criterion"": ""Diagnostic Distractors"", ""points"": 20, ""description"": ""All three incorrect options are plausible and each targets a distinct, specific misconception relevant to middle school biology (e.g., confusing reactants with products, confusing the location with the mitochondria). The correct answer cannot be arrived at through flawed reasoning or test-taking shortcuts.""}, {""criterion"": ""Diagnostic Key Accuracy"", ""points"": 20, ""description"": ""The output includes a diagnostic key that explicitly states what choosing the correct answer confirms. For each of the three distractors, it clearly names the specific student misconception that would lead them to choose that option.""}, {""criterion"": ""Decision Guide Actionability"", ""points"": 20, ""description"": ""The decision guide provides specific, actionable instructional next steps for different response patterns, such as what to do if 80% or more answer correctly, what to re-teach if a specific distractor is heavily chosen, and how to handle split responses.""}, {""criterion"": ""Design Rationale"", ""points"": 20, ""description"": ""The rationale explains why the question effectively tests the target concept and justifies the selection of each distractor based on common student errors, demonstrating alignment with the constraint of rapid, diagnostic assessment.""}]",middle_school
hinge-question-designer__02,hinge-question-designer,Question Generation,English Language Arts (Grammar),High School (Grade 10),medium,The teacher has just instructed the class on the rule for using a comma before a coordinating conjunction (FANBOYS) to connect two independent clauses. Students are about to begin drafting their own compound sentences for an essay.,"I'm teaching a 10th-grade English class. I just taught the rule for using a comma before a coordinating conjunction (FANBOYS) to connect two independent clauses. I need a multiple-choice diagnostic question to check if they truly understand this before we start writing their own compound sentences. It needs to be answerable in under two minutes. Give me the question stem, four parallel options, the correct answer, a breakdown of the specific misconception each incorrect option reveals, instructions on what to do next based on the class's response patterns, and the reasoning behind your question design.","A multiple-choice question about comma usage with 4 parallel options, a diagnostic key detailing the specific grammar misconception for each distractor, a decision guide for next instructional steps, and a design rationale.","[{""criterion"": ""Question Stem and Options Quality"", ""points"": 20, ""description"": ""The question stem presents a clear scenario requiring the application of the compound sentence comma rule. The four options are strictly parallel in structure, length, and grammatical form, avoiding negative phrasing and 'all/none of the above' constructions.""}, {""criterion"": ""Diagnostic Distractors"", ""points"": 20, ""description"": ""Each incorrect option represents a plausible, specific grammar error (e.g., placing a comma before a conjunction in a simple sentence, omitting the comma in a compound sentence, or placing a comma before a conjunction linking a compound predicate). The correct answer requires true understanding of independent clauses.""}, {""criterion"": ""Diagnostic Key Accuracy"", ""points"": 20, ""description"": ""The diagnostic key accurately identifies the correct answer's confirmation of understanding. For each distractor, it explicitly describes the grammatical misconception (e.g., confusing compound predicates with compound sentences) that would cause a student to select it.""}, {""criterion"": ""Decision Guide Actionability"", ""points"": 20, ""description"": ""The decision guide offers concrete, subject-specific teaching adjustments for various outcome distributions, such as moving to practice if mastery is high, or providing targeted mini-lessons on independent vs. dependent clauses if specific distractors are popular.""}, {""criterion"": ""Design Rationale"", ""points"": 20, ""description"": ""The rationale clearly articulates why the chosen sentence structure effectively discriminates between students who understand the rule and those who hold common syntactic misconceptions, and explains the deliberate design of the parallel options.""}]",high_school
hinge-question-designer__03,hinge-question-designer,Question Generation,Physics,University (Introductory Physics),hard,"The professor has just introduced Newton's Third Law of Motion, focusing on action-reaction pairs and addressing the common student misconception that these forces cancel each other out, thereby preventing motion. The class is about to move on to drawing free-body diagrams.","I am teaching an introductory university physics course. I just introduced Newton's Third Law of Motion, focusing on action-reaction pairs and the common misconception that these forces cancel each other out. I need a rigorous multiple-choice checkpoint question to assess their conceptual grasp before we move to free-body diagrams. The question must be solvable in under two minutes. Provide the question, four options, the correct answer, a diagnostic key explaining the exact misconception each distractor targets, a decision guide for how to proceed based on the distribution of student answers, and a design rationale.","A multiple-choice question about Newton's Third Law with 4 options, a diagnostic key identifying the specific physics misconception for each distractor, a decision guide for lecture adjustments, and a design rationale.","[{""criterion"": ""Question Stem and Options Quality"", ""points"": 20, ""description"": ""The question stem presents a physically accurate scenario that tests the conceptual understanding of action-reaction pairs without requiring complex calculations. The options are parallel, concise, and avoid test-wiseness cues like 'all of the above' or extreme outliers.""}, {""criterion"": ""Diagnostic Distractors"", ""points"": 20, ""description"": ""The distractors target deep, specific physics misconceptions (e.g., believing the larger mass exerts a greater force, believing action-reaction forces act on the same object and thus cancel, or confusing Newton's Third Law with equilibrium/Newton's First Law). The correct answer cannot be guessed without conceptual understanding.""}, {""criterion"": ""Diagnostic Key Accuracy"", ""points"": 20, ""description"": ""The diagnostic key precisely maps each distractor to a distinct, advanced physics misconception. It clearly explains the flawed mental model (e.g., conflating force magnitude with force pairs, or misunderstanding the 'different objects' requirement) that leads to each incorrect choice.""}, {""criterion"": ""Decision Guide Actionability"", ""points"": 20, ""description"": ""The decision guide provides sophisticated, university-level instructional interventions for different response patterns, such as using physical demonstrations to address mass-dependent force misconceptions or revisiting system boundaries if students confuse Third Law pairs with First Law equilibrium.""}, {""criterion"": ""Design Rationale"", ""points"": 20, ""description"": ""The rationale thoroughly explains the cognitive demand of the question, justifies why the distractors effectively isolate specific conceptual gaps in Newtonian mechanics, and confirms the question's suitability as a rapid diagnostic tool before introducing free-body diagrams.""}]",undergraduate
retrieval-practice-generator__01,retrieval-practice-generator,Question Generation,Mathematics,Grade 5 (upper elementary),easy,A fifth-grade teacher recently finished a two-week unit on adding and subtracting fractions with unlike denominators. The class has a mix of students—some grasp the concept quickly while others still struggle with finding common denominators. The teacher wants to create a short retrieval activity to help students practice recalling the procedure from memory before moving on to multiplying fractions next week.,"I need 6 practice questions on adding and subtracting fractions with unlike denominators for my Grade 5 class. We covered this topic about a week ago. Some students still mix up when to find common denominators versus when they can add straight across. Please create the questions and include guidance on what correct answers should contain, common mistakes to watch for, and brief instructions for how I should run this activity in class.","A set of 6 retrieval practice questions on fraction operations with unlike denominators, each labeled with a retrieval type (free recall, cued recall, or recognition), accompanied by answer notes identifying key points and common errors, plus a brief implementation script for classroom use.","[{""criterion"": ""Question generation and type labeling"", ""points"": 20, ""description"": ""Output contains exactly 6 questions, and each question is explicitly labeled with a retrieval type (free recall, cued recall, or recognition).""}, {""criterion"": ""Retrieval type distribution appropriate for level and recency"", ""points"": 20, ""description"": ""The mix of retrieval types is weighted toward free recall and cued recall rather than recognition, appropriate for Grade 5 students who learned the material approximately one week ago.""}, {""criterion"": ""Questions require genuine reconstruction from memory"", ""points"": 20, ""description"": ""Each question requires students to reconstruct procedural or conceptual knowledge from memory rather than simply recognizing a correct answer from options or matching surface patterns. Questions cannot be answered from the question text alone without prior knowledge.""}, {""criterion"": ""Answer notes with key points and common errors"", ""points"": 20, ""description"": ""Answer notes are provided that identify the key points for correct answers and explicitly name common errors or misconceptions students are likely to make (e.g., adding numerators and denominators directly).""}, {""criterion"": ""Implementation guidance for classroom use"", ""points"": 20, ""description"": ""A brief implementation script or guidance is included that addresses how to run the activity, including whether notes should be allowed, approximate timing, and what to do after completion (e.g., discussion, identifying gaps).""}]",elementary
retrieval-practice-generator__02,retrieval-practice-generator,Question Generation,Biology,Grade 10 (high school sophomore),medium,"A high school biology teacher taught cellular respiration (glycolysis, Krebs cycle, electron transport chain, and ATP production) three weeks ago. The class is preparing for a unit test, and the teacher wants a retrieval practice session to strengthen long-term retention. The teacher has noticed two persistent misconceptions: (1) students confuse cellular respiration with breathing/pulmonary respiration, and (2) students believe ATP is only produced in the mitochondria and that glycolysis does not produce ATP. The teacher wants questions that specifically surface and address these misconceptions.","Create 8 retrieval practice questions on cellular respiration for my Grade 10 biology class. We covered this three weeks ago. I've noticed two big misconceptions: students think cellular respiration is the same as breathing, and they think ATP is only made in the mitochondria. I need questions that will help expose these misunderstandings. Include a recommendation for when to use these questions again for spacing, detailed answer notes highlighting the key points and errors, and a script for running the activity.","A set of 8 retrieval practice questions on cellular respiration with retrieval type labels, a spacing recommendation for re-use, answer notes that specifically address the two stated misconceptions, and an implementation script for classroom delivery.","[{""criterion"": ""Question generation and retrieval type labeling"", ""points"": 20, ""description"": ""Output contains exactly 8 questions, each explicitly labeled with a retrieval type (free recall, cued recall, or recognition), with the distribution weighted toward free and cued recall.""}, {""criterion"": ""Misconception targeting"", ""points"": 20, ""description"": ""At least 2 questions are specifically designed to surface the stated misconceptions: (1) confusion between cellular respiration and breathing, and (2) the belief that ATP is only produced in mitochondria. These questions require students to articulate distinctions or correct errors.""}, {""criterion"": ""Difficulty calibration for time since learning"", ""points"": 20, ""description"": ""Question difficulty and retrieval type distribution are calibrated appropriately for material learned 3 weeks ago, with increased emphasis on free recall questions that strengthen retrieval during the forgetting phase.""}, {""criterion"": ""Spacing recommendation included"", ""points"": 20, ""description"": ""A spacing recommendation is provided that specifies when to re-use these questions or a subset of them for optimal long-term retention, referencing appropriate intervals beyond the initial 3-week delay.""}, {""criterion"": ""Answer notes and implementation script quality"", ""points"": 20, ""description"": ""Answer notes identify key points and explicitly address the two target misconceptions as common errors. The implementation script includes guidance on timing, the low-stakes nature of the activity (no grading), whether notes are permitted, and post-activity discussion focus.""}]",high_school
retrieval-practice-generator__03,retrieval-practice-generator,Question Generation,Economics,A-Level / Grade 13 (pre-university),hard,"An A-Level Economics teacher taught monetary policy (interest rates, quantitative easing, money supply, and the transmission mechanism to inflation and output) five weeks ago to a mixed-ability class that includes several EAL (English as an Additional Language) students. The teacher has identified multiple misconceptions: students conflate monetary policy with fiscal policy, believe interest rate changes affect inflation immediately, and do not understand the transmission mechanism through which central bank actions reach the real economy. The class follows the A-Level Economics specification, which requires students to evaluate the effectiveness of monetary policy in different economic contexts. The teacher needs a comprehensive retrieval activity that challenges advanced students while remaining accessible to EAL learners.","I need 10 retrieval practice questions on monetary policy for my A-Level Economics class. We covered this five weeks ago. My class is mixed ability with some EAL students. The misconceptions I've identified are: confusing monetary and fiscal policy, thinking interest rate changes affect inflation immediately, and not understanding the transmission mechanism. The A-Level spec requires students to evaluate policy effectiveness. Please generate the questions with appropriate retrieval types, a spacing recommendation, detailed answer notes covering key points and errors for each question, and a full implementation script. The questions need to work for both my stronger students and those with language barriers.","A set of 10 retrieval practice questions on monetary policy with retrieval type labels, a spacing recommendation, comprehensive answer notes for each question addressing key points and the specified misconceptions, and a detailed implementation script that accounts for mixed ability and EAL learners.","[{""criterion"": ""Question generation and sophisticated retrieval type distribution"", ""points"": 20, ""description"": ""Output contains exactly 10 questions with explicit retrieval type labels. The distribution is sophisticated and appropriate for advanced pre-university students after a 5-week delay, with substantial emphasis on free recall questions that demand deep reconstruction of complex economic relationships.""}, {""criterion"": ""Comprehensive misconception targeting across all identified errors"", ""points"": 20, ""description"": ""Questions specifically target all three stated misconceptions: (1) confusion between monetary and fiscal policy, (2) misunderstanding of time lags in interest rate effects on inflation, and (3) lack of understanding of the transmission mechanism. Multiple questions address each misconception from different angles.""}, {""criterion"": ""Questions require genuine reconstruction of complex knowledge"", ""points"": 20, ""description"": ""Questions demand genuine reconstruction of economic reasoning, causal chains, and evaluative thinking rather than simple recall of definitions. Questions cannot be answered from the question text alone and require students to reconstruct relationships between concepts (e.g., explaining how a rate change propagates through the economy).""}, {""criterion"": ""Answer notes with detailed error analysis and evaluation criteria"", ""points"": 20, ""description"": ""Answer notes for each question identify key points for correct answers, explicitly address the target misconceptions as common errors, and for evaluative questions, indicate what constitutes strong versus weak economic reasoning. Notes are detailed enough to guide teacher feedback.""}, {""criterion"": ""Implementation script addressing mixed ability and EAL accessibility"", ""points"": 20, ""description"": ""The implementation script is detailed and addresses: timing for 10 questions, low-stakes framing, no-notes policy, post-activity discussion strategy, and specific accommodations or considerations for EAL students and mixed-ability learners (e.g., scaffolding, paired discussion, language support).""}]",undergraduate
socratic-questioning-sequence-generator__01,socratic-questioning-sequence-generator,Question Generation,Middle School Science,Middle School (Grade 7),easy,"Students are learning about ecology and invasive species. They currently hold a simplistic, moralistic view that invasive species are just 'bad' or 'evil' animals that humans should completely eradicate, lacking an understanding of ecological balance and human responsibility in introducing them.","I'm teaching 7th-grade science. My students currently believe that 'invasive species' are just 'bad' or 'evil' animals that humans should completely eradicate. I want to guide them to a deeper understanding of ecological balance, human responsibility, and the complexity of ecosystem management. Generate a sequence of discussion questions to develop this concept. Include the types of questions, anticipated student responses, follow-up branches for different answers, notes on how to facilitate the discussion (like managing wait time and dominant voices), and a section explaining how to ensure the questions remain genuinely open-ended rather than leading the students to a specific 'correct' answer.","A structured discussion guide containing an ordered sequence of inquiry questions progressing from concrete to abstract, labeled with question types. It must include 2-3 anticipated responses per question with contingent follow-ups, facilitation notes emphasizing wait time and non-evaluative responses, and an analysis of how to avoid leading the students.","[{""criterion"": ""Question Sequence & Typology"", ""points"": 20, ""description"": ""The output contains an ordered sequence of at least 4 questions that progress logically from concrete examples to abstract principles. Each question is explicitly labeled with a recognized inquiry type (e.g., clarification, probing assumptions, probing evidence, viewpoints, implications, or questions about the question).""}, {""criterion"": ""Anticipated Responses & Branching Follow-ups"", ""points"": 20, ""description"": ""For each question in the sequence, the output provides 2 to 3 distinct anticipated student responses. Each anticipated response is paired with a specific, contingent follow-up question that builds directly on the student's stated reasoning rather than redirecting them to a predetermined answer.""}, {""criterion"": ""Facilitation & Dialogue Management"", ""points"": 20, ""description"": ""The output includes a dedicated facilitation section that explicitly mandates wait time (e.g., 3-5 seconds of silence) after questions and responses. It also provides specific, non-evaluative strategies for handling wrong answers, managing dominant speakers, and encouraging quiet students.""}, {""criterion"": ""Socratic vs. Leading Analysis"", ""points"": 20, ""description"": ""The output includes a specific section analyzing the distinction between open-ended inquiry and leading questions. It identifies at least two specific points in the generated sequence where the questioning risks becoming 'leading' (funneling to a single answer) and provides concrete strategies for the teacher to maintain genuine exploration.""}, {""criterion"": ""Pedagogical Alignment & Concept Development"", ""points"": 20, ""description"": ""The sequence directly addresses the specific 'starting point' provided in the prompt (students viewing invasive species as simply 'evil'), successfully designing questions that challenge and complicate this initial assumption. The overall trajectory moves students toward a more nuanced understanding of ecological complexity without ever explicitly stating the 'correct' conclusion.""}]",middle_school
socratic-questioning-sequence-generator__02,socratic-questioning-sequence-generator,Question Generation,High School Literature and Ethics,High School (Grade 11),medium,"Students are discussing a fictional dystopian/utopian society that uses technology to erase painful memories to maintain social harmony. Students currently think this is a purely positive advancement because it eliminates suffering, failing to consider the role of negative emotions in personal growth, empathy, and societal progress.","I am teaching 11th-grade literature and ethics. We are discussing a fictional society that uses technology to erase painful memories to maintain social harmony. My students currently think this is a purely positive advancement because it eliminates suffering. I need a sequence of discussion questions to help them explore the value of negative emotions, the role of pain in personal growth, and the ethical implications of altering human experience. Please provide the question sequence with anticipated responses and contingent follow-ups, facilitation notes for managing the dialogue, and an analysis of how to keep the inquiry genuinely exploratory rather than funneling them toward a predetermined conclusion.","A comprehensive discussion guide that moves 11th graders from a utilitarian view of memory erasure to a nuanced understanding of the necessity of negative emotions. It must feature a branching question sequence with typology, detailed contingent follow-ups, robust facilitation notes on wait time and handling emotional responses, and a critical reflection on avoiding leading questions.","[{""criterion"": ""Question Sequence & Typology"", ""points"": 20, ""description"": ""The output contains an ordered sequence of at least 5 questions that progress logically from concrete examples to abstract principles. Each question is explicitly labeled with a recognized inquiry type (e.g., clarification, probing assumptions, probing evidence, viewpoints, implications, or questions about the question).""}, {""criterion"": ""Anticipated Responses & Branching Follow-ups"", ""points"": 20, ""description"": ""For each question in the sequence, the output provides 2 to 3 distinct anticipated student responses. Each anticipated response is paired with a specific, contingent follow-up question that builds directly on the student's stated reasoning rather than redirecting them to a predetermined answer.""}, {""criterion"": ""Facilitation & Dialogue Management"", ""points"": 20, ""description"": ""The output includes a dedicated facilitation section that explicitly mandates wait time (e.g., 3-5 seconds of silence) after questions and responses. It also provides specific, non-evaluative strategies for handling wrong answers, managing dominant speakers, and encouraging quiet students.""}, {""criterion"": ""Socratic vs. Leading Analysis"", ""points"": 20, ""description"": ""The output includes a specific section analyzing the distinction between open-ended inquiry and leading questions. It identifies at least two specific points in the generated sequence where the questioning risks becoming 'leading' (funneling to a single answer) and provides concrete strategies for the teacher to maintain genuine exploration.""}, {""criterion"": ""Pedagogical Alignment & Concept Development"", ""points"": 20, ""description"": ""The sequence directly addresses the specific 'starting point' provided in the prompt (students viewing memory erasure as purely positive), successfully designing questions that challenge and complicate this initial assumption. The overall trajectory moves students toward a more nuanced understanding of the ethical and psychological complexities of negative emotions without ever explicitly stating the 'correct' conclusion.""}]",high_school
socratic-questioning-sequence-generator__03,socratic-questioning-sequence-generator,Question Generation,University Philosophy of Technology,Undergraduate University (Year 2),hard,"Students are debating algorithmic bias in predictive policing. The class is highly polarized: some students firmly believe algorithms are perfectly objective and humans are the only source of bias, while others believe algorithms are inherently oppressive and cannot be fixed. The goal is to move them past this binary to understand how bias is technically encoded and the tension between statistical parity and individual fairness.","I'm facilitating a seminar for second-year undergraduate students in a philosophy of technology course. The topic is algorithmic bias in predictive policing. The class is highly polarized: some students firmly believe algorithms are perfectly objective and humans are the only source of bias, while others believe algorithms are inherently oppressive and cannot be fixed. I need a sequence of discussion questions to move them past this binary and help them understand how bias is technically encoded and the tension between statistical parity and individual fairness. Provide the ordered question sequence with anticipated responses and branching follow-ups, detailed facilitation notes for handling polarized viewpoints and silence, and a critical reflection on how to prevent the questioning from becoming leading or shutting down either side of the debate.","An advanced, highly structured seminar guide that navigates a polarized classroom through complex technical and philosophical concepts. It must include a sophisticated branching question sequence with typology, nuanced contingent follow-ups that address both extremes of the polarization, specialized facilitation notes for managing high-stakes debate and silence, and a deep analysis of avoiding leading questions in a highly charged environment.","[{""criterion"": ""Question Sequence & Typology"", ""points"": 20, ""description"": ""The output contains an ordered sequence of at least 6 questions that progress logically from concrete examples to abstract principles. Each question is explicitly labeled with a recognized inquiry type (e.g., clarification, probing assumptions, probing evidence, viewpoints, implications, or questions about the question).""}, {""criterion"": ""Anticipated Responses & Branching Follow-ups"", ""points"": 20, ""description"": ""For each question in the sequence, the output provides 2 to 3 distinct anticipated student responses that reflect the polarized viewpoints described in the prompt. Each anticipated response is paired with a specific, contingent follow-up question that builds directly on the student's stated reasoning rather than redirecting them to a predetermined answer.""}, {""criterion"": ""Facilitation & Dialogue Management"", ""points"": 20, ""description"": ""The output includes a dedicated facilitation section that explicitly mandates wait time (e.g., 3-5 seconds of silence) after questions and responses. It also provides specific, non-evaluative strategies for handling polarized or entrenched viewpoints, managing dominant speakers, and encouraging quiet students without shutting down the debate.""}, {""criterion"": ""Socratic vs. Leading Analysis"", ""points"": 20, ""description"": ""The output includes a specific section analyzing the distinction between open-ended inquiry and leading questions. It identifies at least two specific points in the generated sequence where the questioning risks becoming 'leading' (funneling to a single answer or validating one side of the polarization) and provides concrete strategies for the teacher to maintain genuine exploration.""}, {""criterion"": ""Pedagogical Alignment & Concept Development"", ""points"": 20, ""description"": ""The sequence directly addresses the specific 'starting point' provided in the prompt (the polarized binary of 'AI is perfectly objective' vs 'AI is inherently oppressive'), successfully designing questions that challenge and complicate both initial assumptions. The overall trajectory moves students toward a nuanced understanding of technical encoding and statistical fairness without ever explicitly stating the 'correct' conclusion.""}]",graduate
differentiation-adapter__01,differentiation-adapter,Personalized Content Creation,Mathematics,Elementary (4th Grade),easy,"A 4th-grade math class is working on multi-step word problems. The teacher has a student with ADHD who struggles with sustained focus, gets overwhelmed by dense text, and loses track of steps in multi-part questions.","I have a 4th-grade math class. The original task is: 'Read the following word problem and show your working: Sarah goes to the bakery. She buys 3 loaves of bread for $2 each, 2 cakes for $5 each, and 4 muffins for $1.50 each. She pays with a $50 bill. How much change does she get?' The learning objective is: 'Solve multi-step addition and subtraction word problems.' I have a student with ADHD who struggles with sustained focus on extended text, gets overwhelmed by dense paragraphs, and loses track of steps in multi-part questions. Please adapt this task for this student. Provide the adapted task, explain what changed and what stayed the same, verify the objective is maintained, and give implementation notes for the classroom.","An adapted math task that breaks the dense paragraph into bullet points or numbered steps, bolding key numbers. A section explaining what changed (formatting, chunking) and what stayed the same (the math, the objective). An objective check confirming the multi-step calculation requirement is intact. Implementation notes on how to provide this discreetly.","[{""criterion"": ""Adapted Task Presentation"", ""points"": 20, ""description"": ""The adapted task effectively breaks the dense paragraph into smaller, manageable chunks, bullet points, or numbered steps, and highlights key numbers to reduce visual clutter and cognitive load for a student with ADHD.""}, {""criterion"": ""Maintenance of Cognitive Demand"", ""points"": 20, ""description"": ""The mathematical problem, numbers, and required multi-step calculations remain identical; the adaptation changes the route (formatting) without reducing the destination (mathematical thinking).""}, {""criterion"": ""Explicit Change/Maintenance Analysis"", ""points"": 20, ""description"": ""Clearly articulates what was modified (text presentation, chunking) and what was deliberately kept the same (the mathematical operations and learning objective).""}, {""criterion"": ""Objective Verification"", ""points"": 20, ""description"": ""Provides a clear, explicit verification statement confirming that the student still must perform the exact same multi-step addition and subtraction reasoning.""}, {""criterion"": ""Practical Implementation Notes"", ""points"": 20, ""description"": ""Offers practical, non-stigmatizing advice for the teacher on how to introduce the chunked task or use tools like highlighters and checklists without singling the student out in the classroom.""}]",elementary
differentiation-adapter__02,differentiation-adapter,Personalized Content Creation,Science,Middle School (8th Grade),medium,An 8th-grade science class is studying plant biology. The teacher has an EAL (English as an Additional Language) student at an intermediate level who understands the scientific concepts well but struggles with academic vocabulary and constructing complex English sentences.,"I teach 8th-grade science. The original task is: 'Write a three-paragraph explanation of photosynthesis. Your explanation must use scientific terminology (e.g., chlorophyll, stomata, glucose) and include a fully labeled diagram showing the inputs and outputs of the process.' The learning objective is: 'Explain the process of photosynthesis and identify its inputs and outputs.' I have a student who is EAL (English as an Additional Language) at an intermediate level. They understand the scientific concepts well but struggle with academic vocabulary and constructing complex English sentences. Adapt this task for this student. Include the adapted task, what changed and stayed the same, an objective check, and implementation notes.","An adapted science task providing language scaffolds like a word bank, sentence frames, or a glossary, while retaining the requirement for a labeled diagram and scientific explanation. A section detailing the language supports added and the scientific rigor maintained. An objective check confirming the explanation of photosynthesis is still required. Implementation notes on assessing content versus language proficiency.","[{""criterion"": ""Appropriate Language Scaffolding"", ""points"": 20, ""description"": ""The adapted task provides targeted language supports (e.g., word bank, sentence frames, glossary, or alternative expression modes) that address the EAL student's vocabulary and sentence construction barriers.""}, {""criterion"": ""Maintenance of Scientific Rigor"", ""points"": 20, ""description"": ""The core scientific concepts, the requirement to explain photosynthesis, and the labeled diagram are fully maintained; the adaptation does not reduce the cognitive demand of the science content.""}, {""criterion"": ""Explicit Change/Maintenance Analysis"", ""points"": 20, ""description"": ""Explicitly details the language scaffolds added (changed) and the scientific rigor, diagram requirement, and learning objective maintained (stayed the same).""}, {""criterion"": ""Objective Verification"", ""points"": 20, ""description"": ""Verifies that the student is still required to explain the process of photosynthesis and identify inputs and outputs, ensuring the scientific objective is unchanged.""}, {""criterion"": ""Practical Implementation Notes"", ""points"": 20, ""description"": ""Offers practical classroom strategies, such as how to introduce the scaffolds to the whole class or how to assess scientific understanding separately from English language proficiency.""}]",middle_school
differentiation-adapter__03,differentiation-adapter,Personalized Content Creation,History,High School (11th Grade),hard,"An 11th-grade History class is studying the French Revolution. The teacher has a gifted student who finishes standard tasks very quickly, finds the standard essay format repetitive, and needs deeper intellectual challenge rather than just more of the same work.","I teach 11th-grade History. The original task is: 'Read Source A (a speech by Robespierre) and Source B (a letter from a Parisian baker). Write a five-paragraph essay evaluating the reliability and utility of each source in explaining the causes of the French Revolution.' The learning objective is: 'Evaluate the reliability and utility of primary sources regarding the causes of the French Revolution.' I have a gifted student who finishes standard tasks very quickly, finds the standard essay format repetitive, and needs deeper intellectual challenge rather than just more work. Adapt this task for this student. Provide the adapted task, what changed and stayed the same, an objective check, and implementation notes.","An adapted history task that increases depth and complexity, such as adding a third conflicting source, requiring synthesis of historiography, or evaluating the sources through a specific theoretical lens, without just assigning more pages. A section explaining the increased cognitive demand and maintained core objective. An objective check confirming source evaluation is still the focus. Implementation notes on managing the extension.","[{""criterion"": ""Increased Depth and Complexity"", ""points"": 20, ""description"": ""The adapted task increases intellectual challenge through depth and complexity (e.g., adding a conflicting source, requiring historiographical synthesis, or applying a specific analytical lens) rather than simply assigning more writing volume.""}, {""criterion"": ""Maintenance of Core Objective"", ""points"": 20, ""description"": ""The fundamental learning objective of evaluating the reliability and utility of primary sources regarding the French Revolution remains the exact same destination.""}, {""criterion"": ""Explicit Change/Maintenance Analysis"", ""points"": 20, ""description"": ""Clearly explains that the cognitive demand and analytical complexity increased (changed) while the core skill of source evaluation and historical context remained the focus (stayed the same).""}, {""criterion"": ""Objective Verification"", ""points"": 20, ""description"": ""Confirms that the student is still evaluating reliability and utility, but at a deeper, more abstract level of analysis, explicitly linking the adaptation back to the original objective.""}, {""criterion"": ""Practical Implementation Notes"", ""points"": 20, ""description"": ""Provides advice on managing the extension task, ensuring the student is appropriately challenged, and how to integrate this work without alienating them from the rest of the class or creating a separate track.""}]",high_school
motivation-diagnostic-task-redesign__01,motivation-diagnostic-task-redesign,Personalized Content Creation,Mathematics,Grade 7 (Middle School),easy,"A mathematics teacher has assigned a routine practice worksheet on adding and subtracting fractions with unlike denominators. The worksheet contains 30 problems of increasing difficulty. Students work silently at their desks for 25 minutes. The teacher has noticed that students rush through the problems, make careless errors on the later questions, and when the teacher reviews answers the next day, many students cannot explain their work or remember how to solve similar problems. The teacher wants to understand why students are disengaged and how to redesign the task.","I'm a Grade 7 math teacher. My current task is: Students complete a 30-problem worksheet on adding and subtracting fractions with unlike denominators, working silently at their desks for 25 minutes. The learning objective is for students to accurately add and subtract fractions with unlike denominators. I've noticed students rush through, make careless errors, and can't explain their work the next day. Please diagnose what's going wrong motivationally and redesign this task to improve engagement without reducing the mathematical rigor.","A diagnosis grounded in the observed student behavior and task design; a redesigned task that preserves the learning objective and rigor while improving meaningful choice, perceived capability, relevance, and engagement; clear rationale for each modification; and practical implementation guidance.","[{""criterion"": ""Motivational Diagnosis"", ""points"": 25, ""description"": ""Identifies multiple plausible motivational problems using concrete evidence from the task and observed student behavior.""}, {""criterion"": ""Motivation Pattern Analysis"", ""points"": 15, ""description"": ""Explains whether students show disengagement, superficial compliance, or meaningful engagement, with evidence rather than requiring theoretical labels.""}, {""criterion"": ""Redesigned Task Completeness and Rigor"", ""points"": 25, ""description"": ""Provides a complete, detailed redesigned task that maintains or increases mathematical rigor (students must still demonstrate accurate fraction operations) while addressing the diagnosed motivation gaps.""}, {""criterion"": ""Motivational Alignment and Balance"", ""points"": 20, ""description"": ""Links redesign choices to diagnosed motivational problems, balances student choice with sufficient structure, and avoids relying on extrinsic rewards.""}, {""criterion"": ""Implementation Guidance"", ""points"": 15, ""description"": ""Provides practical notes on how to introduce the redesigned task, what student responses to anticipate, and how to adjust if the redesign does not work as intended.""}]",middle_school
motivation-diagnostic-task-redesign__02,motivation-diagnostic-task-redesign,Personalized Content Creation,History,Grade 10 (High School),medium,"A high school history teacher assigns a traditional research essay on the causes of the French Revolution. Students choose from a teacher-provided list of five topics (economic crisis, Enlightenment ideas, social inequality, weak leadership, or influence of the American Revolution). The essay must be 5 paragraphs, use at least 3 primary sources from a provided packet, and follow a strict five-paragraph structure. The teacher has observed that students produce formulaic essays that sound similar to each other, few students engage deeply with the primary sources, and many students express that they 'don't see the point' of the assignment. Some students complete the essay but seem to go through the motions without genuine intellectual engagement.","I teach Grade 10 History. My current task is: Students write a 5-paragraph essay on one of five teacher-selected topics about causes of the French Revolution, using at least 3 primary sources from a provided packet, following a strict five-paragraph structure. The learning objective is for students to analyze multiple causes of the French Revolution and support their analysis with historical evidence. Students produce formulaic essays, don't engage deeply with sources, and say they 'don't see the point.' Please diagnose the motivation problems and redesign this task to foster genuine engagement while maintaining or increasing the historical thinking rigor.","A diagnosis grounded in the observed student behavior and task design; a redesigned task that preserves the learning objective and rigor while improving meaningful choice, perceived capability, relevance, and engagement; clear rationale for each modification; and practical implementation guidance.","[{""criterion"": ""Motivational Diagnosis"", ""points"": 20, ""description"": ""Identifies multiple plausible motivational problems using concrete evidence from the task and observed student behavior.""}, {""criterion"": ""Motivation Pattern Analysis"", ""points"": 15, ""description"": ""Explains whether students show disengagement, superficial compliance, or meaningful engagement, with evidence rather than requiring theoretical labels.""}, {""criterion"": ""Redesigned Task Completeness and Rigor"", ""points"": 25, ""description"": ""Provides a complete redesigned task that maintains or increases historical thinking rigor (analysis, evidence use, argumentation) while addressing motivation gaps through structured choice, meaningful rationale, and authentic audience or purpose.""}, {""criterion"": ""Motivational Alignment and Balance"", ""points"": 25, ""description"": ""Links redesign choices to diagnosed motivational problems, balances student choice with sufficient structure, and avoids relying on extrinsic rewards.""}, {""criterion"": ""Implementation Guidance"", ""points"": 15, ""description"": ""Provides practical guidance on transitioning from traditional essay format, anticipating student resistance or confusion, scaffolding the new task structure, and adjusting based on student response.""}]",high_school
motivation-diagnostic-task-redesign__03,motivation-diagnostic-task-redesign,Personalized Content Creation,Chemistry,Advanced Placement / College Preparatory,hard,"An AP Chemistry teacher has designed a lab investigation where students follow detailed step-by-step instructions to determine the molar mass of an unknown gas using the ideal gas law. The lab manual provides exact measurements, procedures, data tables, and calculation steps. Students work in pairs and have 90 minutes to complete the lab and write a brief conclusion. The teacher has observed that students follow instructions mechanically without understanding why they are performing each step, cannot explain their results or connect them to gas law concepts, and treat the lab as a recipe to complete rather than an investigation. When asked to predict what would happen if they changed a variable, students are unable to reason about the system. The teacher wants to redesign the lab to promote deeper conceptual understanding and genuine scientific engagement while still meeting AP curriculum requirements for gas law applications.","I teach AP Chemistry. My current task is: Students follow a detailed step-by-step lab manual to determine the molar mass of an unknown gas using the ideal gas law, working in pairs for 90 minutes with exact measurements and procedures provided. The learning objective is for students to apply the ideal gas law to determine molar mass and understand gas behavior. Students follow instructions mechanically, can't explain their results or connect them to concepts, and can't reason about what would happen if variables changed. Please diagnose the motivation problems and redesign this lab to promote deeper scientific thinking and engagement while meeting AP requirements for gas law applications.","A diagnosis grounded in the observed student behavior and task design; a redesigned task that preserves the learning objective and rigor while improving meaningful choice, perceived capability, relevance, and engagement; clear rationale for each modification; and practical implementation guidance.","[{""criterion"": ""Motivational Diagnosis"", ""points"": 20, ""description"": ""Identifies multiple plausible motivational problems using concrete evidence from the task and observed student behavior.""}, {""criterion"": ""Motivation Pattern Analysis"", ""points"": 15, ""description"": ""Explains whether students show disengagement, superficial compliance, or meaningful engagement, with evidence rather than requiring theoretical labels.""}, {""criterion"": ""Redesigned Task Completeness and Rigor"", ""points"": 25, ""description"": ""Provides a complete redesigned inquiry-based lab that maintains AP-level rigor (students must still apply ideal gas law, analyze data, and draw conclusions) while promoting genuine scientific thinking, prediction, and reasoning about variables.""}, {""criterion"": ""Motivational Alignment and Balance"", ""points"": 25, ""description"": ""Links redesign choices to diagnosed motivational problems, balances student choice with sufficient structure, and avoids relying on extrinsic rewards.""}, {""criterion"": ""Implementation Guidance"", ""points"": 15, ""description"": ""Provides detailed guidance on transitioning AP students from procedural compliance to inquiry, scaffolding the shift appropriately, managing time constraints, addressing student anxiety about open-ended investigation, and adjusting based on student readiness levels.""}]",high_school
self-efficacy-builder-sequence__01,self-efficacy-builder-sequence,Personalized Content Creation,Mathematics,"Elementary (Year 4, ages 8-9)",easy,"A Year 4 student has strong number sense and can solve addition and subtraction problems confidently. However, when the class begins working on fractions (identifying halves, thirds, and quarters using visual models), the student immediately puts their head on the desk, refuses to pick up a pencil, and says 'I'm stupid at this' when prompted. The student has not attempted any fraction work in three weeks. The teacher has tried saying 'You can do it, just try!' and pairing the student with a high-achieving peer, but neither approach has worked.","I have a Year 4 student who completely shuts down when we start fraction work. They're great at addition and subtraction — quick mental maths, no problem. But the moment I bring out fraction bars or shaded diagrams, they put their head down and won't even try. They've said 'I'm stupid at this.' I've told them to just try harder and sat them next to our top maths student, but nothing's changed. It's been three weeks of zero fraction attempts. Can you help me design a step-by-step plan to get this student engaged and succeeding with fractions? I need specific things to say and do at each stage.","A structured sequence of 4-6 tasks starting from the student's existing strength with whole numbers, progressively building toward fraction identification. The sequence should include an efficacy diagnostic identifying the primary barrier, specific task descriptions with success criteria, teacher scripts for after success and when struggling, attribution coaching phrases to use and avoid, and a long-term maintenance plan. Tasks should increment by small steps, prioritize genuine mastery experiences, and avoid generic praise or peer comparison.","[{""criterion"": ""Identifies student's existing strength as starting point"", ""points"": 15, ""description"": ""The response explicitly identifies what the student CAN already do (strong number sense, addition/subtraction) and uses this as the foundation for the first task, rather than starting from zero.""}, {""criterion"": ""Task sequence has 4-6 progressive steps with small increments"", ""points"": 20, ""description"": ""The response provides 4-6 distinct tasks where each step increases difficulty by one small, achievable increment. The first task should be virtually guaranteed to succeed, and the final task should approach the target skill (identifying fractions using visual models).""}, {""criterion"": ""Mastery experiences are the primary intervention"", ""points"": 20, ""description"": ""The sequence prioritizes genuine success experiences (actually completing tasks successfully) as the main mechanism for building confidence, rather than relying primarily on encouragement, rewards, or watching others.""}, {""criterion"": ""Provides specific, credible attribution coaching"", ""points"": 15, ""description"": ""The response includes specific teacher language that attributes success to effort and strategy (e.g., 'You figured out the pattern because you counted the parts carefully') rather than ability ('You're so smart') or empty encouragement ('Good job!').""}, {""criterion"": ""Avoids generic praise, extrinsic rewards, and unhelpful comparisons"", ""points"": 15, ""description"": ""The response explicitly avoids or warns against generic praise ('You're clever!'), extrinsic reward systems (stickers, prizes), and comparing the student to higher-achieving peers. If mentioned, these are identified as counterproductive.""}, {""criterion"": ""Includes teacher scripts for success and struggle"", ""points"": 15, ""description"": ""Each task includes exact phrases the teacher can use after the student succeeds, plus specific guidance on what to do if the student struggles at that step (adjust the task, not abandon it).""}]",elementary
self-efficacy-builder-sequence__02,self-efficacy-builder-sequence,Personalized Content Creation,Science,"Middle School (Year 9, ages 13-14)",medium,"A Year 9 student is highly engaged during practical science experiments — they ask insightful questions, handle equipment confidently, and can explain their observations verbally with precision. However, when asked to write a lab report, the student produces only a title and one incomplete sentence, then stares at the page. When the teacher approaches, the student says 'I don't know how to write it properly' and 'Everyone else's is better anyway.' The student has excellent reading comprehension and can identify key information in textbooks. Previous interventions include giving the student a writing template and allowing extra time, but the student still produces minimal written output. The student has not completed a single full lab report this term.","One of my Year 9 students is a puzzle. During experiments, they're fantastic — hands-on, curious, can explain what's happening really well. But when it comes to writing the lab report, they completely freeze. They'll write a title and maybe half a sentence, then just stop. They say things like 'I don't know how to write it properly' and 'Everyone else's is better.' I've tried giving them a template and extra time, but they still barely write anything. They're a strong reader and can pull information from textbooks fine. It's just the writing of the report that stops them. I need a plan to help them bridge from their practical understanding to written scientific communication. What specific steps should I take, and what should I say to them?","A structured sequence of 4-6 tasks that bridges the student's strong practical/verbal skills to written lab reports. The sequence should diagnose the specific barrier (transfer from oral to written, perfectionism, comparison anxiety), start from the student's verbal/practical strength, include vicarious experience with a similar peer (not a top achiever), provide calibrated verbal persuasion tied to evidence, manage physiological anxiety around writing, and include detailed attribution coaching. Tasks should progress from oral/dictated content to structured writing to independent report writing.","[{""criterion"": ""Diagnostic identifies the specific nature of the barrier"", ""points"": 15, ""description"": ""The response analyzes which source of self-efficacy is most damaged and identifies the specific gap (e.g., transfer from verbal to written, perfectionism, social comparison) rather than treating it as generic 'can't write.'""}, {""criterion"": ""Sequence leverages student's existing strengths strategically"", ""points"": 20, ""description"": ""The first tasks build directly on the student's demonstrated strengths (verbal explanation, practical understanding, reading comprehension) to create early success, rather than starting with the hardest part (independent writing).""}, {""criterion"": ""Uses vicarious experience with a similar peer, not a top achiever"", ""points"": 15, ""description"": ""If peer modeling is included, it features someone similar to the student (same starting point, same struggles) rather than the highest-achieving student. The modeling shows the process of struggle-to-success, not just the final product.""}, {""criterion"": ""Tasks progress through 4-6 small increments to target skill"", ""points"": 20, ""description"": ""The sequence contains 4-6 distinct tasks with clear progression. Each step is achievable based on the previous success. The final task should be close to independent lab report writing at Year 9 level.""}, {""criterion"": ""Addresses physiological/anxiety component"", ""points"": 15, ""description"": ""The response includes strategies to reduce performance pressure (e.g., private work, drafts not finals, time limits, normalizing difficulty) and recognizes that anxiety itself undermines self-efficacy.""}, {""criterion"": ""Attribution coaching is specific and strategy-focused"", ""points"": 15, ""description"": ""Teacher scripts attribute success to specific strategies the student used (e.g., 'You organized your thoughts by talking first, then writing — that structure made it clearer') rather than generic praise or ability labels.""}]",middle_school
self-efficacy-builder-sequence__03,self-efficacy-builder-sequence,Personalized Content Creation,Modern Foreign Language,"High School (Year 11, ages 15-16)",hard,"A Year 11 student preparing for GCSE French has excellent written work — their essays are well-structured, grammar is accurate, and vocabulary is sophisticated. They score in the top quartile on reading and writing exams. However, they completely refuse to speak French in class. When called on to speak, they go silent, turn red, and eventually whisper 'I can't' in English. They avoid pair work by claiming they 'don't have a partner.' In the oral mock exam, they scored 12% despite knowing the content. The student has said privately: 'My accent is terrible and everyone laughs' and 'I freeze and forget everything I know.' The teacher has tried reassuring them ('Your French is fine!'), forcing them to speak ('You have to try'), and allowing them to read responses instead of speaking from memory. None of these have worked. The student's written French suggests they have strong knowledge of the language, but the speaking component threatens their overall grade.","I have a Year 11 student preparing for GCSE French who's in a difficult situation. Their written French is excellent — top marks, great grammar, sophisticated vocabulary. But they absolutely will not speak in class. If I call on them, they go completely silent, turn bright red, and eventually whisper in English 'I can't.' They've told me privately that their accent is terrible and everyone laughs, and that they freeze and forget everything. In the oral mock, they scored 12% even though they clearly know the material. I've tried telling them their French is fine, making them speak anyway, and letting them read instead of speaking from memory. Nothing works. Their speaking grade is going to tank their overall GCSE. I need a detailed plan to help them overcome this speaking block. What's the step-by-step approach, and exactly what should I say at each stage?","A sophisticated sequence addressing the complex interplay of physiological anxiety (blushing, freezing), social comparison (perception that others laugh), and domain-specific self-efficacy collapse (can write but not speak). The sequence must start from the student's strong written knowledge, address the physiological stress response directly, use carefully selected vicarious experiences, provide highly calibrated verbal persuasion tied to verifiable evidence, and progress through 4-6 tasks from private/non-threatening speaking to spontaneous classroom interaction. Attribution coaching must address the student's specific beliefs about accent and forgetting. The response should recognize this is a harder case because the student has evidence of competence in one modality but complete avoidance in another.","[{""criterion"": ""Diagnostic addresses the modality-specific nature of the barrier"", ""points"": 15, ""description"": ""The response recognizes that the student has high self-efficacy for written French but collapsed self-efficacy for spoken French, and analyzes why (physiological anxiety, social evaluation fear, perfectionism about accent) rather than treating it as general language inability.""}, {""criterion"": ""Sequence directly manages physiological anxiety state"", ""points"": 20, ""description"": ""The response includes specific strategies to reduce the physiological stress response (blushing, freezing, racing heart) such as private practice, gradual exposure, breathing techniques, or reframing physical sensations. It recognizes that anxiety itself is interpreted as evidence of inability.""}, {""criterion"": ""Tasks progress from private/low-stakes to public speaking"", ""points"": 20, ""description"": ""The 4-6 task sequence begins with completely private or non-evaluative speaking (e.g., recording alone, speaking to teacher only) and gradually increases social exposure. Each step is achievable and builds on the previous success. The final task approaches spontaneous classroom interaction.""}, {""criterion"": ""Addresses student's specific beliefs about accent and forgetting"", ""points"": 15, ""description"": ""The response directly tackles the student's stated concerns ('my accent is terrible,' 'I forget everything') with specific reframing or evidence-based counterarguments, rather than dismissing these concerns with generic reassurance.""}, {""criterion"": ""Verbal persuasion is tied to verifiable evidence from written work"", ""points"": 15, ""description"": ""Teacher scripts use the student's excellent written French as credible evidence ('You used the subjunctive correctly in your essay last week — that grammar is in your head already, we just need to get it out of your mouth') rather than empty reassurance ('Your French is fine!').""}, {""criterion"": ""Long-term plan addresses maintenance and regression prevention"", ""points"": 15, ""description"": ""The response includes guidance on maintaining gains beyond the initial sequence, recognizing that a single embarrassing moment could trigger regression. It provides specific strategies for responding to future difficulties without undermining the built self-efficacy.""}]",high_school
backwards-design-unit-planner__01,backwards-design-unit-planner,Teaching Material Generation,Mathematics,Middle School (6th Grade),easy,"A teacher needs to plan a short, foundational unit on applying fractions and decimals to real-world financial literacy and measurement contexts. The class is generally on-grade level but needs concrete, relatable examples to grasp abstract numerical concepts.","I am teaching 6th-grade math. I need a unit plan for a 2-week unit (10 lessons) on 'Using Fractions and Decimals in Everyday Life'. The desired outcomes are: Students will understand how fractions and decimals represent parts of a whole in real-world contexts (like money, cooking, and measuring), know how to convert between them and perform basic operations, and be able to create a balanced weekly budget using a given income. Please provide a comprehensive unit plan that includes: 1) The core transferable understandings and open guiding questions, 2) The specific knowledge and skills, 3) A culminating performance task and other assessments, 4) A lesson-by-lesson sequence, and 5) An alignment check showing how the lessons and assessments match the goals.","A structured unit plan containing Stage 1 (transferable enduring understandings, open essential questions, specific knowledge, and skills), Stage 2 (an authentic performance task like creating a budget with a scenario, product description, and success criteria, plus other mapped evidence), Stage 3 (a 10-lesson sequence building toward the performance task), and an Alignment Check verifying all outcomes are taught and assessed.","[{""criterion"": ""Stage 1: Enduring Understandings and Essential Questions"", ""points"": 20, ""description"": ""Enduring understandings are phrased as transferable principles ('Students will understand that...') rather than simple factual statements. Essential questions are open-ended, lack a single correct answer, and are designed to provoke inquiry and recur throughout the unit.""}, {""criterion"": ""Stage 1: Knowledge and Skills"", ""points"": 20, ""description"": ""Output clearly separates 'Knowledge' (facts, concepts, vocabulary) from 'Skills' (demonstrable abilities). Both are specific, measurable, and directly derived from the provided desired outcomes regarding fractions, decimals, and budgeting.""}, {""criterion"": ""Stage 2: Assessment Evidence"", ""points"": 20, ""description"": ""The culminating performance task requires authentic application or transfer of learning (e.g., creating a budget for a specific scenario), not mere recall. It includes a clear scenario, the expected student product, what it assesses, and brief success criteria. Other formative evidence is also provided and mapped to Stage 1.""}, {""criterion"": ""Stage 3: Learning Plan"", ""points"": 20, ""description"": ""The learning plan provides a logical, 10-lesson sequence. Activities explicitly build toward the Stage 2 assessments, scaffolding foundational knowledge and skills before requiring independent application in the final task.""}, {""criterion"": ""Alignment Check"", ""points"": 20, ""description"": ""Includes a distinct alignment verification section that explicitly maps every Stage 1 outcome to its corresponding Stage 2 assessment and Stage 3 instructional activities. Confirms tight alignment or explicitly flags and addresses any gaps.""}]",middle_school
backwards-design-unit-planner__02,backwards-design-unit-planner,Teaching Material Generation,History / Social Studies,High School (10th Grade),medium,A teacher is planning a unit on the Industrial Revolution. The class has a diverse mix of advanced readers and several English Language Learners (ELL). The teacher has access to a digital archive of primary sources and needs the unit to challenge advanced students while providing necessary scaffolds for ELL students.,"Design a 3-week unit plan for 10th-grade World History on 'The Human Cost of the Industrial Revolution'. Desired outcomes: Students will understand that rapid technological and economic shifts fundamentally alter human social structures, labor dynamics, and living conditions, often creating both unprecedented wealth and severe inequality. They will know key events, inventions, and reform movements (e.g., child labor laws, urbanization). They will be able to analyze primary sources from the era and draw parallels to modern technological disruptions. Context: The class has a mix of advanced readers and several English Language Learners. Available resources include a set of primary source documents from the 1800s and access to a digital archive. Include: 1) Enduring understandings and essential questions, 2) Knowledge and skills, 3) A performance task requiring historical transfer and other evidence, 4) A sequenced learning plan that addresses the diverse student profiles, 5) An alignment check.","A detailed unit plan with Stage 1 (transferable understandings about technological/social shifts, open questions about progress and inequality, specific historical knowledge, and analytical skills), Stage 2 (a performance task requiring historical transfer, such as comparing 19th-century primary sources to a modern tech disruption, with scaffolds for ELL and extensions for advanced readers), Stage 3 (a sequenced plan integrating the primary sources and differentiating for the mixed-ability profiles), and an Alignment Check.","[{""criterion"": ""Stage 1: Enduring Understandings and Essential Questions"", ""points"": 20, ""description"": ""Enduring understandings capture the complex, transferable relationship between technological change and social structures. Essential questions are genuinely open, debatable, and frame the inquiry into historical and modern parallels.""}, {""criterion"": ""Stage 1: Knowledge and Skills"", ""points"": 20, ""description"": ""Clearly delineates historical knowledge (events, inventions, reform movements) from analytical skills (primary source analysis, drawing historical parallels). Both are appropriately rigorous for 10th grade.""}, {""criterion"": ""Stage 2: Assessment Evidence"", ""points"": 20, ""description"": ""The performance task requires genuine historical transfer (applying historical analysis to a new or modern context). It includes specific success criteria and explicitly details how it is differentiated or scaffolded for the mixed-ability and ELL student profiles.""}, {""criterion"": ""Stage 3: Learning Plan"", ""points"": 20, ""description"": ""The sequence logically builds toward the performance task. It explicitly incorporates the provided resources (primary sources, digital archive) and includes specific instructional strategies or scaffolds tailored to the advanced readers and ELL students mentioned in the context.""}, {""criterion"": ""Alignment Check"", ""points"": 20, ""description"": ""Provides a clear verification mapping all Stage 1 outcomes to Stage 2 assessments and Stage 3 lessons. Ensures that the specific skills (like primary source analysis) and knowledge are both taught and assessed, flagging any misalignments.""}]",high_school
backwards-design-unit-planner__03,backwards-design-unit-planner,Teaching Material Generation,Environmental Science / Public Policy,University (Undergraduate Year 1),hard,"A university professor is designing a module for first-year students. The module must strictly align with specific international frameworks and utilize a specific set of academic and technical resources. The performance task must be a high-level, authentic policy document.","Create a 5-week university-level module plan for a first-year Environmental Policy course on 'Sustainable Urban Infrastructure'. Desired outcomes: Students will understand that urban sustainability requires balancing ecological limits, economic viability, and social equity (the triple bottom line), and that policy interventions often have unintended systemic consequences. They will know the principles of green infrastructure, zoning laws, and transit-oriented development. They will be able to evaluate existing city policies and propose evidence-based modifications. Curriculum framework: Must explicitly address UN Sustainable Development Goals 11 (Sustainable Cities) and 13 (Climate Action). Available resources: Excerpts from 'The Death and Life of Great American Cities', local municipal zoning codes, and GIS mapping software. Include: 1) Transferable understandings and open inquiry questions, 2) Knowledge and skills, 3) A complex, authentic performance task and formative evidence, 4) A weekly learning sequence integrating the specific resources and framework, 5) A rigorous alignment check verifying all outcomes are taught and assessed.","A sophisticated university-level module plan. Stage 1 includes deep, transferable understandings of the triple bottom line and systemic consequences, with complex essential questions. Stage 2 features a high-stakes, authentic performance task (e.g., a policy brief or zoning modification proposal) utilizing the GIS and zoning codes, with clear success criteria. Stage 3 is a 5-week sequence integrating the specific book excerpts, zoning codes, and GIS software, while explicitly addressing the UN SDGs. The Alignment Check rigorously maps all outcomes to the UN SDGs, assessments, and weekly activities.","[{""criterion"": ""Stage 1: Enduring Understandings and Essential Questions"", ""points"": 20, ""description"": ""Enduring understandings reflect university-level complexity, focusing on the triple bottom line and unintended systemic consequences of policy. Essential questions are highly open, provocative, and suitable for advanced academic inquiry.""}, {""criterion"": ""Stage 1: Knowledge and Skills"", ""points"": 20, ""description"": ""Knowledge includes specific policy principles (green infrastructure, zoning, transit-oriented development). Skills involve high-level evaluation and evidence-based proposal generation, appropriate for first-year university students.""}, {""criterion"": ""Stage 2: Assessment Evidence"", ""points"": 20, ""description"": ""The performance task is a complex, authentic policy document or proposal requiring the application of the triple bottom line and specific tools (like GIS or zoning codes). It includes a detailed scenario, product description, and rigorous success criteria. Formative evidence is also mapped to outcomes.""}, {""criterion"": ""Stage 3: Learning Plan"", ""points"": 20, ""description"": ""The 5-week sequence logically builds to the final policy task. It explicitly integrates the mandated resources (book excerpts, zoning codes, GIS software) and ensures the UN SDG framework is woven throughout the weekly activities, not just tacked on.""}, {""criterion"": ""Alignment Check"", ""points"": 20, ""description"": ""Provides a rigorous verification mapping all Stage 1 outcomes to Stage 2 assessments and Stage 3 lessons. Explicitly verifies alignment with the UN SDG framework and confirms that all complex skills and knowledge are both taught and assessed.""}]",graduate
lesson-builder__01,lesson-builder,Teaching Material Generation,Biology,Undergraduate,easy,"An introductory biology professor needs a specific active-learning component for a large, tiered lecture hall to help students visualize and sequence the phases of mitosis.","I need an in-class activity for my intro bio class (150 students, fixed tiered lecture hall) to help them understand the phases of mitosis. The learning outcome is: 'Students will be able to sequence and identify the key events of mitosis.' Please design the activity and provide the instructor logistics.","A detailed activity sheet that includes the timing, group size, required materials, a verbatim launch script for the instructor, potential failure modes with corresponding fixes, and accessibility/UDL considerations for the physical space.","[{""criterion"": ""Outcome Alignment"", ""points"": 20, ""description"": ""The activity directly targets the stated learning outcome of sequencing and identifying the key events of mitosis.""}, {""criterion"": ""Activity Logistics"", ""points"": 20, ""description"": ""The output explicitly states the timing, group size, and required materials for the activity.""}, {""criterion"": ""Launch Script"", ""points"": 20, ""description"": ""The output includes a verbatim launch script detailing exactly what the instructor should say to initiate the activity.""}, {""criterion"": ""Failure Modes and Fixes"", ""points"": 20, ""description"": ""The output identifies at least one potential failure mode for the activity and provides a concrete fix or contingency.""}, {""criterion"": ""UDL and Accessibility"", ""points"": 20, ""description"": ""The output includes accessibility considerations, such as physical navigation in a tiered hall, visual aid descriptions, or colorblind-safe material notes.""}]",graduate
lesson-builder__02,lesson-builder,Teaching Material Generation,Business Ethics,Undergraduate,medium,"A business ethics professor is preparing a case study on global supply chains and rare-earth mineral sourcing, requiring a synthetic scenario and careful handling of real-world data.","Prepare a teaching case for my undergraduate business ethics class on the topic of rare-earth mineral sourcing in consumer electronics. The learning outcomes are: 1) Analyze stakeholder conflicts in global supply chains, and 2) Evaluate ethical frameworks for supplier selection. Include the case narrative and teaching notes with a discussion arc. I don't have specific company data, so use a synthetic scenario. However, if you include any real-world statistics about rare-earth mining or global market share, make sure to flag them if you aren't absolutely certain of the exact current figures.","A teaching case with a clearly labeled synthetic narrative, accompanied by teaching notes featuring a structured discussion arc and board plan. Any uncertain real-world statistics must be marked with inline [VERIFY] tags, and the discussion notes should include facilitation tactics.","[{""criterion"": ""Synthetic Scenario Labeling"", ""points"": 20, ""description"": ""The case narrative is explicitly labeled as a synthetic or fictional scenario, ensuring it is not passed off as real-world fact.""}, {""criterion"": ""Outcome Alignment"", ""points"": 20, ""description"": ""The case and teaching notes directly address both learning outcomes: analyzing stakeholder conflicts and evaluating ethical frameworks.""}, {""criterion"": ""Discussion Arc and Board Plan"", ""points"": 20, ""description"": ""The teaching notes include a structured discussion arc and a clear board plan outlining how the discussion will be facilitated and recorded.""}, {""criterion"": ""Verification Tags for Uncertain Data"", ""points"": 20, ""description"": ""Any specific real-world statistics or data points included in the text are marked with inline [VERIFY: <claim> — <why uncertain>] tags.""}, {""criterion"": ""Facilitation Tactics"", ""points"": 20, ""description"": ""The teaching notes include specific equity-of-voice tactics or facilitation moves to manage the classroom discussion effectively.""}]",graduate
lesson-builder__03,lesson-builder,Teaching Material Generation,Epidemiology,Graduate,hard,"A graduate seminar professor is building a full lesson package for Week 6 on infectious disease modeling. The professor has requested a historical discussion segment that does not map to the confirmed quantitative learning outcomes, requiring the system to flag the orphaned content while still building the full package.","I'm teaching a graduate seminar in Epidemiology (25 students, seminar room). The confirmed learning outcomes for Week 6 are: 1) Formulate basic SIR compartmental models, and 2) Calculate the basic reproduction number (R0) from incidence data. I want to cover the standard SIR derivation, do a worked example of calculating R0, and then I also want to spend 15 minutes discussing the historical impact of the 1918 influenza pandemic on modern public health policy. Please build the full lesson package (lesson plan with timings, lecture notes, slide outline, and an active learning segment). Note: I don't have the exact historical mortality rates for the 1918 flu in different US cities memorized, so flag those if you use them.","A complete lesson package including a timed lesson plan, prose lecture notes with worked examples, a slide outline with assertion titles and alt-text, and an active learning segment. The lesson plan must explicitly flag the 1918 flu discussion as an orphaned segment that does not map to the stated outcomes. Lecture notes must use [VERIFY] tags for the historical mortality rates.","[{""criterion"": ""Orphaned Content Flagging"", ""points"": 25, ""description"": ""The output explicitly flags the 15-minute 1918 flu historical discussion as an orphaned segment that does not map to the confirmed learning outcomes, prompting professor confirmation.""}, {""criterion"": ""Timed Lesson Arc"", ""points"": 20, ""description"": ""The lesson plan includes a detailed meeting arc with minute-by-minute timings, including the placement of the active learning segment and the orphaned discussion.""}, {""criterion"": ""Lecture Notes and Verification Tags"", ""points"": 20, ""description"": ""The lecture notes include worked examples for the SIR derivation/R0 calculation, and any uncertain historical mortality statistics are marked with [VERIFY: <claim> — <why uncertain>] tags.""}, {""criterion"": ""Slide Outline Specifications"", ""points"": 20, ""description"": ""The slide outline uses assertion titles for each slide and includes figure specifications with alt-text notes for accessibility.""}, {""criterion"": ""Active Learning Logistics"", ""points"": 15, ""description"": ""The active learning segment includes complete logistics: timing, group size, materials, a verbatim launch script, and failure modes with fixes.""}]",graduate
adaptive-hint-sequence-designer__01,adaptive-hint-sequence-designer,Teaching Material Generation,Middle School Physics,Grade 7,easy,A teacher is creating a scaffolded worksheet for students learning to calculate net force when multiple forces act along a single axis in opposite directions.,"I am creating a scaffolded worksheet for my Grade 7 physics students. They are learning to calculate net force when multiple forces act along a single axis in opposite directions. Students typically get stuck because they add the forces instead of subtracting them, they ignore the directional signs, or they forget to include units. Please design a cascading hint sequence for this problem type. Include 4 levels of hints, from general strategy to a bottom-out hint. Explain the cognitive function of each hint, specify when each hint should be triggered, and detail what happens when all hints are exhausted.","A structured hint sequence containing a Hint Architecture overview, a 4-level Hint Sequence (Strategic, Conceptual, Procedural, Bottom-out) with specific text, cognitive function, trigger conditions, expected student response, and escalation paths for each. It must also include a Bottom-Out Strategy that preserves learning, a Trigger Conditions Summary, and Adaptation Notes for different student profiles.","[{""criterion"": ""Progressive Specificity"", ""points"": 20, ""description"": ""Hints must progress logically from general strategic guidance (e.g., identifying the goal of net force) to specific procedural steps without giving away the final numerical answer prematurely.""}, {""criterion"": ""Single Focus and Error Targeting"", ""points"": 20, ""description"": ""Each hint must address exactly one specific sticking point (e.g., directionality, addition vs. subtraction) and target the root cause of the error rather than just stating the correct action.""}, {""criterion"": ""Trigger Conditions"", ""points"": 20, ""description"": ""Each hint level must include clear, observable trigger conditions (e.g., time elapsed, specific incorrect attempts, request-based) dictating exactly when it should be delivered.""}, {""criterion"": ""Bottom-Out Learning Preservation"", ""points"": 20, ""description"": ""The final hint must reveal the necessary steps or answer but must include a self-explanation or reflection prompt to ensure the student still engages cognitively and understands the 'why'.""}, {""criterion"": ""Required Output Structure"", ""points"": 20, ""description"": ""The response must include all specified sections: Hint Architecture, Hint Sequence (with text, cognitive function, triggers, expected response, and escalation), Bottom-Out Strategy, Trigger Conditions Summary, and Adaptation Notes.""}]",middle_school
adaptive-hint-sequence-designer__02,adaptive-hint-sequence-designer,Teaching Material Generation,High School Computer Science,Grade 11,medium,An instructor is designing an intelligent tutoring module for beginners learning to write nested loops in Python to print visual patterns.,"I am designing an intelligent tutoring module for my Grade 11 computer science students. They are learning to write nested loops in Python to print a right-aligned triangle of asterisks. Common sticking points include confusing the row and column variables, making off-by-one errors in loop ranges, and printing the spaces and asterisks in the wrong order. Design a progressive hint sequence to help them unstick. Provide the hint architecture, the specific text and cognitive function for each level, trigger conditions, a bottom-out strategy that still promotes learning, and notes on how to adapt the sequence for different student proficiency levels.","A comprehensive hint sequence tailored to nested loop programming. It must detail the cognitive function of each hint, specify error-based and time-based triggers, provide a bottom-out strategy that requires the student to explain loop logic or predict modified output, and include adaptation notes for varying proficiency levels and hint-seeking behaviors.","[{""criterion"": ""Cognitive Function Alignment"", ""points"": 20, ""description"": ""The cognitive function for each hint must clearly articulate what mental work is being scaffolded for the student and what productive struggle is being preserved for them to execute.""}, {""criterion"": ""Error-Cause Targeting"", ""points"": 20, ""description"": ""Hints must specifically address the conceptual or procedural root causes of nested loop errors (e.g., variable scope confusion, loop bounds, print sequencing) rather than just correcting syntax.""}, {""criterion"": ""Trigger Conditions Summary"", ""points"": 20, ""description"": ""A clear summary table or list must map specific error patterns, time delays, or student requests to the exact hint level activated, demonstrating a logical escalation path.""}, {""criterion"": ""Bottom-Out Learning Preservation"", ""points"": 20, ""description"": ""The bottom-out hint must provide the code structure or logic but require the student to explain the loop mechanics or predict the output of a modified scenario to ensure comprehension.""}, {""criterion"": ""Adaptation Notes"", ""points"": 20, ""description"": ""The response must include specific, actionable adjustments for different student profiles, such as those struggling with basic single loops versus those who just need a nudge on nesting, or strategies for 'hint-abusers'.""}]",high_school
adaptive-hint-sequence-designer__03,adaptive-hint-sequence-designer,Teaching Material Generation,University Microeconomics,Undergraduate,hard,A professor is developing an adaptive learning module for university students learning to solve monopoly profit maximization problems using calculus and algebra.,"I need to build an adaptive hint system for my undergraduate microeconomics students. The problem type is calculating the profit-maximizing quantity and price for a monopolist, given a linear demand curve and a total cost function. The common sticking points are: students set Price equal to Marginal Cost instead of Marginal Revenue equal to Marginal Cost; they incorrectly derive the Marginal Revenue curve (forgetting the double slope rule); and they fail to substitute the optimal quantity back into the demand curve to find the price. Please generate a comprehensive hint sequence. Ensure the hints progress from strategic to procedural, address the root cause of the errors, include specific trigger conditions, and feature a bottom-out strategy that requires self-explanation. Format the output with clear sections for the hint architecture, the sequence itself, the bottom-out strategy, a trigger conditions summary, and adaptation notes.","A highly detailed hint sequence addressing both the economic misconceptions and the mathematical execution errors. It must include a structured Hint Architecture, a multi-level Hint Sequence with precise cognitive functions and triggers, a Bottom-Out Strategy requiring conceptual self-explanation, a Trigger Conditions Summary table, and Adaptation Notes for diverse learner profiles.","[{""criterion"": ""Progressive Specificity and Cognitive Load"", ""points"": 20, ""description"": ""The sequence must smoothly transition from high-level economic principles (e.g., MR=MC rule) to specific mathematical execution (e.g., deriving MR, solving for Q) without overwhelming the student.""}, {""criterion"": ""Addressing Conceptual vs Procedural Gaps"", ""points"": 20, ""description"": ""Hints must clearly distinguish between and appropriately address the economic misconception (setting P=MC instead of MR=MC) and the mathematical execution errors (incorrect MR derivation, failing to substitute Q back into P).""}, {""criterion"": ""Comprehensive Trigger Conditions"", ""points"": 20, ""description"": ""The trigger conditions must include both time/request-based triggers and specific error-based triggers (e.g., detecting when a student sets P=MC versus when they derive MR incorrectly), mapped to the correct hint level.""}, {""criterion"": ""Bottom-Out Design"", ""points"": 20, ""description"": ""The final hint must reveal the mathematical solution but mandate a conceptual self-explanation about why a monopolist's price exceeds marginal cost, effectively converting answer-giving into understanding-building.""}, {""criterion"": ""Strict Adherence to Output Schema"", ""points"": 20, ""description"": ""The response must include all required sections: Hint Architecture, Hint Sequence (with text, cognitive function, triggers, expected response, and escalation for each level), Bottom-Out Strategy, Trigger Conditions Summary table, and Adaptation Notes.""}]",graduate
self-explanation-prompt-designer__01,self-explanation-prompt-designer,Teaching Material Generation,Science,Middle School (Grade 7),easy,A 7th grade science teacher is preparing a lesson on photosynthesis. Students will read a short textbook passage explaining the process. The teacher has noticed that students can memorize the inputs and outputs but struggle to explain WHY plants need each component and HOW the process actually transforms matter.,"I'm teaching 7th grade science and my students will read this passage about photosynthesis:

'Plants make their own food through a process called photosynthesis. During photosynthesis, plants take in carbon dioxide (CO2) from the air through tiny openings in their leaves called stomata. They also absorb water (H2O) from the soil through their roots. Using energy from sunlight, which is captured by a green pigment called chlorophyll, the plant converts CO2 and H2O into glucose (C6H12O6), a type of sugar. Oxygen (O2) is released as a byproduct. The glucose provides energy for the plant to grow and repair itself.'

I want my students to deeply understand WHY each ingredient (CO2, water, sunlight) is necessary and HOW they combine to form glucose — not just memorize the inputs and outputs. Please design a set of self-explanation prompts to embed within this passage. For each prompt, tell me exactly where it should be placed, what question to ask, what a strong student explanation should include, what a weak surface-level response looks like, and what to ask next if the student gives a shallow answer. Also include guidance on how to tell if a student's explanation is deep versus shallow, and a sequence of increasingly structured supports for students who struggle to explain.","A complete set of self-explanation prompts embedded at key points in the photosynthesis passage, with placement rationale, target explanations, quality indicators distinguishing deep from shallow responses, and a scaffolding sequence for struggling students.","[{""criterion"": ""Prompt placement at conceptually dense points"", ""points"": 20, ""description"": ""Prompts are placed at 2-4 specific locations in the passage where new principles are introduced or non-obvious connections occur (e.g., why CO2 is needed specifically, how sunlight energy drives the transformation), not at routine or descriptive sentences.""}, {""criterion"": ""Prompts elicit explanation rather than description"", ""points"": 20, ""description"": ""Each prompt asks WHY or HOW questions that require reasoning (e.g., 'Why does the plant need CO2 specifically — what does it become?') rather than WHAT questions that elicit restating (e.g., 'What does the plant take in?').""}, {""criterion"": ""Target explanations and shallow response examples provided"", ""points"": 20, ""description"": ""For each prompt, the output specifies what a deep self-explanation should include (connecting concepts, explaining mechanisms) and provides a concrete example of a shallow response that merely describes or restates the passage.""}, {""criterion"": ""Quality indicators table distinguishing response depths"", ""points"": 20, ""description"": ""A clear framework is provided with at least three levels (deep, partial, shallow) showing characteristics, example student responses, and teacher actions for each level.""}, {""criterion"": ""Scaffolding sequence for struggling students"", ""points"": 20, ""description"": ""A progression from open-ended prompts to increasingly structured supports is provided, moving from maximum generation to guided completion without giving away the answer.""}]",middle_school
self-explanation-prompt-designer__02,self-explanation-prompt-designer,Teaching Material Generation,History,High School (Grade 11),medium,An 11th grade history class is analyzing Martin Luther King Jr.'s 'Letter from Birmingham Jail.' Students have read the full letter but tend to summarize its content rather than analyze King's rhetorical strategy and the logical structure of his arguments. The teacher wants students to understand HOW King builds his case for why direct action is necessary and why he rejects the 'wait' approach.,"My 11th grade history students are studying this excerpt from MLK's 'Letter from Birmingham Jail':

'You may well ask: ""Why direct action? Why sit-ins, marches and so forth? Isn't negotiation a better path?"" You are quite right in calling for negotiation. Indeed, this is the very purpose of direct action. Direct action seeks to create such a crisis and foster such a tension that a community which has constantly refused to negotiate is forced to confront the issue. It seeks so to dramatize the issue that it can no longer be ignored.

Just as Socrates felt that it was necessary to create a tension in the mind so that individuals could rise from the bondage of myths and half-truths to the unfettered realm of creative analysis and objective appraisal, we must see the need for having nonviolent gadflies to create the kind of tension in society that will help men rise from the dark depths of prejudice and racism to the majestic heights of understanding and brotherhood.'

I want students to deeply understand King's rhetorical strategy — specifically HOW he justifies direct action by framing it as a means TO negotiation (not a replacement for it), and WHY he uses the Socrates analogy. Please design self-explanation prompts to embed at key points in this excerpt. For each prompt, specify the exact placement, the question text, what a strong explanation should contain, what a shallow restating response looks like, and a follow-up question for shallow responses. Include a quality indicators framework and a scaffolding sequence for students who struggle to analyze rhetorical strategy.","Self-explanation prompts placed at rhetorically significant points in the MLK excerpt, with detailed rationale, quality indicators for analytical depth, and scaffolding supports for students who default to summary rather than analysis.","[{""criterion"": ""Prompts target rhetorical strategy and reasoning structure"", ""points"": 20, ""description"": ""Prompts are placed at points where King makes strategic rhetorical moves (e.g., the paradox of direct action serving negotiation, the Socrates analogy) and ask students to explain the PURPOSE and LOGIC of these choices, not just what King says.""}, {""criterion"": ""Prompts require generation of analytical reasoning"", ""points"": 20, ""description"": ""Each prompt is open-ended and requires students to construct their own analysis in their own words, rather than selecting from options or filling in blanks. Prompts ask WHY King makes specific choices and HOW his arguments connect.""}, {""criterion"": ""Target explanations distinguish analytical depth from summary"", ""points"": 20, ""description"": ""For each prompt, the output clearly specifies what constitutes deep analytical explanation (e.g., identifying the paradox, explaining the analogy's function) versus shallow summary (e.g., restating that King compares himself to Socrates).""}, {""criterion"": ""Quality indicators framework with concrete examples"", ""points"": 20, ""description"": ""A multi-level framework is provided showing what deep, partial, and shallow analytical responses sound like, with specific example student statements and corresponding teacher actions.""}, {""criterion"": ""Scaffolding sequence moves from open to structured"", ""points"": 20, ""description"": ""A clear progression is provided showing how to support students who cannot initially analyze rhetorical strategy, moving from open prompts to increasingly guided questions without providing the analysis for them.""}]",high_school
self-explanation-prompt-designer__03,self-explanation-prompt-designer,Teaching Material Generation,Physics,University (First Year),hard,"A university physics professor is designing an online learning module on electromagnetic induction. Students will study a worked example showing how to apply Faraday's law to calculate the induced EMF in a rectangular loop moving through a non-uniform magnetic field. The professor knows students can follow the mathematical steps but fail to understand the physical reasoning — particularly why the EMF depends on the RATE of change of flux rather than the flux itself, and how Lenz's law determines the direction of induced current.","I'm creating an online physics module for first-year university students on electromagnetic induction. They'll study this worked example:

Problem: A rectangular loop (width w = 0.2 m, length L = 0.5 m) moves at constant velocity v = 3 m/s into a region where the magnetic field varies as B(x) = B₀(x/d), where B₀ = 0.4 T and d = 1.0 m. The loop's resistance is R = 2 Ω. Find the induced EMF and current when the leading edge is at x = 0.3 m.

Solution:
Step 1: The flux through the loop is Φ = ∫B·dA. Since B varies with x, we integrate: Φ = L·w·B(x) = (0.5)(0.2)(0.4)(0.3/1.0) = 0.012 Wb.
Step 2: The EMF is ε = -dΦ/dt. Using the chain rule: dΦ/dt = (dΦ/dx)(dx/dt) = (dΦ/dx)·v.
Step 3: dΦ/dx = L·w·(B₀/d) = (0.5)(0.2)(0.4/1.0) = 0.04 Wb/m.
Step 4: ε = -(0.04)(3) = -0.12 V. The magnitude is 0.12 V.
Step 5: Current I = ε/R = 0.12/2 = 0.06 A.
Step 6: By Lenz's law, the induced current flows counterclockwise to oppose the increasing flux into the page.

Students can replicate these calculations but don't understand WHY we use the chain rule in Step 2, WHY the EMF depends on velocity (not just position), and WHY Lenz's law gives counterclockwise specifically. Design self-explanation prompts for this worked example. For each prompt, specify the exact step, the question, what a deep physical explanation should include, what a shallow mathematical restatement looks like, and a follow-up for shallow responses. Include quality indicators and a scaffolding sequence. The prompts should target the PHYSICAL REASONING, not the mathematical procedure.","Self-explanation prompts placed at conceptually dense steps in the electromagnetic induction worked example, targeting physical reasoning about Faraday's law and Lenz's law, with quality indicators distinguishing physical understanding from procedural mimicry, and scaffolding for students who cannot connect math to physics.","[{""criterion"": ""Prompts placed at steps requiring physical reasoning, not mathematical procedure"", ""points"": 20, ""description"": ""Prompts are strategically placed at steps where physical insight is required (e.g., Step 2 where the chain rule connects to physical meaning, Step 6 where Lenz's law is applied) rather than at routine calculation steps. The output explains why each location was chosen as conceptually dense.""}, {""criterion"": ""Prompts elicit physical explanation rather than mathematical description"", ""points"": 20, ""description"": ""Each prompt asks students to explain the PHYSICAL MEANING and REASONING (e.g., 'Why does the EMF depend on velocity — what would happen if the loop were stationary?') rather than restating the mathematical operation (e.g., 'What formula do we use in Step 2?').""}, {""criterion"": ""Target explanations connect mathematical steps to physical principles"", ""points"": 20, ""description"": ""For each prompt, the target explanation explicitly connects the mathematical procedure to underlying physics (e.g., explaining that the chain rule appears because flux changes due to motion, not due to a time-varying field; explaining Lenz's law in terms of energy conservation or opposition to change).""}, {""criterion"": ""Quality indicators distinguish physical understanding from procedural mimicry"", ""points"": 20, ""description"": ""The quality framework clearly differentiates responses that demonstrate physical insight (referencing principles, making connections, explaining mechanisms) from responses that merely describe mathematical steps or restate formulas without physical meaning.""}, {""criterion"": ""Scaffolding sequence addresses the math-physics gap"", ""points"": 20, ""description"": ""The scaffolding sequence specifically addresses the common difficulty of connecting mathematical formalism to physical understanding, providing progressively more structured supports that guide students toward physical reasoning without giving them the explanation.""}]",undergraduate
emergent-project-design-scaffold__01,emergent-project-design-scaffold,Teaching Material Generation,Early Years Science and Physical Development,Early Years (ages 3-4),easy,"A Reception class teacher has noticed that several children have become fascinated by their shadows during outdoor play. The children chase their shadows, try to 'catch' them by stomping on them, and have started noticing how shadows change when they move or when clouds pass over the sun. Some children are asking where shadows 'go' when it's cloudy or when they go inside.","I teach a Reception class of 3-4 year olds. Over the past week, several children have become captivated by shadows during outdoor play. They chase them, try to stomp on them, and jump to see if they can 'leave their shadow behind.' Yesterday, a child asked 'Where does my shadow sleep at night?' and another noticed 'My shadow gets taller when the sun goes down!' I've observed children drawing their shadows with chalk on the playground, making shadow puppets with their hands against the classroom wall, and asking questions like 'Why does my shadow follow me?' and 'Can shadows be friends with each other?' I want to scaffold this interest into a deeper, sustained investigation. Please design an emergent project scaffold that follows the children's genuine curiosity rather than turning it into a predetermined lesson about light. Include provocations to deepen their inquiry, natural curriculum connections, specific decision points where I should observe and decide next steps, and a plan for documenting the project's evolution.","A complete emergent project scaffold including: a project overview with the children's interest and teacher's guiding question; Phase 1 (launching the investigation by gathering what children know and surfacing questions); Phase 2 with 3-5 provocations, each specifying what is offered, why it connects to observations, what to watch for, and possible next steps; Phase 3 (deepening through multiple representations); Phase 4 (sharing and concluding); natural curriculum connections; specific decision points; and a documentation plan.","[{""criterion"": ""Child-led origin"", ""points"": 15, ""description"": ""The project scaffold clearly originates from the children's observed fascination with shadows, using their specific questions and theories as the starting point rather than imposing a predetermined topic about light or physics.""}, {""criterion"": ""Provocation quality"", ""points"": 25, ""description"": ""At least 3 provocations are provided, each specifying: what materials or experiences are offered, why the provocation connects to the teacher's observations of children's thinking, what to watch for in children's responses, and possible next steps depending on how children respond.""}, {""criterion"": ""Complete phase structure"", ""points"": 15, ""description"": ""The scaffold includes all four phases: launching the investigation, provocations and investigations, deepening and representing, and sharing and concluding, with substantive content in each phase.""}, {""criterion"": ""Natural curriculum connections"", ""points"": 15, ""description"": ""Curriculum connections are identified that emerge organically from the shadow investigation (e.g., observation skills, physical development, mathematical language about size and position) rather than being forced or unrelated to the children's inquiry.""}, {""criterion"": ""Documentation plan"", ""points"": 10, ""description"": ""A specific documentation plan is included that describes what evidence to capture (photographs, children's words, drawings) and how documentation will inform teaching decisions and make learning visible.""}, {""criterion"": ""Decision points"", ""points"": 10, ""description"": ""At least 3 specific decision points are identified where the teacher pauses to observe and decide whether to extend the current direction, introduce a new provocation, or allow the project to wind down.""}, {""criterion"": ""Project conclusion"", ""points"": 10, ""description"": ""The scaffold includes a plan for how the project will be shared and concluded, recognizing that emergent projects have a natural lifespan and should end gracefully when interest wanes.""}]",early_years
emergent-project-design-scaffold__02,emergent-project-design-scaffold,Teaching Material Generation,Primary Science and Environmental Studies,Year 2 (ages 6-7),medium,"After heavy rain, a Year 2 class discovered multiple earthworms on the playground. The children are deeply engaged in observing the worms, debating whether they are hurt, and asking questions about where worms live, what they eat, and why they come out when it rains. The teacher has noticed children creating makeshift worm habitats, drawing detailed diagrams of worms, and having sophisticated discussions about whether worms can feel pain.","I teach Year 2 (ages 6-7). After heavy rain last Tuesday, my class found about fifteen earthworms on the playground. The children were immediately concerned — 'Are they okay?' 'Did they drown?' 'Where's their mum?' Since then, the interest has deepened. Children are bringing in worms they've found in the garden, creating worm hotels in plastic containers with soil, and drawing diagrams showing what they think is inside a worm's body. During circle time, a heated debate broke out about whether worms have feelings — one child insisted 'They squirm when you touch them, so they must be scared!' Another asked 'If they live underground, how do they know when it's raining?' I've noticed children using magnifying glasses to observe worm movement, measuring how long worms are with rulers, and writing 'worm fact books.' I want to scaffold this into a meaningful emergent project. Please design a project scaffold that honours the children's genuine scientific curiosity, includes provocations that will deepen their thinking, maps naturally to our curriculum, identifies key decision points, and includes a documentation strategy. The project should feel like a real investigation, not a series of worm-themed activities I've pre-planned.",A comprehensive emergent project scaffold with: project overview including children's interest and teacher's guiding question; Phase 1 launching the investigation; Phase 2 with 3-5 provocations each containing what/why/watch for/next steps; Phase 3 deepening through multiple representations; Phase 4 sharing and concluding; curriculum connections across multiple subjects; decision points; and documentation plan.,"[{""criterion"": ""Child-led origin"", ""points"": 15, ""description"": ""The scaffold clearly begins from the children's authentic fascination with worms, incorporating their specific questions, theories, and observed behaviours rather than redirecting to a predetermined topic.""}, {""criterion"": ""Provocation quality"", ""points"": 25, ""description"": ""At least 3-4 provocations are provided, each with: what is offered (materials, experiences, or questions), why it responds to observed thinking, what to watch for in children's responses, and branching next steps depending on how children engage.""}, {""criterion"": ""Complete phase structure"", ""points"": 15, ""description"": ""All four phases are present with substantive content: launching, provocations/investigations, deepening/representing, and sharing/concluding.""}, {""criterion"": ""Natural curriculum connections"", ""points"": 15, ""description"": ""Curriculum connections span multiple areas (science, literacy, mathematics, art) and emerge naturally from the investigation rather than being artificially imposed.""}, {""criterion"": ""Documentation plan"", ""points"": 10, ""description"": ""A detailed documentation plan specifies what to capture, how to capture it, and how documentation will be used to inform next steps and make learning visible to children and families.""}, {""criterion"": ""Decision points"", ""points"": 10, ""description"": ""Multiple specific decision points are identified with clear criteria for what the teacher should observe and how those observations inform whether to extend, redirect, or conclude.""}, {""criterion"": ""Project conclusion"", ""points"": 10, ""description"": ""The scaffold includes a meaningful plan for sharing and concluding the project that celebrates children's learning and provides closure.""}]",elementary
emergent-project-design-scaffold__03,emergent-project-design-scaffold,Teaching Material Generation,Upper Primary Design Technology and Physics,Year 5 (ages 9-10),hard,"A Year 5 class discovered an old broken mechanical clock in the school's storage room during a clearing exercise. The children became fascinated by the internal mechanisms — gears, springs, and cogs — and began asking complex questions about how time is measured, why the clock stopped, and whether time itself is 'real.' The investigation has branched into questions about engineering, the history of timekeeping, and philosophical questions about the nature of time.","I teach Year 5 (ages 9-10). Three weeks ago, while helping clear out the school's storage room, my class found a broken mechanical mantel clock from the 1940s. The children were immediately captivated when I opened the back and they could see the gears, springs, and escapement mechanism. Since then, the interest has exploded in multiple directions. Some children are obsessed with the engineering — they've been drawing detailed diagrams of the gear trains, asking how the spring stores energy, and wanting to understand why the clock stopped. Others have gone philosophical: 'Is time real or did we just invent it?' 'If time is real, what is it made of?' 'Does time go slower for worms?' A group has started researching the history of timekeeping — sundials, water clocks, atomic clocks — and another group is arguing about whether we should try to fix the clock or whether it should stay broken as a 'historical artifact.' Children are bringing in broken watches, kitchen timers, and old clocks from home. They're measuring things with stopwatches, debating whether a minute feels longer when you're bored, and one child asked 'If I built a clock on the moon, would it tick differently?' This has become genuinely complex and I want to scaffold it properly. Please design an emergent project scaffold that can accommodate the multiple directions this investigation is going, includes provocations that will deepen thinking across the engineering, historical, and philosophical strands, connects naturally to our curriculum, identifies critical decision points, and includes a robust documentation strategy. I need this to be flexible enough to follow the children's lead while still being educationally rigorous.","A sophisticated emergent project scaffold that: acknowledges the multiple strands of inquiry (engineering, historical, philosophical); provides a project overview with the children's interest and teacher's guiding question; includes Phase 1 launching; Phase 2 with 4-5 provocations addressing different strands, each with what/why/watch for/next steps; Phase 3 showing how children represent understanding through multiple languages; Phase 4 sharing and concluding; curriculum connections across science, design technology, history, mathematics, literacy, and philosophy; nuanced decision points; and a comprehensive documentation plan.","[{""criterion"": ""Child-led origin"", ""points"": 10, ""description"": ""The scaffold clearly originates from the children's authentic fascination with the clock and time, honouring the multiple directions their inquiry has taken rather than narrowing it to a single predetermined focus.""}, {""criterion"": ""Provocation quality and sophistication"", ""points"": 25, ""description"": ""At least 4 provocations are provided that address the multiple strands of inquiry (engineering, historical, philosophical), each with: what is offered, why it responds to observed thinking, what to watch for, and branching next steps. Provocations should be sophisticated enough for 9-10 year olds.""}, {""criterion"": ""Complete phase structure"", ""points"": 10, ""description"": ""All four phases are present with substantive content appropriate for upper primary: launching, provocations/investigations, deepening/representing, and sharing/concluding.""}, {""criterion"": ""Natural curriculum connections"", ""points"": 15, ""description"": ""Curriculum connections span multiple areas (science/physics, design technology, history, mathematics, literacy, potentially philosophy/PSHE) and emerge naturally from the investigation's multiple strands.""}, {""criterion"": ""Documentation plan"", ""points"": 10, ""description"": ""A comprehensive documentation plan specifies what to capture across the multiple inquiry strands, how to capture it, and how documentation will inform teaching decisions and make the complex learning visible.""}, {""criterion"": ""Decision points"", ""points"": 10, ""description"": ""Multiple nuanced decision points are identified that acknowledge the complexity of managing multiple inquiry strands, with clear criteria for when to deepen a strand, introduce new provocations, or allow strands to conclude.""}, {""criterion"": ""Project conclusion"", ""points"": 10, ""description"": ""The scaffold includes a meaningful plan for sharing and concluding that honours the depth and complexity of the investigation and provides genuine closure.""}, {""criterion"": ""Multiple representations"", ""points"": 5, ""description"": ""Phase 3 explicitly addresses how children will represent their understanding through multiple 'languages' — drawing, writing, building, discussion, digital media, dramatic representation — appropriate for the age group and complexity of the inquiry.""}, {""criterion"": ""Teacher as researcher"", ""points"": 5, ""description"": ""The scaffold positions the teacher as a co-researcher genuinely curious about children's thinking, with a clear guiding question that reflects authentic inquiry rather than assessment-focused observation.""}]",elementary
project-brief-designer__01,project-brief-designer,Teaching Material Generation,Science,5th Grade,easy,A 5th-grade class is studying ecosystems and the vital role of pollinators. The school wants to start a new garden but needs a plan that specifically supports local bees and butterflies. The teacher wants to use a project-based approach to teach plant-pollinator relationships and basic experimental design.,"Design a project-based learning brief for my 5th-grade science class. The project topic is creating a pollinator-friendly school garden. The learning objectives are for students to understand plant-pollinator relationships, identify local pollinator species and their habitat needs, and design a basic garden layout. The project will last for 3 weeks (about 9 lessons). Please include a driving question, a student-facing scenario, milestones with explicit teacher instruction points, assessment criteria, and an instruction map.","A complete project brief including a driving question, student scenario, 3-5 milestones with explicit instruction points and formative checks, process and product assessment criteria, an explicit instruction map, differentiation notes, and known design choices.","[{""criterion"": ""Driving Question and Scenario Quality"", ""points"": 20, ""description"": ""The driving question is open-ended, authentic, and requires students to apply their knowledge of plant-pollinator relationships. The scenario is engaging, age-appropriate for 5th graders, and establishes a clear real-world purpose and audience.""}, {""criterion"": ""Milestone Structure and Explicit Instruction"", ""points"": 20, ""description"": ""Provides 3-5 clear milestones. Each milestone includes a deliverable, required knowledge/skills, a specific point for explicit teacher instruction (not just facilitation), a formative check, and structured student choice.""}, {""criterion"": ""Assessment Criteria Design"", ""points"": 20, ""description"": ""Assessment criteria are transparent and divided into process and product. The criteria explicitly prioritize scientific understanding and application over the visual aesthetics of the garden design.""}, {""criterion"": ""Instruction Map and Differentiation"", ""points"": 20, ""description"": ""Includes a teacher-facing explicit instruction map detailing when and how direct teaching occurs. Provides practical differentiation notes for varying learner needs while maintaining the core learning objectives.""}, {""criterion"": ""Pedagogical Alignment and Feasibility"", ""points"": 20, ""description"": ""The project is feasible within the 3-week timeframe. It includes opportunities for reflection and revision. The design ensures students cannot complete the project successfully without genuinely understanding the ecological concepts.""}]",elementary
project-brief-designer__02,project-brief-designer,Teaching Material Generation,History,10th Grade,medium,A 10th-grade history class is studying the expansion of the United States in the 19th century. The teacher wants to move beyond the traditional narrative of the transcontinental railroad to explore its profound impact on Indigenous communities. Students need to analyze primary sources and construct historical arguments.,"I need a project-based learning brief for my 10th-grade history class. The topic is the impact of the transcontinental railroad on Indigenous communities. The learning objectives are to analyze primary and secondary sources, evaluate multiple historical perspectives, and construct an evidence-based historical argument. The project duration is 4 weeks (12 lessons). The final product should be a digital museum exhibit. Please provide the driving question, scenario, milestones with teacher instruction points, assessment criteria, and an explicit instruction map.","A comprehensive PBL brief featuring an open-ended driving question, a compelling historical scenario, 3-5 milestones integrating explicit instruction on historical thinking skills, transparent assessment criteria prioritizing historical argumentation, an explicit instruction map, differentiation notes, and design choices.","[{""criterion"": ""Driving Question and Scenario Quality"", ""points"": 20, ""description"": ""The driving question is genuinely open-ended, historically authentic, and requires the evaluation of multiple perspectives. The scenario provides a compelling, real-world context for 10th graders to act as historians or curators.""}, {""criterion"": ""Milestone Structure and Explicit Instruction"", ""points"": 20, ""description"": ""Details 3-5 milestones. Each includes a deliverable, historical skills to be learned, a specific explicit instruction point (e.g., teaching source sourcing, contextualization, or corroboration), a formative check, and structured student choice regarding their exhibit focus.""}, {""criterion"": ""Assessment Criteria Design"", ""points"": 20, ""description"": ""Assessment criteria clearly distinguish between process (research, historical thinking) and product (exhibit quality). The rubric heavily weights the strength of the historical argument and use of evidence over digital design skills.""}, {""criterion"": ""Instruction Map and Differentiation"", ""points"": 20, ""description"": ""The explicit instruction map clearly schedules direct teaching of historical thinking skills alongside the project work. Differentiation notes address how to support students struggling with complex primary sources.""}, {""criterion"": ""Pedagogical Alignment and Feasibility"", ""points"": 20, ""description"": ""The project fits the 4-week timeline and includes structured reflection and revision phases. It ensures that producing the digital exhibit requires deep historical understanding and cannot be achieved merely by summarizing textbook information.""}]",high_school
project-brief-designer__03,project-brief-designer,Teaching Material Generation,Physics,12th Grade,hard,"A 12th-grade physics class is concluding their unit on thermodynamics and heat transfer. The teacher wants a rigorous, real-world engineering challenge where students design a passive cooling system to store temperature-sensitive medical supplies in an off-grid, high-temperature environment. The project must integrate complex physics calculations with practical design.","Create a project-based learning brief for my 12th-grade physics class. The project topic is designing a passive cooling system for off-grid medical storage. The learning objectives are to apply thermodynamics and heat transfer principles, calculate thermal loads, design a physical prototype, and write a technical engineering proposal. The project will run for 6 weeks (18 lessons). Please include the driving question, scenario, milestones with explicit instruction points for the physics concepts, assessment criteria, and an explicit instruction map.","A rigorous PBL brief with a complex, open-ended driving question, a high-stakes engineering scenario, 3-5 milestones that explicitly map physics instruction to design phases, assessment criteria prioritizing physics accuracy and engineering logic, an explicit instruction map, differentiation notes, and known design choices.","[{""criterion"": ""Driving Question and Scenario Quality"", ""points"": 20, ""description"": ""The driving question is open-ended, authentic, and requires the application of advanced physics principles. The scenario establishes a high-stakes, real-world engineering context appropriate for 12th graders.""}, {""criterion"": ""Milestone Structure and Explicit Instruction"", ""points"": 20, ""description"": ""Provides 3-5 milestones. Each milestone includes a deliverable, required physics knowledge, a specific explicit instruction point (e.g., teaching Fourier's law, calculating thermal resistance), a formative check, and structured student choice in design parameters.""}, {""criterion"": ""Assessment Criteria Design"", ""points"": 20, ""description"": ""Assessment criteria are transparent and heavily prioritize the accuracy of physics calculations, thermodynamic reasoning, and engineering logic over the physical aesthetics or craftsmanship of the prototype.""}, {""criterion"": ""Instruction Map and Differentiation"", ""points"": 20, ""description"": ""The explicit instruction map strategically sequences direct instruction of complex mathematical and physical concepts exactly when needed for the design phases. Differentiation notes provide scaffolds for complex calculations without reducing the cognitive demand.""}, {""criterion"": ""Pedagogical Alignment and Feasibility"", ""points"": 20, ""description"": ""The project is feasible within 6 weeks and includes mandatory reflection and revision cycles based on prototype testing. It ensures that a successful design is impossible without a deep, calculable understanding of heat transfer, preventing trial-and-error guessing.""}]",high_school
spaced-practice-scheduler__01,spaced-practice-scheduler,Teaching Material Generation,High School Chemistry,High School (Grade 10-11),easy,A chemistry teacher is planning a 4-week unit on foundational chemistry concepts. The class meets 3 times per week. The teacher wants to ensure students retain earlier content throughout the unit rather than forgetting it as new topics are introduced. A summative test will occur at the end of week 4.,"I'm teaching a 4-week chemistry unit to my Grade 10 students. We have 3 lessons per week. The topics I need to cover are: Atomic structure, Chemical bonding, Moles and calculations, and Gas laws. The summative assessment is at the end of week 4. Please create a week-by-week teaching schedule that builds in regular opportunities for students to revisit previously taught material through retrieval activities. For each lesson, indicate what new content will be taught and what brief retrieval activity (10-15 minutes) will open the lesson to review prior learning. Include an explanation of why you chose these particular spacing intervals, specific suggestions for what the retrieval activities should look like, and guidance on how I should implement this schedule and respond when students struggle during review.","A complete week-by-week schedule table showing 12 lessons across 4 weeks, with new content and spaced review slots for each lesson. The schedule should demonstrate expanding retrieval intervals (e.g., first review 1-3 days after teaching, subsequent reviews at increasing gaps). All review activities should be retrieval-based (quizzes, brain dumps, diagrams from memory) rather than re-teaching or re-reading. A spacing rationale explaining the interval choices with reference to memory research. Specific retrieval activity suggestions for each review slot. Teacher guidance covering implementation timing, how to handle revealed gaps, and how to explain the approach to students.","[{""criterion"": ""Complete schedule covering full timeline"", ""points"": 20, ""description"": ""The output includes a week-by-week schedule covering all 4 weeks with all 12 lessons (3 per week), showing both new content and spaced review slots for each lesson.""}, {""criterion"": ""Retrieval-based review activities"", ""points"": 20, ""description"": ""All review activities specified are active retrieval tasks (e.g., free recall, quizzes from memory, diagram labeling from memory, brain dumps) rather than passive activities like re-reading notes, re-teaching content, or reviewing slides.""}, {""criterion"": ""Expanding spacing intervals"", ""points"": 20, ""description"": ""The schedule demonstrates expanding intervals between retrieval opportunities for each topic (e.g., first review within 1-3 days of initial teaching, subsequent reviews at progressively longer gaps such as 1 week, then 2+ weeks).""}, {""criterion"": ""Evidence-based spacing rationale"", ""points"": 20, ""description"": ""The output includes a rationale section explaining why topics are spaced at the chosen intervals, referencing principles of memory science such as the forgetting curve, optimal spacing intervals, or distributed practice research.""}, {""criterion"": ""Practical teacher guidance"", ""points"": 20, ""description"": ""The output includes guidance addressing: how long review activities should take, what to do when retrieval reveals student gaps, and how to communicate the purpose of spaced practice to students (including that it may feel harder but is more effective).""}]",high_school
spaced-practice-scheduler__02,spaced-practice-scheduler,Teaching Material Generation,Middle School History,Middle School (Grade 7-8),medium,A history teacher is planning a 6-week unit on World War I for Grade 8 students. The class meets 4 times per week. The teacher has identified which topics students historically find more challenging and wants to ensure the schedule accounts for this. The final assessment is in week 6.,"I'm planning a 6-week World War I unit for my Grade 8 history class. We meet 4 times per week (24 lessons total). Here are the topics I need to cover: Causes of WWI, Major battles, Treaty of Versailles, League of Nations, and Impact on civilians. I've rated the difficulty of each topic based on past classes: Causes of WWI (high difficulty), Major battles (medium), Treaty of Versailles (high), League of Nations (medium), Impact on civilians (low). The summative assessment is at the end of week 6. Please design a week-by-week schedule that spaces retrieval of previously taught content throughout the unit, giving more review opportunities to the topics my students find harder. Include interleaved review where topics relate to each other. For each lesson, show the new content and a 10-15 minute retrieval starter. Explain your spacing choices, suggest specific retrieval activities, and provide guidance on implementation.","A complete 6-week schedule covering all 24 lessons with new content and spaced review slots. Higher-difficulty topics (Causes of WWI, Treaty of Versailles) should receive more review slots than lower-difficulty topics. The schedule should include interleaved retrieval sessions mixing related topics. All review activities should be retrieval-based. A rationale explaining spacing decisions with reference to difficulty-weighted spacing and expanding intervals. Specific retrieval activity suggestions. Teacher guidance on implementation, handling gaps, and student communication. All topics should have at least one retrieval opportunity in the final week before assessment.","[{""criterion"": ""Complete schedule with correct lesson count"", ""points"": 20, ""description"": ""The output includes a week-by-week schedule covering all 6 weeks with all 24 lessons (4 per week), showing both new content and spaced review slots for each lesson.""}, {""criterion"": ""Difficulty-weighted review allocation"", ""points"": 20, ""description"": ""Topics rated as high difficulty (Causes of WWI, Treaty of Versailles) receive noticeably more retrieval/review slots across the schedule than topics rated as low difficulty (Impact on civilians).""}, {""criterion"": ""Interleaved retrieval sessions"", ""points"": 20, ""description"": ""The schedule includes retrieval activities that mix questions from multiple topics within the same session (interleaving), particularly for related topics, rather than only reviewing one topic at a time.""}, {""criterion"": ""Pre-assessment consolidation"", ""points"": 20, ""description"": ""All five topics have at least one retrieval opportunity scheduled in the final week (week 6) before the assessment, while review is distributed across the unit rather than crammed only at the end.""}, {""criterion"": ""Evidence-based rationale and activity specificity"", ""points"": 20, ""description"": ""The rationale explains spacing choices with reference to expanding intervals and difficulty-weighted spacing principles. Retrieval activity suggestions are specific and actionable (e.g., '5 free-recall questions on treaty terms' rather than 'review Treaty of Versailles').""}]",middle_school
spaced-practice-scheduler__03,spaced-practice-scheduler,Teaching Material Generation,University Cognitive Psychology,University (Undergraduate Year 2),hard,A university lecturer is designing an 8-week module on memory and cognition for second-year psychology students. The module has 3 lectures per week. There are 8 topics with prerequisite dependencies that must be respected. The lecturer has historical data showing which topics students struggle with and wants to optimize the schedule accordingly. A comprehensive exam occurs in week 8.,"I'm designing an 8-week cognitive psychology module for second-year undergraduates. We have 3 lectures per week (24 total). The 8 topics are: Working memory models, Attention models, Long-term memory, Encoding specificity, Retrieval processes, Dual coding theory, Cognitive neuroscience of memory, and Cognitive load theory. There are prerequisite dependencies that must be respected: Working memory models must be taught before Attention models; Attention models must precede Long-term memory; Long-term memory must come before Encoding specificity; Encoding specificity must precede Retrieval processes. Dual coding theory and Cognitive neuroscience of memory can be taught at any point. Cognitive load theory requires Working memory models as a prerequisite but otherwise has flexibility. Based on past exam performance, students consistently struggle with Attention models and Long-term memory, while Dual coding theory and Encoding specificity are better retained. The comprehensive exam is in week 8. Please create a week-by-week schedule that respects the prerequisite order, spaces retrieval at expanding intervals, allocates more review to topics where students historically struggle, and interleaves related concepts. For each lecture, show new content and a 10-15 minute retrieval activity reviewing prior material. Include your spacing rationale, specific retrieval activity suggestions, and detailed teacher guidance.","A complete 8-week schedule covering all 24 lectures with new content and spaced review slots. The schedule must respect all prerequisite dependencies (e.g., Working memory before Attention, Attention before Long-term memory, etc.). Topics with poor historical retention (Attention models, Long-term memory) should receive more review slots. The schedule should demonstrate expanding intervals with no topic going more than 3 weeks without retrieval. Interleaved retrieval should mix related cognitive psychology concepts. A comprehensive rationale explaining spacing decisions with reference to prerequisite constraints, difficulty-weighted spacing, and expanding intervals. Specific retrieval activities appropriate for university-level content. Detailed teacher guidance covering implementation, gap response, and student communication about the spacing approach.","[{""criterion"": ""Prerequisite dependencies respected"", ""points"": 20, ""description"": ""The schedule teaches topics in an order that respects all stated prerequisites: Working memory models before Attention models; Attention models before Long-term memory; Long-term memory before Encoding specificity; Encoding specificity before Retrieval processes; Working memory models before Cognitive load theory.""}, {""criterion"": ""Retention-data-weighted review allocation"", ""points"": 20, ""description"": ""Topics with historically poor student performance (Attention models, Long-term memory) receive more retrieval/review slots across the schedule than topics students retain well (Dual coding theory, Encoding specificity).""}, {""criterion"": ""Expanding intervals with maximum gap constraint"", ""points"": 20, ""description"": ""The schedule demonstrates expanding intervals between retrieval opportunities for each topic, and no topic goes more than 3 weeks without at least one retrieval opportunity.""}, {""criterion"": ""Interleaved retrieval of related concepts"", ""points"": 20, ""description"": ""The schedule includes retrieval activities that interleave questions from multiple related topics within the same session (e.g., mixing working memory and attention questions, or encoding and retrieval questions), forcing discrimination between related concepts.""}, {""criterion"": ""Comprehensive rationale and university-appropriate guidance"", ""points"": 20, ""description"": ""The rationale explains spacing decisions referencing expanding intervals, difficulty-weighted spacing, and prerequisite constraints. Retrieval activities are specific and appropriate for university-level content. Teacher guidance addresses implementation timing, gap remediation strategies, and how to explain spaced practice to university students who may prefer massed study.""}]",graduate
ruler-emotional-literacy-sequence__01,ruler-emotional-literacy-sequence,Teaching Material Generation,Science,Elementary (Grade 4),easy,Students are experiencing frustration and interpersonal conflict during a collaborative group project in Science class.,"I teach Grade 4 Science. During our recent bridge-building project, students got highly frustrated when their designs kept collapsing. They started blaming each other, calling the project 'stupid,' and some just gave up and put their heads on the desk. I need a structured emotional literacy sequence to help them handle this frustration and work together better. We have about 15 minutes at the start of the next lesson. Please design a sequence that includes how I should model the skills, the specific steps for the students, how to build their emotional vocabulary, and how to tie this into our Science curriculum.","A structured emotional-literacy plan appropriate to the stated age and context, including teacher modelling, recognition and understanding of emotions, precise labelling, appropriate expression, regulation strategies, concrete activities, and integration into classroom routines.","[{""criterion"": ""Strategy Selection and Justification"", ""points"": 20, ""description"": ""Selects concrete emotional-awareness, regulation, or conflict-repair strategies appropriate to the situation and clearly explains why they fit.""}, {""criterion"": ""Teacher Modeling"", ""points"": 20, ""description"": ""Award 20 points if the output includes a specific, realistic script or detailed description of the teacher modeling the emotional skill first, demonstrating appropriate vulnerability and using precise emotional vocabulary before asking students to participate.""}, {""criterion"": ""Structured Sequence Steps"", ""points"": 20, ""description"": ""Award 20 points if the output provides a clear, step-by-step sequence covering Recognize, Understand, Label, Express, and Regulate, with specific activities, teacher scripts, and observable indicators of success for each step.""}, {""criterion"": ""Emotional Vocabulary and Regulation Philosophy"", ""points"": 20, ""description"": ""Award 20 points if the output explicitly moves students beyond basic emotion words (e.g., 'mad', 'sad', 'stupid') to nuanced, age-appropriate vocabulary, and frames regulation as managing responses and choosing behaviors rather than suppressing or ignoring the frustration.""}, {""criterion"": ""Academic Integration and Sustainability"", ""points"": 20, ""description"": ""Award 20 points if the output provides concrete examples of how to embed the emotional literacy sequence into the Grade 4 Science curriculum (e.g., during experiments or group work) and outlines practical routines to sustain the emotional literacy practice in future lessons.""}]",elementary
ruler-emotional-literacy-sequence__02,ruler-emotional-literacy-sequence,Teaching Material Generation,Social Studies / History,Middle School (Grade 8),medium,"A heated classroom debate escalated into personal conflicts, leaving the classroom climate tense, divided, and anxious.","I teach Grade 8 Social Studies. Yesterday, we had a class debate on a controversial historical policy. It got out of hand—students started interrupting, raising their voices, and making personal comments. Today, the classroom feels tense; half the class is angry and the other half is withdrawn and afraid to speak. I need a structured emotional literacy plan to repair the classroom climate, help them understand what happened, and give them tools to express themselves respectfully in future discussions. We have a 20-minute homeroom period, and I want to integrate this into our ongoing Social Studies units. Outline the sequence, the specific tools to use, how I should model my own feelings about the incident, and how to sustain this moving forward.","A structured emotional-literacy plan appropriate to the stated age and context, including teacher modelling, recognition and understanding of emotions, precise labelling, appropriate expression, regulation strategies, concrete activities, and integration into classroom routines.","[{""criterion"": ""Strategy Selection and Justification"", ""points"": 20, ""description"": ""Selects concrete emotional-awareness, regulation, or conflict-repair strategies appropriate to the situation and clearly explains why they fit.""}, {""criterion"": ""Teacher Modeling"", ""points"": 20, ""description"": ""Award 20 points if the output includes a specific script or description of the teacher modeling their own emotional experience regarding the previous day's incident, demonstrating vulnerability and showing students how an adult processes conflict and disappointment.""}, {""criterion"": ""Structured Sequence Steps"", ""points"": 20, ""description"": ""Award 20 points if the output provides a clear, step-by-step sequence covering Recognize, Understand, Label, Express, and Regulate, tailored to middle schoolers, with specific activities, teacher scripts, and observable indicators of success for each step.""}, {""criterion"": ""Emotional Vocabulary and Regulation Philosophy"", ""points"": 20, ""description"": ""Award 20 points if the output explicitly guides students to use precise emotional vocabulary to describe their reactions to the debate, and clearly frames regulation as choosing respectful responses and managing impulses rather than suppressing their strong opinions or feelings.""}, {""criterion"": ""Academic Integration and Sustainability"", ""points"": 20, ""description"": ""Award 20 points if the output provides concrete examples of how to embed these emotional literacy practices into ongoing Social Studies units (e.g., analyzing historical figures' conflicts) and outlines sustainable routines for maintaining a respectful classroom climate during future debates.""}]",middle_school
ruler-emotional-literacy-sequence__03,ruler-emotional-literacy-sequence,Teaching Material Generation,English Literature,High School (Grade 12),hard,"High-achieving students are exhibiting emotional suppression, perfectionism, and deflection when engaging with emotionally heavy or tragic literary texts.","I teach Grade 12 Advanced Literature. My students are high achievers but they are bottling up immense stress and perfectionism. When we read emotionally heavy or tragic texts, they give overly clinical, detached analyses because they are uncomfortable with the emotional weight, or they make cynical jokes to deflect. They view showing stress as a weakness. I need a comprehensive emotional literacy sequence to help them recognize and regulate their academic stress without suppressing it, and to help them engage authentically with the emotional themes in our literature. We have a 45-minute block once a week dedicated to seminar prep. Provide a detailed sequence, specify the tools, explain exactly how I should model vulnerability as their teacher, detail the steps to expand their emotional vocabulary beyond 'stressed' or 'fine,' and show how to integrate this directly into our literary analysis routines.","A structured emotional-literacy plan appropriate to the stated age and context, including teacher modelling, recognition and understanding of emotions, precise labelling, appropriate expression, regulation strategies, concrete activities, and integration into classroom routines.","[{""criterion"": ""Strategy Selection and Justification"", ""points"": 20, ""description"": ""Selects concrete emotional-awareness, regulation, or conflict-repair strategies appropriate to the situation and clearly explains why they fit.""}, {""criterion"": ""Teacher Modeling"", ""points"": 20, ""description"": ""Award 20 points if the output includes a highly specific, authentic script for the teacher to model vulnerability regarding academic stress and emotional engagement, explicitly countering the students' belief that showing stress is a weakness.""}, {""criterion"": ""Structured Sequence Steps"", ""points"": 20, ""description"": ""Award 20 points if the output provides a detailed, age-appropriate 5-step sequence (Recognize, Understand, Label, Express, Regulate) that specifically targets the transition from clinical detachment/cynicism to authentic emotional engagement.""}, {""criterion"": ""Emotional Vocabulary and Regulation Philosophy"", ""points"": 20, ""description"": ""Award 20 points if the output elevates emotional vocabulary to a high-school/advanced level (moving far beyond 'stressed' or 'fine' to nuanced terms) and rigorously enforces the principle that regulation means processing and responding to emotions, not suppressing them or using cynicism as a shield.""}, {""criterion"": ""Academic Integration and Sustainability"", ""points"": 20, ""description"": ""Award 20 points if the output provides deep, concrete examples of how to integrate emotional literacy directly into advanced literary analysis (e.g., analyzing character motivations, thematic emotional weight) and outlines sustainable seminar routines that normalize emotional engagement in academic discourse.""}]",high_school
